OFF
5647 11350 0
-6.467827 -4.372043 16
-6.137802 -4.126297 16
-6.159767 -4.135463 16
-5.808781 -3.975813 16
-5.348198 -3.919605 16
-5.43539 -3.90243 16
-5.756302 -3.972134 16
-5.061436 -3.919605 16
-5.336853 -6.99146 16
-5.566238 -6.99146 16
-5.718788 -6.99264 16
-5.882469 -6.955278 16
-6.182354 -6.848601 16
-6.083008 -6.900599 16
-6.45039 -6.676945 16
-6.407478 -6.720903 16
-6.672588 -6.464416 16
-6.84996 -6.115841 16
-6.862301 -6.146648 16
-6.672729 -6.449181 16
-6.965153 -5.786813 16
-6.951977 -5.372959 16
-6.974918 -5.406668 16
-6.944775 -5.750416 16
-6.89101 -5.029199 16
-6.706772 -4.664328 16
-6.718502 -4.67723 16
-6.871162 -5.004183 16
-6.185669 -6.855401 16
-5.884308 -6.963013 16
-8.173027 -6.470439 6.5
-7.924175 -6.415372 6.605081
-7.844913 -6.453022 6.5
-8.299175 -6.438735 6.715366
-8.794914 -6.710115 6.5
-8.648617 -6.559246 6.844593
-8.494675 -6.557484 6.5
-8.794914 -6.908561 5.5
-10.26892 -8.722981 0.25
-10.00152 -8.610122 0.25
-8.15934 -6.790463 5.5
-9.718704 -8.568282 0.25
-8.481274 -6.814549 5.5
-9.439735 -8.600314 0.25
-7.735058 -6.440883 6.559454
-7.844913 -6.837483 5.5
-9.183636 -8.704035 0.25
-7.19973 -6.659727 6.469593
-8.96785 -8.872375 0.25
-10.50268 -8.899169 0.25
-8.948692 -6.768691 6.983955
-10.80892 -9.390008 0.25
-9.178947 -7.052797 7.123954
-10.68686 -9.12668 0.25
-9.323692 -7.392203 7.25505
-10.83819 -9.951117 0.25
-9.323692 -8.142203 7.456012
-10.86053 -9.671208 0.25
-9.178947 -8.501686 7.512183
-10.58265 -10.43215 0.25
-8.948692 -8.817729 7.532993
-10.74341 -10.21066 0.25
-8.648617 -9.068795 7.517025
-10.11076 -10.70421 0.25
-8.299175 -9.237773 7.465366
-10.36686 -10.60049 0.25
-7.924175 -9.313149 7.381537
-9.548973 -10.6944 0.25
-7.549175 -9.289786 7.271252
-9.831795 -10.73624 0.25
-7.19973 -9.169276 7.142025
-9.047817 -10.40535 0.25
-6.899654 -8.959831 7.002663
-9.281574 -10.58154 0.25
-6.669399 -8.675724 6.862664
-8.741577 -9.914515 0.25
-6.524654 -8.336318 6.731568
-8.863636 -10.17784 0.25
-6.475285 -7.964742 6.618309
-8.712307 -9.353406 0.25
-6.524654 -7.586318 6.530606
-8.68996 -9.633315 0.25
-6.669399 -7.226835 6.474435
-6.899654 -6.910792 6.453625
-8.807091 -9.093864 0.25
-9.373062 -7.76378 7.368309
-7.549175 -6.490748 6.521252
-7.046413 -5.94252 15.66534
-7.095783 -5.564096 15.57764
-6.671413 -6.618045 15.74232
-6.901669 -6.302002 15.72151
-6.021893 -7.03809 15.6747
-6.371338 -6.869111 15.72636
-5.646893 -7.113466 15.59087
-4.922451 -6.969592 15.35136
-4.941883 -6.889997 16
-5.271893 -7.090103 15.48058
-4.579174 -6.692586 16
-4.39212 -6.47604 15.07199
-4.272903 -6.412389 16
-4.622375 -6.760147 15.21199
-4.043495 -6.068089 16
-4.198006 -5.765058 14.82764
-3.906246 -5.68264 16
-4.247375 -6.136634 14.9409
-3.8703 -5.281741 16
-4.39212 -5.027152 14.68377
-3.938061 -4.892123 16
-4.247375 -5.386634 14.73994
-4.105007 -4.539762 16
-4.922451 -4.460043 14.67892
-4.360012 -4.248151 16
-4.622375 -4.711109 14.66296
-4.686066 -4.036733 16
-5.646893 -4.215688 14.81441
-5.271893 -4.291065 14.73058
-6.371338 -4.359562 15.05392
-6.021893 -4.239051 14.9247
-6.901669 -4.853114 15.33328
-6.671413 -4.569007 15.19328
-7.046413 -5.19252 15.46438
-7.063717 -6.335591 13.67269
-7.095783 -6.08979 13.61572
-6.820141 -6.77437 13.72269
-6.9697 -6.569088 13.70917
-6.398251 -7.047204 13.67876
-6.625229 -6.937446 13.71232
-5.911098 -7.080988 13.55268
-6.154675 -7.096164 13.62431
-5.489212 -6.86667 13.37822
-5.684124 -7.002712 13.46874
-5.245636 -6.461675 13.20213
-5.339653 -6.682132 13.28729
-5.245636 -5.974523 13.0716
-5.21357 -6.220323 13.12857
-5.489212 -5.535744 13.0216
-5.339653 -5.741025 13.03512
-5.911098 -5.262909 13.06553
-5.684124 -5.372667 13.03197
-6.398251 -5.229125 13.19161
-6.154675 -5.21395 13.11998
-6.820141 -5.443443 13.36607
-6.625229 -5.307401 13.27555
-7.063717 -5.848438 13.54216
-6.9697 -5.627981 13.457
-7.25386 -6.562136 12.76732
-7.276764 -6.560453 12.80685
-7.283958 -6.331445 12.71385
-7.185318 -6.787565 12.84234
-7.237816 -6.797755 13.00866
-7.33947 -6.545292 12.96921
-7.307953 -6.321374 12.75144
-7.025257 -6.973942 12.81425
-7.039848 -6.987233 12.85548
-7.165623 -6.78128 12.80156
-6.850266 -7.14585 12.8454
-6.865368 -7.196034 13.01206
-7.076111 -7.019711 13.02327
-6.629307 -7.230005 12.77302
-6.629498 -7.252607 12.81276
-6.842331 -7.126995 12.80451
-6.392582 -7.300228 12.7598
-6.356594 -7.367643 12.91691
-6.619953 -7.314707 12.97578
-6.1721 -7.261713 12.65469
-6.155666 -7.285467 12.69012
-6.400703 -7.275955 12.72192
-5.934895 -7.209332 12.60848
-5.84782 -7.266601 12.7487
-6.093231 -7.351235 12.83945
-5.776146 -7.060569 12.49095
-5.745316 -7.077009 12.52043
-5.959072 -7.188249 12.57591
-5.599846 -6.897518 12.43199
-5.475368 -6.919982 12.5525
-5.637077 -7.119509 12.65083
-5.547543 -6.68047 12.32569
-5.5084 -6.683089 12.34916
-5.63578 -6.887375 12.40561
-5.477207 -6.448337 12.27761
-5.339043 -6.420661 12.3809
-5.373714 -6.681618 12.46044
-5.547543 -6.223263 12.20318
-5.5084 -6.209258 12.2222
-5.517445 -6.453953 12.25665
-5.599846 -5.982145 12.18671
-5.475368 -5.902432 12.27985
-5.373714 -6.154896 12.3193
-5.776146 -5.811456 12.15625
-5.745316 -5.782477 12.17357
-5.63578 -6.004119 12.16894
-5.934895 -5.62386 12.18365
-5.84782 -5.504154 12.27645
-5.637077 -5.680477 12.26524
-6.1721 -5.555393 12.19748
-6.155666 -5.517104 12.21629
-5.959072 -5.658404 12.16599
-6.392582 -5.469483 12.26925
-6.356594 -5.332544 12.3716
-6.093231 -5.385481 12.31273
-6.629307 -5.523686 12.31581
-6.629498 -5.484243 12.33893
-6.400703 -5.509443 12.24858
-6.850266 -5.560379 12.42057
-6.865368 -5.433587 12.53981
-6.619953 -5.348952 12.44906
-7.025257 -5.72483 12.47955
-7.039848 -5.692701 12.50862
-6.842331 -5.59715 12.39459
-7.185318 -5.872192 12.59706
-7.237816 -5.780206 12.73601
-7.076111 -5.580679 12.63769
-7.25386 -6.104929 12.64481
-7.276764 -6.086621 12.67989
-7.165623 -5.898024 12.56489
-7.374142 -6.279526 12.90762
-7.33947 -6.01857 12.82808
-7.166161 -5.851165 13.45284
-7.064507 -5.612801 13.36077
-7.161919 -5.617244 13.21581
-7.269985 -5.870645 13.31368
-7.200832 -6.112122 13.53238
-6.902798 -5.413274 13.26245
-6.692059 -5.266182 13.16458
-6.765972 -5.248757 13.00724
-6.990009 -5.405129 13.11128
-6.446644 -5.181548 13.07382
-6.183285 -5.16514 12.99637
-6.225101 -5.141341 12.82841
-6.505077 -5.158784 12.91075
-5.919922 -5.218076 12.9375
-5.674507 -5.336749 12.90122
-5.684231 -5.323777 12.72726
-5.945126 -5.197617 12.76583
-5.463768 -5.513072 12.89
-5.302059 -5.735028 12.90462
-5.288284 -5.74718 12.73088
-5.460194 -5.511223 12.71534
-5.200405 -5.987491 12.94406
-5.165733 -6.253256 13.00566
-5.14336 -6.298102 12.83829
-5.180218 -6.015571 12.77281
-5.200405 -6.514213 13.0852
-5.302059 -6.752577 13.17727
-5.288284 -6.828923 13.02073
-5.180218 -6.575521 12.92285
-5.463768 -6.952104 13.27559
-5.674507 -7.099196 13.37346
-5.684231 -7.197409 13.2293
-5.460194 -7.041037 13.12525
-5.919922 -7.18383 13.46422
-6.183285 -7.200238 13.54167
-6.225101 -7.304825 13.40812
-5.945126 -7.287382 13.32578
-6.446644 -7.147302 13.60054
-6.692059 -7.028629 13.63682
-6.765972 -7.122389 13.50927
-6.505077 -7.248549 13.47071
-6.902798 -6.852306 13.64804
-7.064507 -6.630351 13.63342
-7.161919 -6.698986 13.50566
-6.990009 -6.934944 13.5212
-7.166161 -6.377887 13.59397
-7.306843 -6.148064 13.39824
-7.269985 -6.430595 13.46372
-5.233032 -6.384719 12.51503
-5.166309 -6.342928 12.671
-5.269894 -6.662138 12.59959
-5.269894 -6.102188 12.44955
-5.203915 -6.05468 12.60419
-5.203915 -6.625961 12.75727
-5.314167 -6.88449 12.85712
-5.37796 -6.915539 12.69747
-7.359657 -6.517212 13.14046
-7.396515 -6.234681 13.07498
-7.335964 -6.478103 13.30908
-7.251591 -6.785602 13.1824
-7.225712 -6.751924 13.35187
-7.373569 -6.189854 13.24228
-7.335964 -5.906822 13.15601
-7.359657 -5.957262 12.99043
-7.225712 -5.648293 13.05615
-7.251591 -5.70386 12.89255
-7.079681 -7.02156 13.19794
-7.050323 -6.992656 13.36772
-6.855644 -7.209006 13.18602
-6.821754 -7.183895 13.35556
-6.594749 -7.335166 13.14745
-6.55558 -7.312607 13.31621
-6.314774 -7.391442 13.08486
-6.269939 -7.370022 13.25235
-6.034798 -7.373999 13.00252
-5.984299 -7.352226 13.16835
-5.773903 -7.284025 12.90604
-5.718124 -7.260432 13.06992
-5.549866 -7.127654 12.80199
-5.489555 -7.100896 12.96376
-5.37796 -5.833797 12.40762
-5.314167 -5.780859 12.56141
-5.549866 -5.597839 12.39208
-5.489555 -5.540127 12.54556
-5.773903 -5.410393 12.404
-5.718124 -5.348888 12.55772
-6.034798 -5.284234 12.44257
-5.984299 -5.220176 12.59707
-6.314774 -5.227958 12.50516
-6.269939 -5.162761 12.66092
-6.594749 -5.245401 12.5875
-6.55558 -5.180557 12.74493
-6.855644 -5.335374 12.68398
-6.821754 -5.272351 12.84336
-7.079681 -5.491746 12.78802
-7.050323 -5.431887 12.94951
-7.749489 -6.914829 11.62711
-7.597836 -6.689497 11.85544
-7.785378 -6.639722 11.56335
-7.538418 -6.925038 11.90207
-7.283295 -6.729757 12.50417
-7.337349 -6.515478 12.46175
-7.597836 -6.450571 11.79142
-7.476871 -7.405924 11.68307
-7.423313 -7.142394 11.92838
-7.64426 -7.176167 11.66794
-7.259758 -7.327907 11.93272
-7.029789 -7.096258 12.53205
-7.178581 -6.927491 12.52811
-7.004681 -7.711288 11.63391
-7.058025 -7.46992 11.91481
-7.25872 -7.588444 11.67146
-6.830791 -7.559512 11.87578
-6.639545 -7.306955 12.48026
-6.846268 -7.225451 12.51576
-6.459446 -7.749101 11.49279
-6.592339 -7.591051 11.81808
-6.732063 -7.766086 11.57297
-6.357643 -7.562557 11.74534
-6.20911 -7.309725 12.36159
-6.422619 -7.335648 12.42777
-5.987255 -7.509229 11.29753
-6.141453 -7.475819 11.66213
-6.205406 -7.661492 11.39884
-5.957359 -7.336288 11.57368
-5.844959 -7.103883 12.20542
-6.012436 -7.230818 12.28589
-5.714638 -7.055947 11.10045
-5.816921 -7.152732 11.48553
-5.819866 -7.302689 11.19575
-5.728966 -6.936683 11.40324
-5.637184 -6.740351 12.05038
-5.717197 -6.936896 12.12524
-5.714638 -6.510711 10.95435
-5.728966 -6.462598 11.27621
-5.678749 -6.785818 11.01811
-5.816921 -6.23435 11.23945
-5.717197 -6.101418 11.90137
-5.637184 -6.309062 11.93481
-5.69902 -6.701717 11.33198
-5.987255 -6.019616 10.89839
-5.957359 -6.031314 11.22401
-5.819866 -6.249373 10.91352
-6.141453 -5.86625 11.23085
-6.012436 -5.766546 11.89354
-5.844959 -5.91671 11.88732
-6.459446 -5.714252 10.94755
-6.357643 -5.749527 11.25954
-6.205406 -5.837096 10.91
-6.592339 -5.68848 11.30829
-6.422619 -5.604824 11.96399
-6.20911 -5.66036 11.91965
-7.004681 -5.676439 11.08867
-6.830791 -5.686946 11.37403
-6.732063 -5.659454 11.0085
-7.058025 -5.745019 11.45262
-6.846268 -5.65626 12.0953
-6.639545 -5.603428 12.0238
-7.476871 -5.916311 11.28393
-7.259758 -5.859053 11.53914
-7.25872 -5.764048 11.18262
-7.423313 -6.02188 11.62814
-7.178581 -5.908128 12.25497
-7.029789 -5.759999 12.174
-7.749489 -6.369593 11.48101
-7.538418 -6.22327 11.71403
-7.64426 -6.122851 11.38571
-7.337349 -6.29812 12.40351
-7.283295 -6.091339 12.33311
-5.609943 -6.526595 11.98554
-8.380726 -7.548674 9.227885
-8.410652 -7.443629 9.807023
-8.415508 -7.282064 9.166096
-8.290623 -7.741734 9.853603
-8.168262 -7.589358 10.59468
-8.296906 -7.269866 10.54475
-8.451595 -7.129816 9.734294
-8.116528 -8.024599 9.28212
-8.099682 -8.003817 9.87086
-8.278751 -7.801939 9.267459
-7.850842 -8.212016 9.857618
-7.696926 -8.093379 10.59898
-7.963619 -7.870243 10.61317
-7.658924 -8.320531 9.234475
-7.561058 -8.352143 9.81478
-7.905117 -8.201481 9.27087
-7.250084 -8.41465 9.745264
-7.053074 -8.310551 10.47857
-7.386356 -8.24356 10.55307
-7.130531 -8.357176 9.097716
-6.939114 -8.395276 9.653808
-7.39473 -8.373636 9.175416
-6.64933 -8.295341 9.546645
-6.409218 -8.182682 10.2657
-6.719791 -8.289786 10.38055
-6.672928 -8.124713 8.908488
-6.40049 -8.121656 9.431077
-6.884338 -8.272273 9.006673
-6.209549 -7.886057 9.314981
-5.937885 -7.744035 10.01741
-6.142525 -7.996536 10.14184
-6.40873 -7.685432 8.717495
-6.089516 -7.6046 9.206268
-6.510708 -7.924553 8.809855
-6.048576 -7.296466 9.112347
-5.765366 -7.112145 9.800241
-5.809242 -7.442386 9.900901
-6.40873 -7.157038 8.575912
-6.089516 -6.982654 9.039618
-6.373947 -7.423647 8.637701
-6.209549 -6.684548 8.993038
-5.937885 -6.456327 9.672373
-5.809242 -6.775819 9.722295
-6.672928 -6.681112 8.521677
-6.40049 -6.422465 8.97578
-6.510708 -6.903773 8.536338
-6.64933 -6.214266 8.989022
-6.409218 -5.952306 9.668069
-6.142525 -6.175442 9.653877
-7.130531 -6.38518 8.569322
-6.939114 -6.074139 9.031861
-6.884338 -6.50423 8.532927
-7.250084 -6.011632 9.101377
-7.053074 -5.735134 9.788485
-6.719791 -5.802125 9.713982
-7.658924 -6.348536 8.70608
-7.561058 -6.031006 9.192833
-7.39473 -6.332076 8.628382
-7.850842 -6.130941 9.299996
-7.696926 -5.863003 10.00135
-7.386356 -5.755898 9.886501
-8.116528 -6.580998 8.895308
-8.099682 -6.304626 9.415564
-7.905117 -6.433438 8.797124
-8.290623 -6.540225 9.53166
-8.168262 -6.30165 10.24964
-7.963619 -6.049148 10.12521
-8.380726 -7.020279 9.086302
-8.410652 -6.821682 9.640372
-8.278751 -6.781158 8.993941
-8.340782 -6.933539 10.46681
-8.296906 -6.603299 10.36615
-8.016632 -6.441084 11.06078
-7.896599 -6.159627 10.95207
-8.057571 -6.749218 11.1547
-7.705658 -5.924029 10.83597
-7.456818 -5.750344 10.7204
-7.167034 -5.650409 10.61324
-6.856064 -5.631035 10.52179
-6.54509 -5.693541 10.45227
-6.255306 -5.833669 10.40943
-6.006466 -6.041868 10.39619
-5.815525 -6.303951 10.41345
-5.695492 -6.602056 10.46003
-5.654552 -6.915869 10.53276
-5.695492 -7.224003 10.62668
-5.815525 -7.50546 10.73539
-6.006466 -7.741058 10.85149
-6.255306 -7.914743 10.96705
-6.54509 -8.014679 11.07422
-6.856064 -8.034053 11.16567
-7.167034 -7.971546 11.23519
-7.456818 -7.831419 11.27803
-7.705658 -7.623219 11.29127
-7.896599 -7.361136 11.27401
-8.016632 -7.063031 11.22743
-8.899052 -7.987112 7.678532
-8.957947 -7.982524 7.781516
-8.936695 -7.698574 7.611661
-8.839298 -8.277198 7.82756
-8.914444 -8.289757 8.083423
-9.048214 -7.957528 8.03151
-8.998417 -7.672325 7.709624
-8.613125 -8.502181 7.737228
-8.650555 -8.536263 7.844618
-8.788689 -8.261207 7.721361
-8.404575 -8.742066 7.831529
-8.42432 -8.813871 8.087897
-8.701645 -8.58184 8.102655
-8.117886 -8.822453 7.685664
-8.118134 -8.88058 7.789184
-8.384327 -8.693611 7.725052
-7.810738 -8.942367 7.720468
-7.754799 -9.039701 7.962682
-8.101368 -8.970039 8.040155
-7.546032 -8.862111 7.537657
-7.503345 -8.923216 7.630065
-7.831959 -8.879925 7.621747
-7.2169 -8.824431 7.524136
-7.085278 -8.906734 7.741327
-7.40823 -9.018108 7.860757
-7.050793 -8.610529 7.332866
-6.970924 -8.652746 7.409898
-7.279591 -8.770225 7.439126
-6.782181 -8.419859 7.295139
-6.595154 -8.450601 7.483146
-6.807953 -8.713168 7.612531
-6.764866 -8.135118 7.126163
-6.663532 -8.141643 7.187677
-6.875229 -8.393906 7.22612
-6.623062 -7.837056 7.094838
-6.415756 -7.79352 7.257316
-6.461384 -8.136926 7.361989
-6.764866 -7.563264 6.972935
-6.663532 -7.526856 7.022946
-6.727222 -7.851801 7.039807
-6.782181 -7.232183 6.976902
-6.595154 -7.111557 7.12435
-6.461384 -7.443786 7.176262
-7.050793 -7.048194 6.914239
-6.970924 -6.973117 6.959843
-6.875229 -7.289168 6.930107
-7.2169 -6.767315 6.972933
-7.085278 -6.587443 7.119875
-6.807953 -6.819474 7.105117
-7.546032 -6.727922 6.965803
-7.503345 -6.6288 7.015278
-7.279591 -6.856764 6.926415
-7.810738 -6.567014 7.083994
-7.754799 -6.361613 7.24509
-7.40823 -6.431275 7.167617
-8.117886 -6.688264 7.11381
-8.118134 -6.586165 7.174397
-7.831959 -6.67045 7.02972
-8.404575 -6.684949 7.280326
-8.42432 -6.49458 7.466445
-8.101368 -6.383205 7.347015
-8.613125 -6.939846 7.318602
-8.650555 -6.856635 7.394563
-8.384327 -6.78015 7.212342
-8.839298 -7.089521 7.509323
-8.914444 -6.950713 7.724627
-8.701645 -6.688146 7.595242
-8.899052 -7.415257 7.525304
-8.957947 -7.367738 7.616784
-8.788689 -7.156469 7.425347
-9.093842 -7.607794 7.950456
-9.048214 -7.264388 7.845784
-8.580444 -7.003099 8.977633
-8.461796 -6.724883 8.870172
-8.648823 -6.694142 8.682165
-8.782593 -7.007816 8.803323
-8.620914 -7.307686 9.070474
-8.273052 -6.491996 8.755412
-8.027077 -6.320311 8.641175
-8.158699 -6.238008 8.423984
-8.436024 -6.431574 8.55278
-7.740631 -6.221527 8.535246
-7.433239 -6.202375 8.444843
-7.489178 -6.105042 8.202629
-7.835747 -6.126634 8.304554
-7.125843 -6.264162 8.376127
-6.839397 -6.402677 8.333782
-6.819656 -6.330871 8.077414
-7.142605 -6.174704 8.125155
-6.593422 -6.608479 8.320693
-6.404678 -6.867545 8.337751
-6.329533 -6.854985 8.081888
-6.542332 -6.562903 8.062655
-6.28603 -7.162218 8.383795
-6.24556 -7.472418 8.455687
-6.150131 -7.536948 8.214854
-6.195759 -7.187214 8.133801
-6.28603 -7.777005 8.548527
-6.404678 -8.055221 8.655988
-6.329533 -8.194029 8.440684
-6.195759 -7.880354 8.319527
-6.593422 -8.288107 8.770747
-6.839397 -8.459793 8.884985
-6.819656 -8.650163 8.698866
-6.542332 -8.456596 8.570069
-7.125843 -8.558578 8.990914
-7.433239 -8.577729 9.081317
-7.489178 -8.783129 8.92022
-7.142605 -8.761537 8.818295
-7.740631 -8.515942 9.150033
-8.027077 -8.377427 9.192378
-8.158699 -8.5573 9.045436
-7.835747 -8.713467 8.997693
-8.273052 -8.171625 9.205467
-8.461796 -7.91256 9.188409
-8.648823 -8.033185 9.040961
-8.436024 -8.325268 9.060193
-8.580444 -7.617886 9.142365
-8.82822 -7.351222 8.907994
-8.782593 -7.700956 8.989049
-6.25671 -7.738025 7.464428
-6.155888 -7.674046 7.703201
-6.305569 -8.105739 7.57651
-6.305569 -7.363534 7.377637
-6.205845 -7.291127 7.614456
-6.119606 -7.605591 7.958677
-6.205845 -8.050035 7.817805
-6.168461 -7.973305 8.070759
-6.168461 -7.2311 7.871886
-6.311703 -8.309184 8.200492
-6.35231 -8.393474 7.950458
-9.075516 -7.913642 8.293426
-9.124371 -7.539151 8.206634
-9.038132 -7.853616 8.550855
-8.932274 -8.269388 8.349012
-8.891666 -8.217368 8.607693
-8.938408 -7.781209 8.787674
-9.088089 -7.470696 8.46211
-8.987267 -7.406718 8.700882
-8.79517 -8.136955 8.843261
-8.938408 -7.039003 8.5888
-9.038132 -7.094707 8.347506
-8.79517 -6.703125 8.459067
-8.891666 -6.751269 8.214852
-9.075516 -7.171437 8.094552
-8.704411 -8.582147 8.369606
-8.658676 -8.537165 8.62875
-8.567307 -8.449713 8.863854
-8.407455 -8.830603 8.353804
-8.355038 -8.791213 8.612593
-8.270351 -8.698169 8.848052
-8.061642 -8.997825 8.302682
-8.001442 -8.962199 8.56032
-7.924538 -8.865392 8.79693
-7.69054 -9.072418 8.219725
-7.621986 -9.038471 8.475495
-7.553436 -8.939985 8.713973
-7.319439 -9.049298 8.110585
-7.242535 -9.01483 8.3639
-7.182331 -8.916864 8.604834
-6.973625 -8.93004 7.982701
-6.888939 -8.892888 8.233138
-6.836521 -8.797606 8.47695
-6.67667 -8.722771 7.844788
-6.5853 -8.680955 8.09212
-6.539566 -8.590338 8.339037
-6.448807 -8.441618 7.706244
-6.448807 -7.007787 7.32205
-6.35231 -6.927374 7.557618
-6.311703 -6.875354 7.816298
-6.67667 -6.695029 7.301456
-6.5853 -6.607577 7.536561
-6.539566 -6.562596 7.795705
-6.973625 -6.446573 7.317258
-6.888939 -6.353529 7.552719
-6.836521 -6.314139 7.811507
-7.319439 -6.27935 7.36838
-7.242535 -6.182543 7.604991
-7.182331 -6.146917 7.862629
-7.69054 -6.204758 7.451337
-7.621986 -6.106272 7.689815
-7.553436 -6.072324 7.945586
-8.061642 -6.227878 7.560477
-8.001442 -6.129912 7.801411
-7.924538 -6.095445 8.054726
-8.407455 -6.347136 7.688361
-8.355038 -6.251854 7.932173
-8.270351 -6.214703 8.18261
-8.704411 -6.554405 7.826274
-8.658676 -6.463788 8.073191
-8.567307 -6.421971 8.320523
-8.932274 -6.835558 7.964818
-6.947136 -10.49601 0.25
-6.947136 -10.49601 0
-6.844913 -9.719552 0.25
-7.246838 -11.21955 0
-7.723591 -11.84087 0.25
-7.723591 -11.84087 0
-7.246838 -11.21955 0.25
-8.344913 -12.31763 0
-9.068455 -12.61733 0.25
-9.068455 -12.61733 0
-8.344913 -12.31763 0.25
-9.844913 -12.71955 0
-10.62137 -12.61733 0.25
-10.62137 -12.61733 0
-9.844913 -12.71955 0.25
-11.34491 -12.31763 0
-11.96623 -11.84087 0.25
-11.96623 -11.84087 0
-11.34491 -12.31763 0.25
-12.44299 -11.21955 0
-12.74269 -10.49601 0.25
-12.74269 -10.49601 0
-12.44299 -11.21955 0.25
-12.84491 -9.719552 0
-12.74269 -8.943095 0.25
-12.74269 -8.943095 0
-12.84491 -9.719552 0.25
-12.44299 -8.219552 0
-11.96623 -7.598231 0.25
-11.96623 -7.598231 0
-12.44299 -8.219552 0.25
-11.34491 -7.121475 0
-10.62137 -6.821774 0.25
-10.62137 -6.821774 0
-11.34491 -7.121475 0.25
-9.844913 -6.719552 0
-9.068455 -6.821774 0.25
-9.068455 -6.821774 0
-9.844913 -6.719552 0.25
-8.344913 -7.121475 0
-7.723591 -7.598231 0.25
-7.723591 -7.598231 0
-8.344913 -7.121475 0.25
-7.246838 -8.219552 0
-6.947136 -8.943095 0.25
-6.947136 -8.943095 0
-7.246838 -8.219552 0.25
-6.844913 -9.719552 0
5.336853 -6.99146 16
4.941887 -6.889997 16
4.579178 -6.692586 16
4.272903 -6.412389 16
4.043495 -6.068089 16
3.90625 -5.68264 16
3.8703 -5.281741 16
3.938065 -4.892123 16
4.105011 -4.539762 16
4.360008 -4.248151 16
4.686066 -4.036733 16
5.06144 -3.919605 16
-7.844913 6.787045 5.5
-8.15934 6.740025 5.5
-8.481274 6.764111 5.5
-8.794914 6.858122 5.5
-8.794914 6.659676 6.5
5.718788 -6.99264 16
5.566238 -6.99146 16
5.882469 -6.955278 16
5.884308 -6.963013 16
6.185669 -6.855401 16
6.182358 -6.848601 16
6.083008 -6.900599 16
6.407478 -6.720903 16
6.450394 -6.676945 16
6.862305 -6.146648 16
6.672729 -6.449181 16
6.672592 -6.464416 16
6.84996 -6.115841 16
6.974922 -5.406668 16
6.944778 -5.750416 16
6.965157 -5.786813 16
6.951973 -5.372959 16
6.718506 -4.67723 16
6.871162 -5.004183 16
6.891014 -5.029199 16
6.467827 -4.372043 16
6.706772 -4.664328 16
5.348198 -3.919605 16
5.435394 -3.90243 16
5.756302 -3.972134 16
5.808784 -3.975813 16
6.159767 -4.135463 16
6.137802 -4.126297 16
8.15934 -6.790463 5.5
9.439735 -8.600314 0.25
7.844917 -6.837483 5.5
9.718704 -8.568282 0.25
8.794914 -6.908561 5.5
10.00153 -8.610122 0.25
8.48127 -6.814549 5.5
10.26892 -8.722981 0.25
8.494675 -6.557484 6.5
8.648621 -6.559246 6.844593
8.794914 -6.710115 6.5
8.299179 -6.438735 6.715366
7.844917 -6.453022 6.5
7.924179 -6.415372 6.605081
8.173027 -6.470439 6.5
7.549179 -6.490748 6.521252
8.807091 -9.093864 0.25
6.899658 -6.910792 6.453625
8.96785 -8.872375 0.25
6.669403 -7.226835 6.474435
8.689964 -9.633315 0.25
6.524658 -7.586318 6.530606
8.712311 -9.353406 0.25
6.475288 -7.964742 6.618309
8.863632 -10.17784 0.25
6.524658 -8.336318 6.731568
8.741577 -9.914515 0.25
6.669403 -8.675724 6.862664
9.281578 -10.58154 0.25
6.899658 -8.959831 7.002663
9.047821 -10.40535 0.25
7.19973 -9.169276 7.142025
9.831795 -10.73624 0.25
7.549179 -9.289786 7.271252
9.548973 -10.6944 0.25
7.924179 -9.313149 7.381537
10.36686 -10.60049 0.25
8.299179 -9.237773 7.465366
10.11076 -10.70421 0.25
8.648621 -9.068795 7.517025
10.74341 -10.21066 0.25
8.948692 -8.817729 7.532993
10.58265 -10.43215 0.25
9.178947 -8.501686 7.512183
10.86053 -9.671208 0.25
9.323692 -8.142203 7.456012
10.8382 -9.951117 0.25
10.80892 -9.390008 0.25
9.323692 -7.392203 7.25505
9.178947 -7.052797 7.123954
10.50268 -8.899169 0.25
8.948692 -6.768691 6.983955
10.68687 -9.12668 0.25
9.18364 -8.704035 0.25
7.19973 -6.659727 6.469593
9.373062 -7.76378 7.368309
7.046417 -5.19252 15.46438
7.095787 -5.564096 15.57764
6.671417 -4.569007 15.19328
6.901672 -4.853114 15.33328
6.021896 -4.239051 14.9247
6.371338 -4.359562 15.05392
5.271896 -4.291065 14.73058
5.646896 -4.215688 14.81441
4.622375 -4.711109 14.66296
4.922455 -4.460043 14.67892
4.247375 -5.386634 14.73994
4.39212 -5.027152 14.68377
4.247375 -6.136634 14.9409
4.198006 -5.765058 14.82764
4.622375 -6.760147 15.21199
4.39212 -6.47604 15.07199
5.271896 -7.090103 15.48058
4.922455 -6.969592 15.35136
6.021896 -7.03809 15.6747
5.646896 -7.113466 15.59087
6.371338 -6.869111 15.72636
6.671417 -6.618045 15.74232
7.046417 -5.94252 15.66534
6.901672 -6.302002 15.72151
7.063713 -5.848438 13.54216
7.095787 -6.08979 13.61572
6.820137 -5.443443 13.36607
6.969696 -5.627981 13.457
6.398254 -5.229125 13.19161
6.625229 -5.307401 13.27555
5.911102 -5.262909 13.06553
6.154678 -5.21395 13.11998
5.489212 -5.535744 13.0216
5.68412 -5.372667 13.03197
5.245636 -5.974523 13.0716
5.339653 -5.741025 13.03512
5.245636 -6.461675 13.20213
5.21357 -6.220323 13.12857
5.489212 -6.86667 13.37822
5.339653 -6.682132 13.28729
5.911102 -7.080988 13.55268
5.68412 -7.002712 13.46874
6.398254 -7.047204 13.67876
6.154678 -7.096164 13.62431
6.820137 -6.77437 13.72269
6.625229 -6.937446 13.71232
7.063713 -6.335591 13.67269
6.969696 -6.569088 13.70917
7.25386 -6.104929 12.64481
7.276764 -6.086621 12.67989
7.283958 -6.331445 12.71385
7.185318 -5.872192 12.59706
7.237816 -5.780206 12.73601
7.33947 -6.01857 12.82808
7.307953 -6.321374 12.75144
7.025261 -5.72483 12.47955
7.039848 -5.692701 12.50862
7.165627 -5.898024 12.56489
6.850266 -5.560379 12.42057
6.865372 -5.433587 12.53981
7.076111 -5.580679 12.63769
6.629303 -5.523686 12.31581
6.629501 -5.484243 12.33893
6.842331 -5.59715 12.39459
6.392586 -5.469483 12.26925
6.356598 -5.332544 12.3716
6.619957 -5.348952 12.44906
6.172096 -5.555393 12.19748
6.15567 -5.517104 12.21629
6.400703 -5.509443 12.24858
5.934898 -5.62386 12.18365
5.847816 -5.504154 12.27645
6.093231 -5.385481 12.31273
5.776146 -5.811456 12.15625
5.745316 -5.782477 12.17357
5.959076 -5.658404 12.16599
5.599846 -5.982145 12.18671
5.475372 -5.902432 12.27985
5.637077 -5.680477 12.26524
5.547546 -6.223263 12.20318
5.5084 -6.209258 12.2222
5.63578 -6.004119 12.16894
5.477211 -6.448337 12.27761
5.339043 -6.420661 12.3809
5.373718 -6.154896 12.3193
5.547546 -6.68047 12.32569
5.5084 -6.683089 12.34916
5.517448 -6.453953 12.25665
5.599846 -6.897518 12.43199
5.475372 -6.919982 12.5525
5.373718 -6.681618 12.46044
5.776146 -7.060569 12.49095
5.745316 -7.077009 12.52043
5.63578 -6.887375 12.40561
5.934898 -7.209332 12.60848
5.847816 -7.266601 12.7487
5.637077 -7.119509 12.65083
6.172096 -7.261713 12.65469
6.15567 -7.285467 12.69012
5.959076 -7.188249 12.57591
6.392586 -7.300228 12.7598
6.356598 -7.367643 12.91691
6.093231 -7.351235 12.83945
6.629303 -7.230005 12.77302
6.629501 -7.252607 12.81276
6.400703 -7.275955 12.72192
6.850266 -7.14585 12.8454
6.865372 -7.196034 13.01206
6.619957 -7.314707 12.97578
7.025261 -6.973942 12.81425
7.039848 -6.987233 12.85548
6.842331 -7.126995 12.80451
7.185318 -6.787565 12.84234
7.237816 -6.797755 13.00866
7.076111 -7.019711 13.02327
7.25386 -6.562136 12.76732
7.276764 -6.560453 12.80685
7.165627 -6.78128 12.80156
7.374146 -6.279526 12.90762
7.33947 -6.545292 12.96921
7.166161 -6.377887 13.59397
7.064507 -6.630351 13.63342
7.161919 -6.698986 13.50566
7.269989 -6.430595 13.46372
7.200836 -6.112122 13.53238
6.902802 -6.852306 13.64804
6.692062 -7.028629 13.63682
6.765976 -7.122389 13.50927
6.990013 -6.934944 13.5212
6.446648 -7.147302 13.60054
6.183281 -7.200238 13.54167
6.225105 -7.304825 13.40812
6.505081 -7.248549 13.47071
5.919922 -7.18383 13.46422
5.674507 -7.099196 13.37346
5.684235 -7.197409 13.2293
5.945129 -7.287382 13.32578
5.463768 -6.952104 13.27559
5.302063 -6.752577 13.17727
5.288284 -6.828923 13.02073
5.460197 -7.041037 13.12525
5.200409 -6.514213 13.0852
5.165733 -6.253256 13.00566
5.143364 -6.298102 12.83829
5.180222 -6.575521 12.92285
5.200409 -5.987491 12.94406
5.302063 -5.735028 12.90462
5.288284 -5.74718 12.73088
5.180222 -6.015571 12.77281
5.463768 -5.513072 12.89
5.674507 -5.336749 12.90122
5.684235 -5.323777 12.72726
5.460197 -5.511223 12.71534
5.919922 -5.218076 12.9375
6.183281 -5.16514 12.99637
6.225105 -5.141341 12.82841
5.945129 -5.197617 12.76583
6.446648 -5.181548 13.07382
6.692062 -5.266182 13.16458
6.765976 -5.248757 13.00724
6.505081 -5.158784 12.91075
6.902802 -5.413274 13.26245
7.064507 -5.612801 13.36077
7.161919 -5.617244 13.21581
6.990013 -5.405129 13.11128
7.166161 -5.851165 13.45284
7.306847 -6.148064 13.39824
7.269989 -5.870645 13.31368
5.233032 -6.384719 12.51503
5.166306 -6.342928 12.671
5.26989 -6.102188 12.44955
5.26989 -6.662138 12.59959
5.203911 -6.625961 12.75727
5.203911 -6.05468 12.60419
5.314171 -5.780859 12.56141
5.37796 -5.833797 12.40762
7.359657 -5.957262 12.99043
7.396515 -6.234681 13.07498
7.335968 -5.906822 13.15601
7.251595 -5.70386 12.89255
7.225708 -5.648293 13.05615
7.373573 -6.189854 13.24228
7.335968 -6.478103 13.30908
7.359657 -6.517212 13.14046
7.225708 -6.751924 13.35187
7.251595 -6.785602 13.1824
7.079681 -5.491746 12.78802
7.050323 -5.431887 12.94951
6.855644 -5.335374 12.68398
6.821754 -5.272351 12.84336
6.594749 -5.245401 12.5875
6.55558 -5.180557 12.74493
6.314774 -5.227958 12.50516
6.269943 -5.162761 12.66092
6.034798 -5.284234 12.44257
5.984299 -5.220176 12.59707
5.773903 -5.410393 12.404
5.718124 -5.348888 12.55772
5.549866 -5.597839 12.39208
5.489555 -5.540127 12.54556
5.37796 -6.915539 12.69747
5.314171 -6.88449 12.85712
5.549866 -7.127654 12.80199
5.489555 -7.100896 12.96376
5.773903 -7.284025 12.90604
5.718124 -7.260432 13.06992
6.034798 -7.373999 13.00252
5.984299 -7.352226 13.16835
6.314774 -7.391442 13.08486
6.269943 -7.370022 13.25235
6.594749 -7.335166 13.14745
6.55558 -7.312607 13.31621
6.855644 -7.209006 13.18602
6.821754 -7.183895 13.35556
7.079681 -7.02156 13.19794
7.050323 -6.992656 13.36772
7.749489 -6.369593 11.48101
7.597839 -6.450571 11.79142
7.785378 -6.639722 11.56335
7.538422 -6.22327 11.71403
7.283295 -6.091339 12.33311
7.337349 -6.29812 12.40351
7.597839 -6.689497 11.85544
7.476868 -5.916311 11.28393
7.423317 -6.02188 11.62814
7.644264 -6.122851 11.38571
7.259758 -5.859053 11.53914
7.029793 -5.759999 12.174
7.178581 -5.908128 12.25497
7.004684 -5.676439 11.08867
7.058029 -5.745019 11.45262
7.25872 -5.764048 11.18262
6.830795 -5.686946 11.37403
6.639549 -5.603428 12.0238
6.846268 -5.65626 12.0953
6.45945 -5.714252 10.94755
6.592339 -5.68848 11.30829
6.732063 -5.659454 11.0085
6.357643 -5.749527 11.25954
6.209106 -5.66036 11.91965
6.422615 -5.604824 11.96399
5.987259 -6.019616 10.89839
6.141457 -5.86625 11.23085
6.205406 -5.837096 10.91
5.957359 -6.031314 11.22401
5.844963 -5.91671 11.88732
6.012436 -5.766546 11.89354
5.714638 -6.510711 10.95435
5.816925 -6.23435 11.23945
5.81987 -6.249373 10.91352
5.728966 -6.462598 11.27621
5.637184 -6.309062 11.93481
5.717201 -6.101418 11.90137
5.714638 -7.055947 11.10045
5.728966 -6.936683 11.40324
5.678749 -6.785818 11.01811
5.816925 -7.152732 11.48553
5.717201 -6.936896 12.12524
5.637184 -6.740351 12.05038
5.69902 -6.701717 11.33198
5.987259 -7.509229 11.29753
5.957359 -7.336288 11.57368
5.81987 -7.302689 11.19575
6.141457 -7.475819 11.66213
6.012436 -7.230818 12.28589
5.844963 -7.103883 12.20542
6.45945 -7.749101 11.49279
6.357643 -7.562557 11.74534
6.205406 -7.661492 11.39884
6.592339 -7.591051 11.81808
6.422615 -7.335648 12.42777
6.209106 -7.309725 12.36159
7.004684 -7.711288 11.63391
6.830795 -7.559512 11.87578
6.732063 -7.766086 11.57297
7.058029 -7.46992 11.91481
6.846268 -7.225451 12.51576
6.639549 -7.306955 12.48026
7.476868 -7.405924 11.68307
7.259758 -7.327907 11.93272
7.25872 -7.588444 11.67146
7.423317 -7.142394 11.92838
7.178581 -6.927491 12.52811
7.029793 -7.096258 12.53205
7.749489 -6.914829 11.62711
7.538422 -6.925038 11.90207
7.644264 -7.176167 11.66794
7.337349 -6.515478 12.46175
7.283295 -6.729757 12.50417
5.60994 -6.526595 11.98554
8.38073 -7.020279 9.086302
8.410652 -6.821682 9.640372
8.415512 -7.282064 9.166096
8.290627 -6.540225 9.53166
8.168266 -6.30165 10.24964
8.296906 -6.603299 10.36615
8.451599 -7.129816 9.734294
8.116531 -6.580998 8.895308
8.099686 -6.304626 9.415564
8.278755 -6.781158 8.993941
7.850838 -6.130941 9.299996
7.69693 -5.863003 10.00135
7.963623 -6.049148 10.12521
7.658928 -6.348536 8.70608
7.561058 -6.031006 9.192833
7.905121 -6.433438 8.797124
7.250084 -6.011632 9.101377
7.053078 -5.735134 9.788485
7.38636 -5.755898 9.886501
7.130531 -6.38518 8.569322
6.93911 -6.074139 9.031861
7.39473 -6.332076 8.628382
6.64933 -6.214266 8.989022
6.409218 -5.952306 9.668069
6.719795 -5.802125 9.713982
6.672928 -6.681112 8.521677
6.40049 -6.422465 8.97578
6.884338 -6.50423 8.532927
6.209549 -6.684548 8.993038
5.937889 -6.456327 9.672373
6.142525 -6.175442 9.653877
6.40873 -7.157038 8.575912
6.089516 -6.982654 9.039618
6.510712 -6.903773 8.536338
6.048576 -7.296466 9.112347
5.765366 -7.112145 9.800241
5.809242 -6.775819 9.722295
6.40873 -7.685432 8.717495
6.089516 -7.6046 9.206268
6.373947 -7.423647 8.637701
6.209549 -7.886057 9.314981
5.937889 -7.744035 10.01741
5.809242 -7.442386 9.900901
6.672928 -8.124713 8.908488
6.40049 -8.121656 9.431077
6.510712 -7.924553 8.809855
6.64933 -8.295341 9.546645
6.409218 -8.182682 10.2657
6.142525 -7.996536 10.14184
7.130531 -8.357176 9.097716
6.93911 -8.395276 9.653808
6.884338 -8.272273 9.006673
7.250084 -8.41465 9.745264
7.053078 -8.310551 10.47857
6.719795 -8.289786 10.38055
7.658928 -8.320531 9.234475
7.561058 -8.352143 9.81478
7.39473 -8.373636 9.175416
7.850838 -8.212016 9.857618
7.69693 -8.093379 10.59898
7.38636 -8.24356 10.55307
8.116531 -8.024599 9.28212
8.099686 -8.003817 9.87086
7.905121 -8.201481 9.27087
8.290627 -7.741734 9.853603
8.168266 -7.589358 10.59468
7.963623 -7.870243 10.61317
8.38073 -7.548674 9.227885
8.410652 -7.443629 9.807023
8.278755 -7.801939 9.267459
8.340782 -6.933539 10.46681
8.296906 -7.269866 10.54475
8.016632 -7.063031 11.22743
7.896599 -7.361136 11.27401
8.057571 -6.749218 11.1547
7.705658 -7.623219 11.29127
7.456818 -7.831419 11.27803
7.167038 -7.971546 11.23519
6.856064 -8.034053 11.16567
6.54509 -8.014679 11.07422
6.25531 -7.914743 10.96705
6.00647 -7.741058 10.85149
5.815529 -7.50546 10.73539
5.695496 -7.224003 10.62668
5.654556 -6.915869 10.53276
5.695496 -6.602056 10.46003
5.815529 -6.303951 10.41345
6.00647 -6.041868 10.39619
6.25531 -5.833669 10.40943
6.54509 -5.693541 10.45227
6.856064 -5.631035 10.52179
7.167038 -5.650409 10.61324
7.456818 -5.750344 10.7204
7.705658 -5.924029 10.83597
7.896599 -6.159627 10.95207
8.016632 -6.441084 11.06078
8.899055 -7.415257 7.525304
8.957947 -7.367738 7.616784
8.936699 -7.698574 7.611661
8.839294 -7.089521 7.509323
8.914444 -6.950713 7.724627
9.048218 -7.264388 7.845784
8.998413 -7.672325 7.709624
8.613129 -6.939846 7.318602
8.650551 -6.856635 7.394563
8.788689 -7.156469 7.425347
8.404579 -6.684949 7.280326
8.424324 -6.49458 7.466445
8.701645 -6.688146 7.595242
8.117889 -6.688264 7.11381
8.118134 -6.586165 7.174397
8.384331 -6.78015 7.212342
7.810738 -6.567014 7.083994
7.754799 -6.361613 7.24509
8.101372 -6.383205 7.347015
7.546036 -6.727922 6.965803
7.503349 -6.6288 7.015278
7.831963 -6.67045 7.02972
7.216904 -6.767315 6.972933
7.085281 -6.587443 7.119875
7.408234 -6.431275 7.167617
7.050797 -7.048194 6.914239
6.970924 -6.973117 6.959843
7.279594 -6.856764 6.926415
6.782181 -7.232183 6.976902
6.595154 -7.111557 7.12435
6.807953 -6.819474 7.105117
6.76487 -7.563264 6.972935
6.663536 -7.526856 7.022946
6.875229 -7.289168 6.930107
6.623062 -7.837056 7.094838
6.415756 -7.79352 7.257316
6.46138 -7.443786 7.176262
6.76487 -8.135118 7.126163
6.663536 -8.141643 7.187677
6.727226 -7.851801 7.039807
6.782181 -8.419859 7.295139
6.595154 -8.450601 7.483146
6.46138 -8.136926 7.361989
7.050797 -8.610529 7.332866
6.970924 -8.652746 7.409898
6.875229 -8.393906 7.22612
7.216904 -8.824431 7.524136
7.085281 -8.906734 7.741327
6.807953 -8.713168 7.612531
7.546036 -8.862111 7.537657
7.503349 -8.923216 7.630065
7.279594 -8.770225 7.439126
7.810738 -8.942367 7.720468
7.754799 -9.039701 7.962682
7.408234 -9.018108 7.860757
8.117889 -8.822453 7.685664
8.118134 -8.88058 7.789184
7.831963 -8.879925 7.621747
8.404579 -8.742066 7.831529
8.424324 -8.813871 8.087897
8.101372 -8.970039 8.040155
8.613129 -8.502181 7.737228
8.650551 -8.536263 7.844618
8.384331 -8.693611 7.725052
8.839294 -8.277198 7.82756
8.914444 -8.289757 8.083423
8.701645 -8.58184 8.102655
8.899055 -7.987112 7.678532
8.957947 -7.982524 7.781516
8.788689 -8.261207 7.721361
9.093842 -7.607794 7.950456
9.048218 -7.957528 8.03151
8.580444 -7.617886 9.142365
8.4618 -7.91256 9.188409
8.648827 -8.033185 9.040961
8.782593 -7.700956 8.989049
8.620918 -7.307686 9.070474
8.273056 -8.171625 9.205467
8.027077 -8.377427 9.192378
8.158699 -8.5573 9.045436
8.436028 -8.325268 9.060193
7.740631 -8.515942 9.150033
7.433235 -8.577729 9.081317
7.489182 -8.783129 8.92022
7.835747 -8.713467 8.997693
7.125847 -8.558578 8.990914
6.839401 -8.459793 8.884985
6.819656 -8.650163 8.698866
7.142609 -8.761537 8.818295
6.593422 -8.288107 8.770747
6.404678 -8.055221 8.655988
6.329529 -8.194029 8.440684
6.542328 -8.456596 8.570069
6.286034 -7.777005 8.548527
6.24556 -7.472418 8.455687
6.150131 -7.536948 8.214854
6.195763 -7.880354 8.319527
6.286034 -7.162218 8.383795
6.404678 -6.867545 8.337751
6.329529 -6.854985 8.081888
6.195763 -7.187214 8.133801
6.593422 -6.608479 8.320693
6.839401 -6.402677 8.333782
6.819656 -6.330871 8.077414
6.542328 -6.562903 8.062655
7.125847 -6.264162 8.376127
7.433235 -6.202375 8.444843
7.489182 -6.105042 8.202629
7.142609 -6.174704 8.125155
7.740631 -6.221527 8.535246
8.027077 -6.320311 8.641175
8.158699 -6.238008 8.423984
7.835747 -6.126634 8.304554
8.273056 -6.491996 8.755412
8.4618 -6.724883 8.870172
8.648827 -6.694142 8.682165
8.436028 -6.431574 8.55278
8.580444 -7.003099 8.977633
8.828224 -7.351222 8.907994
8.782593 -7.007816 8.803323
6.256714 -7.738025 7.464428
6.155891 -7.674046 7.703201
6.305565 -7.363534 7.377637
6.305565 -8.105739 7.57651
6.205849 -8.050035 7.817805
6.119606 -7.605591 7.958677
6.205849 -7.291127 7.614456
6.168465 -7.2311 7.871886
6.168465 -7.973305 8.070759
6.311707 -6.875354 7.816298
6.35231 -6.927374 7.557618
9.075516 -7.171437 8.094552
9.124374 -7.539151 8.206634
9.038132 -7.094707 8.347506
8.932274 -6.835558 7.964818
8.89167 -6.751269 8.214852
8.938408 -7.039003 8.5888
9.088089 -7.470696 8.46211
8.987267 -7.406718 8.700882
8.795166 -6.703125 8.459067
8.938408 -7.781209 8.787674
9.038132 -7.853616 8.550855
8.795166 -8.136955 8.843261
8.89167 -8.217368 8.607693
9.075516 -7.913642 8.293426
8.704414 -6.554405 7.826274
8.658676 -6.463788 8.073191
8.567307 -6.421971 8.320523
8.407455 -6.347136 7.688361
8.355042 -6.251854 7.932173
8.270355 -6.214703 8.18261
8.061646 -6.227878 7.560477
8.001442 -6.129912 7.801411
7.924538 -6.095445 8.054726
7.690544 -6.204758 7.451337
7.621986 -6.106272 7.689815
7.553436 -6.072324 7.945586
7.319443 -6.27935 7.36838
7.242531 -6.182543 7.604991
7.182335 -6.146917 7.862629
6.973625 -6.446573 7.317258
6.888939 -6.353529 7.552719
6.836525 -6.314139 7.811507
6.676674 -6.695029 7.301456
6.585297 -6.607577 7.536561
6.539566 -6.562596 7.795705
6.448807 -7.007787 7.32205
6.448807 -8.441618 7.706244
6.35231 -8.393474 7.950458
6.311707 -8.309184 8.200492
6.676674 -8.722771 7.844788
6.585297 -8.680955 8.09212
6.539566 -8.590338 8.339037
6.973625 -8.93004 7.982701
6.888939 -8.892888 8.233138
6.836525 -8.797606 8.47695
7.319443 -9.049298 8.110585
7.242531 -9.01483 8.3639
7.182335 -8.916864 8.604834
7.690544 -9.072418 8.219725
7.621986 -9.038471 8.475495
7.553436 -8.939985 8.713973
8.061646 -8.997825 8.302682
8.001442 -8.962199 8.56032
7.924538 -8.865392 8.79693
8.407455 -8.830603 8.353804
8.355042 -8.791213 8.612593
8.270355 -8.698169 8.848052
8.704414 -8.582147 8.369606
8.658676 -8.537165 8.62875
8.567307 -8.449713 8.863854
8.932274 -8.269388 8.349012
12.74269 -10.49601 0.25
12.74269 -10.49601 0
12.84492 -9.719552 0.25
12.44299 -11.21955 0
11.96623 -11.84087 0.25
11.96623 -11.84087 0
12.44299 -11.21955 0.25
11.34492 -12.31763 0
10.62137 -12.61733 0.25
10.62137 -12.61733 0
11.34492 -12.31763 0.25
9.844917 -12.71955 0
9.068459 -12.61733 0.25
9.068459 -12.61733 0
9.844917 -12.71955 0.25
8.344917 -12.31763 0
7.723595 -11.84087 0.25
7.723595 -11.84087 0
8.344917 -12.31763 0.25
7.246834 -11.21955 0
6.947136 -10.49601 0.25
6.947136 -10.49601 0
7.246834 -11.21955 0.25
6.844917 -9.719552 0
6.947136 -8.943095 0.25
6.947136 -8.943095 0
6.844917 -9.719552 0.25
7.246834 -8.219552 0
7.723595 -7.598231 0.25
7.723595 -7.598231 0
7.246834 -8.219552 0.25
8.344917 -7.121475 0
9.068459 -6.821774 0.25
9.068459 -6.821774 0
8.344917 -7.121475 0.25
9.844917 -6.719552 0
10.62137 -6.821774 0.25
10.62137 -6.821774 0
9.844917 -6.719552 0.25
11.34492 -7.121475 0
11.96623 -7.598231 0.25
11.96623 -7.598231 0
11.34492 -7.121475 0.25
12.44299 -8.219552 0
12.74269 -8.943095 0.25
12.74269 -8.943095 0
12.44299 -8.219552 0.25
12.84492 -9.719552 0
-7.844913 0.5121884 6.5
-7.844913 1.462189 6.5
-8.494675 6.507046 6.5
7.844917 0.5121884 6.5
8.794914 6.659676 6.5
7.844917 1.462189 6.5
8.494675 6.507046 6.5
7.844917 6.402583 6.5
8.173027 6.420001 6.5
-7.844913 6.402583 6.5
-8.173027 6.420001 6.5
8.794914 6.858122 5.5
-5.336853 6.941021 16
-5.718788 6.942202 16
-5.566238 6.941021 16
-5.882469 6.904839 16
-5.884308 6.912575 16
-6.185669 6.804963 16
-6.182354 6.798163 16
-6.083008 6.850161 16
-6.407478 6.670464 16
-6.45039 6.626507 16
-6.862301 6.096211 16
-6.672729 6.398743 16
-6.672588 6.413977 16
-6.84996 6.065403 16
-6.974918 5.35623 16
-6.944775 5.699978 16
-6.965153 5.736374 16
-6.951977 5.32252 16
-6.718502 4.626791 16
-6.871162 4.953745 16
-6.89101 4.97876 16
-6.467827 4.321604 16
-6.706772 4.61389 16
-5.061436 3.869166 16
-5.348198 3.869166 16
-5.43539 3.851992 16
-5.756302 3.921696 16
-5.808781 3.925375 16
-6.159767 4.085024 16
-6.137802 4.075858 16
-7.735058 6.390444 6.559454
-9.439735 8.549876 0.25
-9.718704 8.517844 0.25
-10.00152 8.559683 0.25
-10.26892 8.672543 0.25
-8.648617 6.508807 6.844593
-8.299175 6.388297 6.715366
-7.924175 6.364933 6.605081
-8.807091 9.043425 0.25
-6.899654 6.860354 6.453625
-8.96785 8.821936 0.25
-6.669399 7.176398 6.474435
-8.68996 9.582877 0.25
-6.524654 7.53588 6.530606
-8.712307 9.302968 0.25
-6.475285 7.914303 6.618309
-8.863636 10.1274 0.25
-6.524654 8.28588 6.731568
-8.741577 9.864077 0.25
-6.669399 8.625287 6.862664
-9.281574 10.5311 0.25
-6.899654 8.909392 7.002663
-9.047817 10.35491 0.25
-7.19973 9.118838 7.142025
-9.831795 10.6858 0.25
-7.549175 9.239348 7.271252
-9.548973 10.64396 0.25
-7.924175 9.262711 7.381537
-10.36686 10.55005 0.25
-8.299175 9.187335 7.465366
-10.11076 10.65377 0.25
-8.648617 9.018357 7.517025
-10.74341 10.16022 0.25
-8.948692 8.767291 7.532993
-10.58265 10.38171 0.25
-9.178947 8.451247 7.512183
-10.86053 9.62077 0.25
-9.323692 8.091765 7.456012
-10.83819 9.900679 0.25
-10.80892 9.33957 0.25
-9.323692 7.341765 7.25505
-9.178947 7.002358 7.123954
-10.50268 8.848731 0.25
-8.948692 6.718253 6.983955
-10.68686 9.076241 0.25
-9.183636 8.653595 0.25
-7.19973 6.609288 6.469593
-9.373062 7.713341 7.368309
-7.549175 6.44031 6.521252
-7.046413 5.142081 15.46438
-7.095783 5.513657 15.57764
-6.671413 4.518568 15.19328
-6.901669 4.802676 15.33328
-6.021893 4.188612 14.9247
-6.371338 4.309124 15.05392
-5.271893 4.240626 14.73058
-5.646893 4.165249 14.81441
-4.686066 3.986294 16
-4.622375 4.66067 14.66296
-4.360012 4.197712 16
-4.922451 4.409605 14.67892
-4.105007 4.489323 16
-4.247375 5.336195 14.73994
-3.938061 4.841685 16
-4.39212 4.976714 14.68377
-3.8703 5.231303 16
-4.247375 6.086195 14.9409
-3.906246 5.632201 16
-4.198006 5.714619 14.82764
-4.043495 6.017651 16
-4.622375 6.709708 15.21199
-4.272903 6.36195 16
-4.39212 6.425602 15.07199
-4.579174 6.642148 16
-5.271893 7.039664 15.48058
-4.941883 6.839558 16
-4.922451 6.919154 15.35136
-6.021893 6.987652 15.6747
-5.646893 7.063027 15.59087
-6.371338 6.818673 15.72636
-6.671413 6.567606 15.74232
-7.046413 5.892081 15.66534
-6.901669 6.251564 15.72151
-7.063717 5.797999 13.54216
-7.095783 6.039353 13.61572
-6.820141 5.393006 13.36607
-6.9697 5.577542 13.457
-6.398251 5.178687 13.19161
-6.625229 5.256962 13.27555
-5.911098 5.212471 13.06553
-6.154675 5.163512 13.11998
-5.489212 5.485304 13.0216
-5.684124 5.322228 13.03197
-5.245636 5.924084 13.0716
-5.339653 5.690587 13.03512
-5.245636 6.411236 13.20213
-5.21357 6.169884 13.12857
-5.489212 6.816231 13.37822
-5.339653 6.631693 13.28729
-5.911098 7.03055 13.55268
-5.684124 6.952275 13.46874
-6.398251 6.996766 13.67876
-6.154675 7.045725 13.62431
-6.820141 6.723931 13.72269
-6.625229 6.887007 13.71232
-7.063717 6.285153 13.67269
-6.9697 6.518651 13.70917
-7.25386 6.05449 12.64481
-7.276764 6.036183 12.67989
-7.283958 6.281006 12.71385
-7.185318 5.821755 12.59706
-7.237816 5.729767 12.73601
-7.33947 5.968131 12.82808
-7.307953 6.270936 12.75144
-7.025257 5.674391 12.47955
-7.039848 5.642262 12.50862
-7.165623 5.847586 12.56489
-6.850266 5.50994 12.42057
-6.865368 5.383149 12.53981
-7.076111 5.530241 12.63769
-6.629307 5.473248 12.31581
-6.629498 5.433804 12.33893
-6.842331 5.546711 12.39459
-6.392582 5.419045 12.26925
-6.356594 5.282107 12.3716
-6.619953 5.298514 12.44906
-6.1721 5.504956 12.19748
-6.155666 5.466666 12.21629
-6.400703 5.459006 12.24858
-5.934895 5.573422 12.18365
-5.84782 5.453715 12.27645
-6.093231 5.335043 12.31273
-5.776146 5.761017 12.15625
-5.745316 5.732039 12.17357
-5.959072 5.607966 12.16599
-5.599846 5.931708 12.18671
-5.475368 5.851994 12.27985
-5.637077 5.630038 12.26524
-5.547543 6.172825 12.20318
-5.5084 6.15882 12.2222
-5.63578 5.95368 12.16894
-5.477207 6.397898 12.27761
-5.339043 6.370223 12.3809
-5.373714 6.104456 12.3193
-5.547543 6.630032 12.32569
-5.5084 6.632651 12.34916
-5.517445 6.403515 12.25665
-5.599846 6.847079 12.43199
-5.475368 6.869544 12.5525
-5.373714 6.63118 12.46044
-5.776146 7.01013 12.49095
-5.745316 7.026572 12.52043
-5.63578 6.836937 12.40561
-5.934895 7.158894 12.60848
-5.84782 7.216162 12.7487
-5.637077 7.069069 12.65083
-6.1721 7.211274 12.65469
-6.155666 7.23503 12.69012
-5.959072 7.13781 12.57591
-6.392582 7.249789 12.7598
-6.356594 7.317204 12.91691
-6.093231 7.300797 12.83945
-6.629307 7.179568 12.77302
-6.629498 7.202168 12.81276
-6.400703 7.225518 12.72192
-6.850266 7.095412 12.8454
-6.865368 7.145596 13.01206
-6.619953 7.264269 12.97578
-7.025257 6.923504 12.81425
-7.039848 6.936795 12.85548
-6.842331 7.076556 12.80451
-7.185318 6.737126 12.84234
-7.237816 6.747317 13.00866
-7.076111 6.969273 13.02327
-7.25386 6.511698 12.76732
-7.276764 6.510014 12.80685
-7.165623 6.730841 12.80156
-7.374142 6.229088 12.90762
-7.33947 6.494854 12.96921
-7.166161 6.327448 13.59397
-7.064507 6.579913 13.63342
-7.161919 6.648547 13.50566
-7.269985 6.380158 13.46372
-7.200832 6.061684 13.53238
-6.902798 6.801869 13.64804
-6.692059 6.97819 13.63682
-6.765972 7.071951 13.50927
-6.990009 6.884505 13.5212
-6.446644 7.096863 13.60054
-6.183285 7.1498 13.54167
-6.225101 7.254387 13.40812
-6.505077 7.198111 13.47071
-5.919922 7.133393 13.46422
-5.674507 7.048758 13.37346
-5.684231 7.146971 13.2293
-5.945126 7.236943 13.32578
-5.463768 6.901665 13.27559
-5.302059 6.702139 13.17727
-5.288284 6.778485 13.02073
-5.460194 6.990599 13.12525
-5.200405 6.463774 13.0852
-5.165733 6.202818 13.00566
-5.14336 6.247664 12.83829
-5.180218 6.525084 12.92285
-5.200405 5.937052 12.94406
-5.302059 5.68459 12.90462
-5.288284 5.696742 12.73088
-5.180218 5.965132 12.77281
-5.463768 5.462634 12.89
-5.674507 5.286311 12.90122
-5.684231 5.273339 12.72726
-5.460194 5.460783 12.71534
-5.919922 5.167637 12.9375
-6.183285 5.114701 12.99637
-6.225101 5.090903 12.82841
-5.945126 5.147179 12.76583
-6.446644 5.13111 13.07382
-6.692059 5.215743 13.16458
-6.765972 5.198319 13.00724
-6.505077 5.108345 12.91075
-6.902798 5.362835 13.26245
-7.064507 5.562363 13.36077
-7.161919 5.566805 13.21581
-6.990009 5.354691 13.11128
-7.166161 5.800726 13.45284
-7.306843 6.097626 13.39824
-7.269985 5.820206 13.31368
-5.233032 6.33428 12.51503
-5.166309 6.29249 12.671
-5.269894 6.051749 12.44955
-5.269894 6.611701 12.59959
-5.203915 6.575524 12.75727
-5.203915 6.004242 12.60419
-5.314167 5.730422 12.56141
-5.37796 5.78336 12.40762
-7.359657 5.906823 12.99043
-7.396515 6.184243 13.07498
-7.335964 5.856383 13.15601
-7.251591 5.653422 12.89255
-7.225712 5.597855 13.05615
-7.373569 6.139416 13.24228
-7.335964 6.427664 13.30908
-7.359657 6.466774 13.14046
-7.225712 6.701485 13.35187
-7.251591 6.735163 13.1824
-7.079681 5.441308 12.78802
-7.050323 5.381449 12.94951
-6.855644 5.284935 12.68398
-6.821754 5.221913 12.84336
-6.594749 5.194962 12.5875
-6.55558 5.130118 12.74493
-6.314774 5.177519 12.50516
-6.269939 5.112322 12.66092
-6.034798 5.233796 12.44257
-5.984299 5.169737 12.59707
-5.773903 5.359955 12.404
-5.718124 5.298449 12.55772
-5.549866 5.547402 12.39208
-5.489555 5.489689 12.54556
-5.37796 6.865101 12.69747
-5.314167 6.834052 12.85712
-5.549866 7.077216 12.80199
-5.489555 7.050457 12.96376
-5.773903 7.233588 12.90604
-5.718124 7.209994 13.06992
-6.034798 7.323561 13.00252
-5.984299 7.301787 13.16835
-6.314774 7.341004 13.08486
-6.269939 7.319584 13.25235
-6.594749 7.284728 13.14745
-6.55558 7.262169 13.31621
-6.855644 7.158568 13.18602
-6.821754 7.133456 13.35556
-7.079681 6.971121 13.19794
-7.050323 6.942217 13.36772
-7.749489 6.319155 11.48101
-7.597836 6.400132 11.79142
-7.785378 6.589283 11.56335
-7.538418 6.172833 11.71403
-7.283295 6.0409 12.33311
-7.337349 6.247681 12.40351
-7.597836 6.63906 11.85544
-7.476871 5.865872 11.28393
-7.423313 5.971442 11.62814
-7.64426 6.072413 11.38571
-7.259758 5.808613 11.53914
-7.029789 5.709561 12.174
-7.178581 5.857689 12.25497
-7.004681 5.626 11.08867
-7.058025 5.694581 11.45262
-7.25872 5.71361 11.18262
-6.830791 5.636507 11.37403
-6.639545 5.55299 12.0238
-6.846268 5.605822 12.0953
-6.459446 5.663813 10.94755
-6.592339 5.638043 11.30829
-6.732063 5.609017 11.0085
-6.357643 5.699088 11.25954
-6.20911 5.609921 11.91965
-6.422619 5.554387 11.96399
-5.987255 5.969178 10.89839
-6.141453 5.815812 11.23085
-6.205406 5.786658 10.91
-5.957359 5.980875 11.22401
-5.844959 5.866272 11.88732
-6.012436 5.716107 11.89354
-5.714638 6.460272 10.95435
-5.816921 6.183911 11.23945
-5.819866 6.198935 10.91352
-5.728966 6.412159 11.27621
-5.637184 6.258624 11.93481
-5.717197 6.050978 11.90137
-5.714638 7.005509 11.10045
-5.728966 6.886244 11.40324
-5.678749 6.735379 11.01811
-5.816921 7.102293 11.48553
-5.717197 6.886458 12.12524
-5.637184 6.689911 12.05038
-5.69902 6.65128 11.33198
-5.987255 7.45879 11.29753
-5.957359 7.285851 11.57368
-5.819866 7.252251 11.19575
-6.141453 7.425381 11.66213
-6.012436 7.18038 12.28589
-5.844959 7.053444 12.20542
-6.459446 7.698662 11.49279
-6.357643 7.512118 11.74534
-6.205406 7.611054 11.39884
-6.592339 7.540612 11.81808
-6.422619 7.285208 12.42777
-6.20911 7.259287 12.36159
-7.004681 7.660851 11.63391
-6.830791 7.509074 11.87578
-6.732063 7.715647 11.57297
-7.058025 7.419482 11.91481
-6.846268 7.175013 12.51576
-6.639545 7.256518 12.48026
-7.476871 7.355486 11.68307
-7.259758 7.277468 11.93272
-7.25872 7.538006 11.67146
-7.423313 7.091956 11.92838
-7.178581 6.877053 12.52811
-7.029789 7.045819 12.53205
-7.749489 6.864392 11.62711
-7.538418 6.8746 11.90207
-7.64426 7.125729 11.66794
-7.337349 6.465041 12.46175
-7.283295 6.679318 12.50417
-5.609943 6.476157 11.98554
-8.380726 6.969841 9.086302
-8.410652 6.771243 9.640372
-8.415508 7.231625 9.166096
-8.290623 6.489787 9.53166
-8.168262 6.251212 10.24964
-8.296906 6.552861 10.36615
-8.451595 7.079377 9.734294
-8.116528 6.53056 8.895308
-8.099682 6.254187 9.415564
-8.278751 6.730719 8.993941
-7.850842 6.080502 9.299996
-7.696926 5.812563 10.00135
-7.963619 5.998709 10.12521
-7.658924 6.298098 8.70608
-7.561058 5.980568 9.192833
-7.905117 6.383 8.797124
-7.250084 5.961194 9.101377
-7.053074 5.684695 9.788485
-7.386356 5.70546 9.886501
-7.130531 6.334742 8.569322
-6.939114 6.023699 9.031861
-7.39473 6.281638 8.628382
-6.64933 6.163828 8.989022
-6.409218 5.901867 9.668069
-6.719791 5.751687 9.713982
-6.672928 6.630673 8.521677
-6.40049 6.372027 8.97578
-6.884338 6.453791 8.532927
-6.209549 6.63411 8.993038
-5.937885 6.405888 9.672373
-6.142525 6.125004 9.653877
-6.40873 7.106598 8.575912
-6.089516 6.932215 9.039618
-6.510708 6.853335 8.536338
-6.048576 7.246027 9.112347
-5.765366 7.061707 9.800241
-5.809242 6.72538 9.722295
-6.40873 7.634993 8.717495
-6.089516 7.554162 9.206268
-6.373947 7.373209 8.637701
-6.209549 7.835619 9.314981
-5.937885 7.693596 10.01741
-5.809242 7.391947 9.900901
-6.672928 8.074275 8.908488
-6.40049 8.071217 9.431077
-6.510708 7.874115 8.809855
-6.64933 8.244902 9.546645
-6.409218 8.132245 10.2657
-6.142525 7.946099 10.14184
-7.130531 8.306736 9.097716
-6.939114 8.344838 9.653808
-6.884338 8.221835 9.006673
-7.250084 8.364212 9.745264
-7.053074 8.260113 10.47857
-6.719791 8.239348 10.38055
-7.658924 8.270092 9.234475
-7.561058 8.301705 9.81478
-7.39473 8.323197 9.175416
-7.850842 8.161578 9.857618
-7.696926 8.042941 10.59898
-7.386356 8.193121 10.55307
-8.116528 7.974162 9.28212
-8.099682 7.953377 9.87086
-7.905117 8.151043 9.27087
-8.290623 7.691296 9.853603
-8.168262 7.53892 10.59468
-7.963619 7.819804 10.61317
-8.380726 7.498236 9.227885
-8.410652 7.393191 9.807023
-8.278751 7.7515 9.267459
-8.340782 6.883101 10.46681
-8.296906 7.219428 10.54475
-8.016632 7.012593 11.22743
-7.896599 7.310698 11.27401
-8.057571 6.698781 11.1547
-7.705658 7.572781 11.29127
-7.456818 7.78098 11.27803
-7.167034 7.921109 11.23519
-6.856064 7.983614 11.16567
-6.54509 7.96424 11.07422
-6.255306 7.864306 10.96705
-6.006466 7.690621 10.85149
-5.815525 7.455021 10.73539
-5.695492 7.173565 10.62668
-5.654552 6.865431 10.53276
-5.695492 6.551617 10.46003
-5.815525 6.253512 10.41345
-6.006466 5.991431 10.39619
-6.255306 5.78323 10.40943
-6.54509 5.643103 10.45227
-6.856064 5.580595 10.52179
-7.167034 5.59997 10.61324
-7.456818 5.699906 10.7204
-7.705658 5.873591 10.83597
-7.896599 6.109189 10.95207
-8.016632 6.390646 11.06078
-8.899052 7.364819 7.525304
-8.957947 7.317299 7.616784
-8.936695 7.648135 7.611661
-8.839298 7.039082 7.509323
-8.914444 6.900275 7.724627
-9.048214 7.21395 7.845784
-8.998417 7.621886 7.709624
-8.613125 6.889409 7.318602
-8.650555 6.806197 7.394563
-8.788689 7.106032 7.425347
-8.404575 6.63451 7.280326
-8.42432 6.444142 7.466445
-8.701645 6.637707 7.595242
-8.117886 6.637825 7.11381
-8.118134 6.535727 7.174397
-8.384327 6.729712 7.212342
-7.810738 6.516575 7.083994
-7.754799 6.311175 7.24509
-8.101368 6.332768 7.347015
-7.546032 6.677485 6.965803
-7.503345 6.578362 7.015278
-7.831959 6.620013 7.02972
-7.2169 6.716877 6.972933
-7.085278 6.537005 7.119875
-7.40823 6.380837 7.167617
-7.050793 6.997756 6.914239
-6.970924 6.922678 6.959843
-7.279591 6.806326 6.926415
-6.782181 7.181744 6.976902
-6.595154 7.06112 7.12435
-6.807953 6.769036 7.105117
-6.764866 7.512825 6.972935
-6.663532 7.476418 7.022946
-6.875229 7.23873 6.930107
-6.623062 7.786618 7.094838
-6.415756 7.743083 7.257316
-6.461384 7.393347 7.176262
-6.764866 8.084679 7.126163
-6.663532 8.091204 7.187677
-6.727222 7.801363 7.039807
-6.782181 8.369421 7.295139
-6.595154 8.400162 7.483146
-6.461384 8.086487 7.361989
-7.050793 8.560091 7.332866
-6.970924 8.602307 7.409898
-6.875229 8.343468 7.22612
-7.2169 8.773993 7.524136
-7.085278 8.856295 7.741327
-6.807953 8.66273 7.612531
-7.546032 8.811673 7.537657
-7.503345 8.872776 7.630065
-7.279591 8.719786 7.439126
-7.810738 8.891928 7.720468
-7.754799 8.989262 7.962682
-7.40823 8.967671 7.860757
-8.117886 8.772015 7.685664
-8.118134 8.830142 7.789184
-7.831959 8.829487 7.621747
-8.404575 8.691628 7.831529
-8.42432 8.763432 8.087897
-8.101368 8.9196 8.040155
-8.613125 8.451743 7.737228
-8.650555 8.485825 7.844618
-8.384327 8.643174 7.725052
-8.839298 8.226759 7.82756
-8.914444 8.239319 8.083423
-8.701645 8.531401 8.102655
-8.899052 7.936673 7.678532
-8.957947 7.932085 7.781516
-8.788689 8.210768 7.721361
-9.093842 7.557356 7.950456
-9.048214 7.90709 8.03151
-8.580444 7.567448 9.142365
-8.461796 7.86212 9.188409
-8.648823 7.982747 9.040961
-8.782593 7.650519 8.989049
-8.620914 7.257248 9.070474
-8.273052 8.121186 9.205467
-8.027077 8.326989 9.192378
-8.158699 8.506861 9.045436
-8.436024 8.27483 9.060193
-7.740631 8.465504 9.150033
-7.433239 8.527291 9.081317
-7.489178 8.732691 8.92022
-7.835747 8.663029 8.997693
-7.125843 8.508139 8.990914
-6.839397 8.409354 8.884985
-6.819656 8.599724 8.698866
-7.142605 8.711098 8.818295
-6.593422 8.237669 8.770747
-6.404678 8.004782 8.655988
-6.329533 8.143591 8.440684
-6.542332 8.406157 8.570069
-6.28603 7.726567 8.548527
-6.24556 7.421978 8.455687
-6.150131 7.48651 8.214854
-6.195759 7.829916 8.319527
-6.28603 7.111779 8.383795
-6.404678 6.817107 8.337751
-6.329533 6.804547 8.081888
-6.195759 7.136776 8.133801
-6.593422 6.558041 8.320693
-6.839397 6.352238 8.333782
-6.819656 6.280432 8.077414
-6.542332 6.512465 8.062655
-7.125843 6.213725 8.376127
-7.433239 6.151936 8.444843
-7.489178 6.054604 8.202629
-7.142605 6.124264 8.125155
-7.740631 6.171088 8.535246
-8.027077 6.269873 8.641175
-8.158699 6.187569 8.423984
-7.835747 6.076195 8.304554
-8.273052 6.441557 8.755412
-8.461796 6.674445 8.870172
-8.648823 6.643704 8.682165
-8.436024 6.381136 8.55278
-8.580444 6.95266 8.977633
-8.82822 7.300784 8.907994
-8.782593 6.957379 8.803323
-6.25671 7.687586 7.464428
-6.155888 7.623608 7.703201
-6.305569 7.313096 7.377637
-6.305569 8.0553 7.57651
-6.205845 7.999598 7.817805
-6.119606 7.555153 7.958677
-6.205845 7.240689 7.614456
-6.168461 7.180663 7.871886
-6.168461 7.922867 8.070759
-6.311703 6.824915 7.816298
-6.35231 6.876936 7.557618
-9.075516 7.120999 8.094552
-9.124371 7.488713 8.206634
-9.038132 7.044268 8.347506
-8.932274 6.78512 7.964818
-8.891666 6.700831 8.214852
-8.938408 6.988566 8.5888
-9.088089 7.420258 8.46211
-8.987267 7.35628 8.700882
-8.79517 6.652686 8.459067
-8.938408 7.730771 8.787674
-9.038132 7.803177 8.550855
-8.79517 8.086516 8.843261
-8.891666 8.16693 8.607693
-9.075516 7.863204 8.293426
-8.704411 6.503966 7.826274
-8.658676 6.41335 8.073191
-8.567307 6.371533 8.320523
-8.407455 6.296698 7.688361
-8.355038 6.201416 7.932173
-8.270351 6.164265 8.18261
-8.061642 6.177439 7.560477
-8.001442 6.079474 7.801411
-7.924538 6.045006 8.054726
-7.69054 6.15432 7.451337
-7.621986 6.055832 7.689815
-7.553436 6.021885 7.945586
-7.319439 6.228913 7.36838
-7.242535 6.132105 7.604991
-7.182331 6.096478 7.862629
-6.973625 6.396134 7.317258
-6.888939 6.303092 7.552719
-6.836521 6.263701 7.811507
-6.67667 6.644591 7.301456
-6.5853 6.557139 7.536561
-6.539566 6.512158 7.795705
-6.448807 6.957348 7.32205
-6.448807 8.391179 7.706244
-6.35231 8.343035 7.950458
-6.311703 8.258746 8.200492
-6.67667 8.672333 7.844788
-6.5853 8.630517 8.09212
-6.539566 8.5399 8.339037
-6.973625 8.879601 7.982701
-6.888939 8.84245 8.233138
-6.836521 8.747168 8.47695
-7.319439 8.99886 8.110585
-7.242535 8.964392 8.3639
-7.182331 8.866425 8.604834
-7.69054 9.021979 8.219725
-7.621986 8.988032 8.475495
-7.553436 8.889546 8.713973
-8.061642 8.947386 8.302682
-8.001442 8.911761 8.56032
-7.924538 8.814953 8.79693
-8.407455 8.780165 8.353804
-8.355038 8.740775 8.612593
-8.270351 8.64773 8.848052
-8.704411 8.531708 8.369606
-8.658676 8.486727 8.62875
-8.567307 8.399275 8.863854
-8.932274 8.218951 8.349012
-6.947136 8.892657 0.25
-6.947136 8.892657 0
-6.844913 9.669114 0.25
-7.246838 8.169114 0
-7.723591 7.547793 0.25
-7.723591 7.547793 0
-7.246838 8.169114 0.25
-8.344913 7.071038 0
-9.068455 6.771336 0.25
-9.068455 6.771336 0
-8.344913 7.071038 0.25
-9.844913 6.669114 0
-10.62137 6.771336 0.25
-10.62137 6.771336 0
-9.844913 6.669114 0.25
-11.34491 7.071038 0
-11.96623 7.547793 0.25
-11.96623 7.547793 0
-11.34491 7.071038 0.25
-12.44299 8.169114 0
-12.74269 8.892657 0.25
-12.74269 8.892657 0
-12.44299 8.169114 0.25
-12.84491 9.669114 0
-12.74269 10.44557 0.25
-12.74269 10.44557 0
-12.84491 9.669114 0.25
-12.44299 11.16911 0
-11.96623 11.79043 0.25
-11.96623 11.79043 0
-12.44299 11.16911 0.25
-11.34491 12.26719 0
-10.62137 12.56689 0.25
-10.62137 12.56689 0
-11.34491 12.26719 0.25
-9.844913 12.66911 0
-9.068455 12.56689 0.25
-9.068455 12.56689 0
-9.844913 12.66911 0.25
-8.344913 12.26719 0
-7.723591 11.79043 0.25
-7.723591 11.79043 0
-8.344913 12.26719 0.25
-7.246838 11.16911 0
-6.947136 10.44557 0.25
-6.947136 10.44557 0
-7.246838 11.16911 0.25
-6.844913 9.669114 0
5.06144 3.869166 16
4.686066 3.986294 16
4.360008 4.197712 16
4.105011 4.489323 16
3.938065 4.841685 16
3.8703 5.231303 16
3.90625 5.632201 16
4.043495 6.017651 16
4.272903 6.36195 16
4.579178 6.642148 16
4.941887 6.839558 16
5.336853 6.941021 16
6.84996 6.065403 16
6.862305 6.096211 16
6.672729 6.398743 16
6.965157 5.736374 16
6.951973 5.32252 16
6.974922 5.35623 16
6.944778 5.699978 16
6.891014 4.97876 16
6.706772 4.61389 16
6.718506 4.626791 16
6.871162 4.953745 16
6.467827 4.321604 16
6.672592 6.413977 16
6.450394 6.626507 16
6.185669 6.804963 16
6.182358 6.798163 16
6.407478 6.670464 16
6.083008 6.850161 16
5.882469 6.904839 16
5.884308 6.912575 16
5.566238 6.941021 16
5.718788 6.942202 16
7.924179 6.364933 6.605081
8.299179 6.388297 6.715366
8.648621 6.508807 6.844593
10.26892 8.672543 0.25
10.00153 8.559683 0.25
8.15934 6.740025 5.5
9.718704 8.517844 0.25
8.48127 6.764111 5.5
9.439735 8.549876 0.25
7.549179 6.44031 6.521252
7.844917 6.787045 5.5
9.18364 8.653595 0.25
7.19973 6.609288 6.469593
8.96785 8.821936 0.25
10.50268 8.848731 0.25
8.948692 6.718253 6.983955
10.80892 9.33957 0.25
9.178947 7.002358 7.123954
10.68687 9.076241 0.25
9.323692 7.341765 7.25505
10.8382 9.900679 0.25
9.323692 8.091765 7.456012
10.86053 9.62077 0.25
9.178947 8.451247 7.512183
10.58265 10.38171 0.25
8.948692 8.767291 7.532993
10.74341 10.16022 0.25
8.648621 9.018357 7.517025
10.11076 10.65377 0.25
8.299179 9.187335 7.465366
10.36686 10.55005 0.25
7.924179 9.262711 7.381537
9.548973 10.64396 0.25
7.549179 9.239348 7.271252
9.831795 10.6858 0.25
7.19973 9.118838 7.142025
9.047821 10.35491 0.25
6.899658 8.909392 7.002663
9.281578 10.5311 0.25
6.669403 8.625287 6.862664
8.741577 9.864077 0.25
6.524658 8.28588 6.731568
8.863632 10.1274 0.25
6.475288 7.914303 6.618309
8.712311 9.302968 0.25
6.524658 7.53588 6.530606
8.689964 9.582877 0.25
6.669403 7.176398 6.474435
6.899658 6.860354 6.453625
8.807091 9.043425 0.25
9.373062 7.713341 7.368309
5.435394 3.851992 16
5.348198 3.869166 16
5.756302 3.921696 16
6.159767 4.085024 16
6.137802 4.075858 16
5.808784 3.925375 16
7.046417 5.892081 15.66534
7.095787 5.513657 15.57764
6.671417 6.567606 15.74232
6.901672 6.251564 15.72151
6.021896 6.987652 15.6747
6.371338 6.818673 15.72636
5.646896 7.063027 15.59087
4.922455 6.919154 15.35136
5.271896 7.039664 15.48058
4.39212 6.425602 15.07199
4.622375 6.709708 15.21199
4.198006 5.714619 14.82764
4.247375 6.086195 14.9409
4.39212 4.976714 14.68377
4.247375 5.336195 14.73994
4.922455 4.409605 14.67892
4.622375 4.66067 14.66296
5.646896 4.165249 14.81441
5.271896 4.240626 14.73058
6.371338 4.309124 15.05392
6.021896 4.188612 14.9247
6.901672 4.802676 15.33328
6.671417 4.518568 15.19328
7.046417 5.142081 15.46438
7.063713 6.285153 13.67269
7.095787 6.039353 13.61572
6.820137 6.723931 13.72269
6.969696 6.518651 13.70917
6.398254 6.996766 13.67876
6.625229 6.887007 13.71232
5.911102 7.03055 13.55268
6.154678 7.045725 13.62431
5.489212 6.816231 13.37822
5.68412 6.952275 13.46874
5.245636 6.411236 13.20213
5.339653 6.631693 13.28729
5.245636 5.924084 13.0716
5.21357 6.169884 13.12857
5.489212 5.485304 13.0216
5.339653 5.690587 13.03512
5.911102 5.212471 13.06553
5.68412 5.322228 13.03197
6.398254 5.178687 13.19161
6.154678 5.163512 13.11998
6.820137 5.393006 13.36607
6.625229 5.256962 13.27555
7.063713 5.797999 13.54216
6.969696 5.577542 13.457
7.25386 6.511698 12.76732
7.276764 6.510014 12.80685
7.283958 6.281006 12.71385
7.185318 6.737126 12.84234
7.237816 6.747317 13.00866
7.33947 6.494854 12.96921
7.307953 6.270936 12.75144
7.025261 6.923504 12.81425
7.039848 6.936795 12.85548
7.165627 6.730841 12.80156
6.850266 7.095412 12.8454
6.865372 7.145596 13.01206
7.076111 6.969273 13.02327
6.629303 7.179568 12.77302
6.629501 7.202168 12.81276
6.842331 7.076556 12.80451
6.392586 7.249789 12.7598
6.356598 7.317204 12.91691
6.619957 7.264269 12.97578
6.172096 7.211274 12.65469
6.15567 7.23503 12.69012
6.400703 7.225518 12.72192
5.934898 7.158894 12.60848
5.847816 7.216162 12.7487
6.093231 7.300797 12.83945
5.776146 7.01013 12.49095
5.745316 7.026572 12.52043
5.959076 7.13781 12.57591
5.599846 6.847079 12.43199
5.475372 6.869544 12.5525
5.637077 7.069069 12.65083
5.547546 6.630032 12.32569
5.5084 6.632651 12.34916
5.63578 6.836937 12.40561
5.477211 6.397898 12.27761
5.339043 6.370223 12.3809
5.373718 6.63118 12.46044
5.547546 6.172825 12.20318
5.5084 6.15882 12.2222
5.517448 6.403515 12.25665
5.599846 5.931708 12.18671
5.475372 5.851994 12.27985
5.373718 6.104456 12.3193
5.776146 5.761017 12.15625
5.745316 5.732039 12.17357
5.63578 5.95368 12.16894
5.934898 5.573422 12.18365
5.847816 5.453715 12.27645
5.637077 5.630038 12.26524
6.172096 5.504956 12.19748
6.15567 5.466666 12.21629
5.959076 5.607966 12.16599
6.392586 5.419045 12.26925
6.356598 5.282107 12.3716
6.093231 5.335043 12.31273
6.629303 5.473248 12.31581
6.629501 5.433804 12.33893
6.400703 5.459006 12.24858
6.850266 5.50994 12.42057
6.865372 5.383149 12.53981
6.619957 5.298514 12.44906
7.025261 5.674391 12.47955
7.039848 5.642262 12.50862
6.842331 5.546711 12.39459
7.185318 5.821755 12.59706
7.237816 5.729767 12.73601
7.076111 5.530241 12.63769
7.25386 6.05449 12.64481
7.276764 6.036183 12.67989
7.165627 5.847586 12.56489
7.374146 6.229088 12.90762
7.33947 5.968131 12.82808
7.166161 5.800726 13.45284
7.064507 5.562363 13.36077
7.161919 5.566805 13.21581
7.269989 5.820206 13.31368
7.200836 6.061684 13.53238
6.902802 5.362835 13.26245
6.692062 5.215743 13.16458
6.765976 5.198319 13.00724
6.990013 5.354691 13.11128
6.446648 5.13111 13.07382
6.183281 5.114701 12.99637
6.225105 5.090903 12.82841
6.505081 5.108345 12.91075
5.919922 5.167637 12.9375
5.674507 5.286311 12.90122
5.684235 5.273339 12.72726
5.945129 5.147179 12.76583
5.463768 5.462634 12.89
5.302063 5.68459 12.90462
5.288284 5.696742 12.73088
5.460197 5.460783 12.71534
5.200409 5.937052 12.94406
5.165733 6.202818 13.00566
5.143364 6.247664 12.83829
5.180222 5.965132 12.77281
5.200409 6.463774 13.0852
5.302063 6.702139 13.17727
5.288284 6.778485 13.02073
5.180222 6.525084 12.92285
5.463768 6.901665 13.27559
5.674507 7.048758 13.37346
5.684235 7.146971 13.2293
5.460197 6.990599 13.12525
5.919922 7.133393 13.46422
6.183281 7.1498 13.54167
6.225105 7.254387 13.40812
5.945129 7.236943 13.32578
6.446648 7.096863 13.60054
6.692062 6.97819 13.63682
6.765976 7.071951 13.50927
6.505081 7.198111 13.47071
6.902802 6.801869 13.64804
7.064507 6.579913 13.63342
7.161919 6.648547 13.50566
6.990013 6.884505 13.5212
7.166161 6.327448 13.59397
7.306847 6.097626 13.39824
7.269989 6.380158 13.46372
5.233032 6.33428 12.51503
5.166306 6.29249 12.671
5.26989 6.611701 12.59959
5.26989 6.051749 12.44955
5.203911 6.004242 12.60419
5.203911 6.575524 12.75727
5.314171 6.834052 12.85712
5.37796 6.865101 12.69747
7.359657 6.466774 13.14046
7.396515 6.184243 13.07498
7.335968 6.427664 13.30908
7.251595 6.735163 13.1824
7.225708 6.701485 13.35187
7.373573 6.139416 13.24228
7.335968 5.856383 13.15601
7.359657 5.906823 12.99043
7.225708 5.597855 13.05615
7.251595 5.653422 12.89255
7.079681 6.971121 13.19794
7.050323 6.942217 13.36772
6.855644 7.158568 13.18602
6.821754 7.133456 13.35556
6.594749 7.284728 13.14745
6.55558 7.262169 13.31621
6.314774 7.341004 13.08486
6.269943 7.319584 13.25235
6.034798 7.323561 13.00252
5.984299 7.301787 13.16835
5.773903 7.233588 12.90604
5.718124 7.209994 13.06992
5.549866 7.077216 12.80199
5.489555 7.050457 12.96376
5.37796 5.78336 12.40762
5.314171 5.730422 12.56141
5.549866 5.547402 12.39208
5.489555 5.489689 12.54556
5.773903 5.359955 12.404
5.718124 5.298449 12.55772
6.034798 5.233796 12.44257
5.984299 5.169737 12.59707
6.314774 5.177519 12.50516
6.269943 5.112322 12.66092
6.594749 5.194962 12.5875
6.55558 5.130118 12.74493
6.855644 5.284935 12.68398
6.821754 5.221913 12.84336
7.079681 5.441308 12.78802
7.050323 5.381449 12.94951
7.749489 6.864392 11.62711
7.597839 6.63906 11.85544
7.785378 6.589283 11.56335
7.538422 6.8746 11.90207
7.283295 6.679318 12.50417
7.337349 6.465041 12.46175
7.597839 6.400132 11.79142
7.476868 7.355486 11.68307
7.423317 7.091956 11.92838
7.644264 7.125729 11.66794
7.259758 7.277468 11.93272
7.029793 7.045819 12.53205
7.178581 6.877053 12.52811
7.004684 7.660851 11.63391
7.058029 7.419482 11.91481
7.25872 7.538006 11.67146
6.830795 7.509074 11.87578
6.639549 7.256518 12.48026
6.846268 7.175013 12.51576
6.45945 7.698662 11.49279
6.592339 7.540612 11.81808
6.732063 7.715647 11.57297
6.357643 7.512118 11.74534
6.209106 7.259287 12.36159
6.422615 7.285208 12.42777
5.987259 7.45879 11.29753
6.141457 7.425381 11.66213
6.205406 7.611054 11.39884
5.957359 7.285851 11.57368
5.844963 7.053444 12.20542
6.012436 7.18038 12.28589
5.714638 7.005509 11.10045
5.816925 7.102293 11.48553
5.81987 7.252251 11.19575
5.728966 6.886244 11.40324
5.637184 6.689911 12.05038
5.717201 6.886458 12.12524
5.714638 6.460272 10.95435
5.728966 6.412159 11.27621
5.678749 6.735379 11.01811
5.816925 6.183911 11.23945
5.717201 6.050978 11.90137
5.637184 6.258624 11.93481
5.69902 6.65128 11.33198
5.987259 5.969178 10.89839
5.957359 5.980875 11.22401
5.81987 6.198935 10.91352
6.141457 5.815812 11.23085
6.012436 5.716107 11.89354
5.844963 5.866272 11.88732
6.45945 5.663813 10.94755
6.357643 5.699088 11.25954
6.205406 5.786658 10.91
6.592339 5.638043 11.30829
6.422615 5.554387 11.96399
6.209106 5.609921 11.91965
7.004684 5.626 11.08867
6.830795 5.636507 11.37403
6.732063 5.609017 11.0085
7.058029 5.694581 11.45262
6.846268 5.605822 12.0953
6.639549 5.55299 12.0238
7.476868 5.865872 11.28393
7.259758 5.808613 11.53914
7.25872 5.71361 11.18262
7.423317 5.971442 11.62814
7.178581 5.857689 12.25497
7.029793 5.709561 12.174
7.749489 6.319155 11.48101
7.538422 6.172833 11.71403
7.644264 6.072413 11.38571
7.337349 6.247681 12.40351
7.283295 6.0409 12.33311
5.60994 6.476157 11.98554
8.38073 7.498236 9.227885
8.410652 7.393191 9.807023
8.415512 7.231625 9.166096
8.290627 7.691296 9.853603
8.168266 7.53892 10.59468
8.296906 7.219428 10.54475
8.451599 7.079377 9.734294
8.116531 7.974162 9.28212
8.099686 7.953377 9.87086
8.278755 7.7515 9.267459
7.850838 8.161578 9.857618
7.69693 8.042941 10.59898
7.963623 7.819804 10.61317
7.658928 8.270092 9.234475
7.561058 8.301705 9.81478
7.905121 8.151043 9.27087
7.250084 8.364212 9.745264
7.053078 8.260113 10.47857
7.38636 8.193121 10.55307
7.130531 8.306736 9.097716
6.93911 8.344838 9.653808
7.39473 8.323197 9.175416
6.64933 8.244902 9.546645
6.409218 8.132245 10.2657
6.719795 8.239348 10.38055
6.672928 8.074275 8.908488
6.40049 8.071217 9.431077
6.884338 8.221835 9.006673
6.209549 7.835619 9.314981
5.937889 7.693596 10.01741
6.142525 7.946099 10.14184
6.40873 7.634993 8.717495
6.089516 7.554162 9.206268
6.510712 7.874115 8.809855
6.048576 7.246027 9.112347
5.765366 7.061707 9.800241
5.809242 7.391947 9.900901
6.40873 7.106598 8.575912
6.089516 6.932215 9.039618
6.373947 7.373209 8.637701
6.209549 6.63411 8.993038
5.937889 6.405888 9.672373
5.809242 6.72538 9.722295
6.672928 6.630673 8.521677
6.40049 6.372027 8.97578
6.510712 6.853335 8.536338
6.64933 6.163828 8.989022
6.409218 5.901867 9.668069
6.142525 6.125004 9.653877
7.130531 6.334742 8.569322
6.93911 6.023699 9.031861
6.884338 6.453791 8.532927
7.250084 5.961194 9.101377
7.053078 5.684695 9.788485
6.719795 5.751687 9.713982
7.658928 6.298098 8.70608
7.561058 5.980568 9.192833
7.39473 6.281638 8.628382
7.850838 6.080502 9.299996
7.69693 5.812563 10.00135
7.38636 5.70546 9.886501
8.116531 6.53056 8.895308
8.099686 6.254187 9.415564
7.905121 6.383 8.797124
8.290627 6.489787 9.53166
8.168266 6.251212 10.24964
7.963623 5.998709 10.12521
8.38073 6.969841 9.086302
8.410652 6.771243 9.640372
8.278755 6.730719 8.993941
8.340782 6.883101 10.46681
8.296906 6.552861 10.36615
8.016632 6.390646 11.06078
7.896599 6.109189 10.95207
8.057571 6.698781 11.1547
7.705658 5.873591 10.83597
7.456818 5.699906 10.7204
7.167038 5.59997 10.61324
6.856064 5.580595 10.52179
6.54509 5.643103 10.45227
6.25531 5.78323 10.40943
6.00647 5.991431 10.39619
5.815529 6.253512 10.41345
5.695496 6.551617 10.46003
5.654556 6.865431 10.53276
5.695496 7.173565 10.62668
5.815529 7.455021 10.73539
6.00647 7.690621 10.85149
6.25531 7.864306 10.96705
6.54509 7.96424 11.07422
6.856064 7.983614 11.16567
7.167038 7.921109 11.23519
7.456818 7.78098 11.27803
7.705658 7.572781 11.29127
7.896599 7.310698 11.27401
8.016632 7.012593 11.22743
8.899055 7.936673 7.678532
8.957947 7.932085 7.781516
8.936699 7.648135 7.611661
8.839294 8.226759 7.82756
8.914444 8.239319 8.083423
9.048218 7.90709 8.03151
8.998413 7.621886 7.709624
8.613129 8.451743 7.737228
8.650551 8.485825 7.844618
8.788689 8.210768 7.721361
8.404579 8.691628 7.831529
8.424324 8.763432 8.087897
8.701645 8.531401 8.102655
8.117889 8.772015 7.685664
8.118134 8.830142 7.789184
8.384331 8.643174 7.725052
7.810738 8.891928 7.720468
7.754799 8.989262 7.962682
8.101372 8.9196 8.040155
7.546036 8.811673 7.537657
7.503349 8.872776 7.630065
7.831963 8.829487 7.621747
7.216904 8.773993 7.524136
7.085281 8.856295 7.741327
7.408234 8.967671 7.860757
7.050797 8.560091 7.332866
6.970924 8.602307 7.409898
7.279594 8.719786 7.439126
6.782181 8.369421 7.295139
6.595154 8.400162 7.483146
6.807953 8.66273 7.612531
6.76487 8.084679 7.126163
6.663536 8.091204 7.187677
6.875229 8.343468 7.22612
6.623062 7.786618 7.094838
6.415756 7.743083 7.257316
6.46138 8.086487 7.361989
6.76487 7.512825 6.972935
6.663536 7.476418 7.022946
6.727226 7.801363 7.039807
6.782181 7.181744 6.976902
6.595154 7.06112 7.12435
6.46138 7.393347 7.176262
7.050797 6.997756 6.914239
6.970924 6.922678 6.959843
6.875229 7.23873 6.930107
7.216904 6.716877 6.972933
7.085281 6.537005 7.119875
6.807953 6.769036 7.105117
7.546036 6.677485 6.965803
7.503349 6.578362 7.015278
7.279594 6.806326 6.926415
7.810738 6.516575 7.083994
7.754799 6.311175 7.24509
7.408234 6.380837 7.167617
8.117889 6.637825 7.11381
8.118134 6.535727 7.174397
7.831963 6.620013 7.02972
8.404579 6.63451 7.280326
8.424324 6.444142 7.466445
8.101372 6.332768 7.347015
8.613129 6.889409 7.318602
8.650551 6.806197 7.394563
8.384331 6.729712 7.212342
8.839294 7.039082 7.509323
8.914444 6.900275 7.724627
8.701645 6.637707 7.595242
8.899055 7.364819 7.525304
8.957947 7.317299 7.616784
8.788689 7.106032 7.425347
9.093842 7.557356 7.950456
9.048218 7.21395 7.845784
8.580444 6.95266 8.977633
8.4618 6.674445 8.870172
8.648827 6.643704 8.682165
8.782593 6.957379 8.803323
8.620918 7.257248 9.070474
8.273056 6.441557 8.755412
8.027077 6.269873 8.641175
8.158699 6.187569 8.423984
8.436028 6.381136 8.55278
7.740631 6.171088 8.535246
7.433235 6.151936 8.444843
7.489182 6.054604 8.202629
7.835747 6.076195 8.304554
7.125847 6.213725 8.376127
6.839401 6.352238 8.333782
6.819656 6.280432 8.077414
7.142609 6.124264 8.125155
6.593422 6.558041 8.320693
6.404678 6.817107 8.337751
6.329529 6.804547 8.081888
6.542328 6.512465 8.062655
6.286034 7.111779 8.383795
6.24556 7.421978 8.455687
6.150131 7.48651 8.214854
6.195763 7.136776 8.133801
6.286034 7.726567 8.548527
6.404678 8.004782 8.655988
6.329529 8.143591 8.440684
6.195763 7.829916 8.319527
6.593422 8.237669 8.770747
6.839401 8.409354 8.884985
6.819656 8.599724 8.698866
6.542328 8.406157 8.570069
7.125847 8.508139 8.990914
7.433235 8.527291 9.081317
7.489182 8.732691 8.92022
7.142609 8.711098 8.818295
7.740631 8.465504 9.150033
8.027077 8.326989 9.192378
8.158699 8.506861 9.045436
7.835747 8.663029 8.997693
8.273056 8.121186 9.205467
8.4618 7.86212 9.188409
8.648827 7.982747 9.040961
8.436028 8.27483 9.060193
8.580444 7.567448 9.142365
8.828224 7.300784 8.907994
8.782593 7.650519 8.989049
6.256714 7.687586 7.464428
6.155891 7.623608 7.703201
6.305565 8.0553 7.57651
6.305565 7.313096 7.377637
6.205849 7.240689 7.614456
6.119606 7.555153 7.958677
6.205849 7.999598 7.817805
6.168465 7.922867 8.070759
6.168465 7.180663 7.871886
6.311707 8.258746 8.200492
6.35231 8.343035 7.950458
9.075516 7.863204 8.293426
9.124374 7.488713 8.206634
9.038132 7.803177 8.550855
8.932274 8.218951 8.349012
8.89167 8.16693 8.607693
8.938408 7.730771 8.787674
9.088089 7.420258 8.46211
8.987267 7.35628 8.700882
8.795166 8.086516 8.843261
8.938408 6.988566 8.5888
9.038132 7.044268 8.347506
8.795166 6.652686 8.459067
8.89167 6.700831 8.214852
9.075516 7.120999 8.094552
8.704414 8.531708 8.369606
8.658676 8.486727 8.62875
8.567307 8.399275 8.863854
8.407455 8.780165 8.353804
8.355042 8.740775 8.612593
8.270355 8.64773 8.848052
8.061646 8.947386 8.302682
8.001442 8.911761 8.56032
7.924538 8.814953 8.79693
7.690544 9.021979 8.219725
7.621986 8.988032 8.475495
7.553436 8.889546 8.713973
7.319443 8.99886 8.110585
7.242531 8.964392 8.3639
7.182335 8.866425 8.604834
6.973625 8.879601 7.982701
6.888939 8.84245 8.233138
6.836525 8.747168 8.47695
6.676674 8.672333 7.844788
6.585297 8.630517 8.09212
6.539566 8.5399 8.339037
6.448807 8.391179 7.706244
6.448807 6.957348 7.32205
6.35231 6.876936 7.557618
6.311707 6.824915 7.816298
6.676674 6.644591 7.301456
6.585297 6.557139 7.536561
6.539566 6.512158 7.795705
6.973625 6.396134 7.317258
6.888939 6.303092 7.552719
6.836525 6.263701 7.811507
7.319443 6.228913 7.36838
7.242531 6.132105 7.604991
7.182335 6.096478 7.862629
7.690544 6.15432 7.451337
7.621986 6.055832 7.689815
7.553436 6.021885 7.945586
8.061646 6.177439 7.560477
8.001442 6.079474 7.801411
7.924538 6.045006 8.054726
8.407455 6.296698 7.688361
8.355042 6.201416 7.932173
8.270355 6.164265 8.18261
8.704414 6.503966 7.826274
8.658676 6.41335 8.073191
8.567307 6.371533 8.320523
8.932274 6.78512 7.964818
12.74269 8.892657 0.25
12.74269 8.892657 0
12.84492 9.669114 0.25
12.44299 8.169114 0
11.96623 7.547793 0.25
11.96623 7.547793 0
12.44299 8.169114 0.25
11.34492 7.071038 0
10.62137 6.771336 0.25
10.62137 6.771336 0
11.34492 7.071038 0.25
9.844917 6.669114 0
9.068459 6.771336 0.25
9.068459 6.771336 0
9.844917 6.669114 0.25
8.344917 7.071038 0
7.723595 7.547793 0.25
7.723595 7.547793 0
8.344917 7.071038 0.25
7.246834 8.169114 0
6.947136 8.892657 0.25
6.947136 8.892657 0
7.246834 8.169114 0.25
6.844917 9.669114 0
6.947136 10.44557 0.25
6.947136 10.44557 0
6.844917 9.669114 0.25
7.246834 11.16911 0
7.723595 11.79043 0.25
7.723595 11.79043 0
7.246834 11.16911 0.25
8.344917 12.26719 0
9.068459 12.56689 0.25
9.068459 12.56689 0
8.344917 12.26719 0.25
9.844917 12.66911 0
10.62137 12.56689 0.25
10.62137 12.56689 0
9.844917 12.66911 0.25
11.34492 12.26719 0
11.96623 11.79043 0.25
11.96623 11.79043 0
11.34492 12.26719 0.25
12.44299 11.16911 0
12.74269 10.44557 0.25
12.74269 10.44557 0
12.44299 11.16911 0.25
12.84492 9.669114 0
-7.844913 0.5121884 6
-7.844913 1.462189 6
7.844917 1.462189 6
7.844917 0.5121884 6
6.672729 6.398743 16.25
6.947716 5.677367 16.25
6.854057 6.054764 16.25
6.855644 4.910866 16.25
6.948257 5.288523 16.25
6.417633 4.275141 16.25
6.67527 4.566388 16.25
5.734207 3.916077 16.25
6.09774 4.054081 16.25
5.348198 3.869166 16.25
-5.348198 3.869166 16.25
-5.734203 3.916077 16.25
-6.417633 4.275141 16.25
-6.097736 4.054081 16.25
-6.855644 4.910866 16.25
-6.675266 4.566388 16.25
-6.94772 5.677367 16.25
-6.948257 5.288523 16.25
-6.672729 6.398743 16.25
-6.854057 6.054764 16.25
5.348198 -3.919605 16.25
-5.348198 -3.919605 16.25
5.734207 -3.966516 16.25
6.417633 -4.325579 16.25
6.09774 -4.104518 16.25
6.855644 -4.961305 16.25
6.67527 -4.616827 16.25
6.947716 -5.727806 16.25
6.948257 -5.338961 16.25
6.672729 -6.449181 16.25
6.854057 -6.105203 16.25
-6.672729 -6.449181 16.25
-6.94772 -5.727806 16.25
-6.854057 -6.105203 16.25
-6.855644 -4.961305 16.25
-6.948257 -5.338961 16.25
-6.417633 -4.325579 16.25
-6.675266 -4.616827 16.25
-5.734203 -3.966516 16.25
-6.097736 -4.104518 16.25
-5.566238 -6.99146 16.5
-6.266239 -6.803895 16.5
-5.928585 -6.943756 16.5
-6.778675 -6.29146 16.5
-6.55619 -6.581409 16.5
-6.833122 -6.187284 16.25
-6.96624 -5.59146 16.5
-6.932556 -5.896717 16.25
-6.918537 -5.953807 16.5
-6.96624 -5.59146 16.25
-6.96624 5.541022 16.5
-6.96624 5.541022 16.25
-6.932556 5.846278 16.25
-6.778675 6.241023 16.5
-6.833122 6.136847 16.25
-6.918537 5.903368 16.5
-6.266239 6.753457 16.5
-6.55619 6.530972 16.5
-5.566238 6.941021 16.5
-5.928585 6.893319 16.5
5.566238 6.941021 16.5
6.266243 6.753457 16.5
5.928589 6.893319 16.5
6.778679 6.241023 16.5
6.55619 6.530972 16.5
6.833122 6.136847 16.25
6.96624 5.541022 16.5
6.932556 5.846278 16.25
6.918541 5.903368 16.5
6.96624 5.541022 16.25
6.96624 -5.59146 16.5
6.96624 -5.59146 16.25
6.932556 -5.896717 16.25
6.778679 -6.29146 16.5
6.833122 -6.187284 16.25
6.918541 -5.953807 16.5
6.266243 -6.803895 16.5
6.55619 -6.581409 16.5
5.566238 -6.99146 16.5
5.928589 -6.943756 16.5
-10.83271 -1.227506 27.75
-10.88608 -1.087817 27.75
-10.57264 2.104828 27.75
-10.66592 1.980492 27.75
-11.08613 -0.8686357 27.75
-10.78801 1.884289 27.75
-10.97234 -0.9656635 27.75
-10.93071 1.822676 27.75
-11.36674 -0.7721257 27.75
-11.08445 1.799788 27.75
-11.22038 -0.8027587 27.75
-11.23891 1.81716 27.75
-11.65928 -0.8218932 27.75
-11.38373 1.873627 27.75
-11.51614 -0.7786384 27.75
-11.50918 1.9654 27.75
-11.8922 -1.005766 27.75
-11.60685 2.086318 27.75
-11.78729 -0.8992038 27.75
-11.9675 -1.134963 27.75
-11.67018 2.228268 27.75
-11.94816 -1.646331 27.75
-12.34562 -6.156388 27.75
-12.00019 -1.504832 27.75
-11.8625 -1.770393 27.75
-12.12618 -5.937027 27.75
-12.0323 -5.886635 27.75
-11.61369 -1.936465 27.75
-11.83192 -5.831988 27.75
-11.74861 -1.869183 27.75
-11.7299 -5.828896 27.75
-11.31563 -1.961768 27.75
-11.52691 -5.876522 27.75
-11.46626 -1.967989 27.75
-11.43721 -5.927211 27.75
-11.04239 -1.840013 27.75
-11.35757 -5.996607 27.75
-11.1713 -1.918192 27.75
-11.29641 -6.077306 27.75
-10.8619 -1.601464 27.75
-11.25096 -6.173043 27.75
-10.93704 -1.732168 27.75
-11.22641 -6.272118 27.75
-11.62544 -5.843591 27.75
-11.93659 -5.852271 27.75
-12.20857 -5.998176 27.75
-12.28329 -6.072566 27.75
-12.39415 -6.247794 27.75
-12.42834 -6.347976 27.75
-3.36322 10.08691 27.75
-3.260387 10.20184 27.75
-2.33905 10.36525 27.75
-3.190247 10.33918 27.75
-3.157429 10.48987 27.75
-3.164104 10.64394 27.75
-2.562122 11.44247 27.75
-1.292641 10.54252 27.75
-3.209835 10.79122 27.75
-3.291595 10.92198 27.75
-3.403984 11.02758 27.75
-3.689419 11.13752 27.75
-3.539577 11.10105 27.75
-1.410496 11.63626 27.75
-0.2454758 11.71704 27.75
-0.376915 11.63639 27.75
-0.4834557 11.5249 27.75
-0.5580597 11.38993 27.75
-0.5957985 11.24041 27.75
-0.5941811 11.08621 27.75
-0.5533142 10.93751 27.75
-0.4758949 10.80414 27.75
-0.2339401 10.61704 27.75
-0.3670425 10.69491 27.75
-10.22209 5.990929 27.75
-10.22769 5.836722 27.75
-10.79293 4.944617 27.75
-10.19377 5.686184 27.75
-10.12259 5.549279 27.75
-10.01883 5.435055 27.75
-9.889378 5.351071 27.75
-9.793552 4.484522 27.75
-11.25702 3.846777 27.75
-9.742786 5.302882 27.75
-9.588753 5.293673 27.75
-9.298927 5.392018 27.75
-9.437462 5.324055 27.75
-10.19987 3.534203 27.75
-10.51423 2.549628 27.75
-10.57259 2.694457 27.75
-10.66634 2.819322 27.75
-10.78914 2.915767 27.75
-10.93267 2.977261 27.75
-11.0872 2.999639 27.75
-11.24228 2.981384 27.75
-11.38739 2.923734 27.75
-11.60976 2.708268 27.75
-11.51271 2.830593 27.75
-7.654564 8.956513 27.75
-7.695595 8.806834 27.75
-8.50732 8.176201 27.75
-7.696861 8.651638 27.75
-7.658279 8.501311 27.75
-7.679558 7.448422 27.75
-8.398834 6.658282 27.75
-9.280941 7.317368 27.75
-7.582428 8.365908 27.75
-7.474384 8.25449 27.75
-7.341377 8.174513 27.75
-7.192307 8.131327 27.75
-6.886276 8.164231 27.75
-7.037148 8.127821 27.75
-9.037174 5.801424 27.75
-9.033627 5.955693 27.75
-9.069542 6.105765 27.75
-9.142548 6.241713 27.75
-9.24781 6.354544 27.75
-9.378368 6.436799 27.75
-9.525589 6.483035 27.75
-9.679733 6.490193 27.75
-9.968224 6.387999 27.75
-9.830605 6.4578 27.75
-6.606117 8.385548 27.75
-6.535774 8.523892 27.75
-5.717495 8.996924 27.75
-6.503269 8.67565 27.75
-6.510777 8.83067 27.75
-6.557793 8.978577 27.75
-6.246162 9.963118 27.75
-5.235603 10.51543 27.75
-4.772724 9.517344 27.75
-6.641174 9.109477 27.75
-6.755341 9.21461 27.75
-6.892654 9.286942 27.75
-7.199039 9.316365 27.75
-7.04393 9.321635 27.75
-4.176701 10.96818 27.75
-4.271629 10.84665 27.75
-4.332447 10.70493 27.75
-4.355129 10.55239 27.75
-4.338181 10.39911 27.75
-4.282719 10.25521 27.75
-4.19241 10.1302 27.75
-4.073219 10.03233 27.75
-3.781082 9.941699 27.75
-3.933025 9.968087 27.75
-2.157742 12.53901 28.75
0 12.71955 28.75
-0.7631187 12.44062 28.5
-2.265743 12.26133 28.5
-4.045258 11.80637 28.5
-4.255482 12.00241 28.75
-1.159405 11.90826 28
0 11.71955 27.75
-2.553688 11.69487 28
-0.9612617 12.17444 28.25
-3.933971 11.05547 27.75
-4.199322 11.22253 28
-5.762794 10.52436 28
-4.122288 11.51445 28.25
-2.409718 11.9781 28.25
-7.21357 9.614644 28
-7.428982 9.139197 27.75
-8.523022 8.510975 28
-7.265217 9.885167 28.25
-5.751743 10.81185 28.25
-9.665264 7.23494 28
-10.61834 5.81197 28
-9.823883 7.437804 28.25
-8.631893 8.752867 28.25
-10.09711 6.190712 27.75
-11.36287 4.269577 28
-11.63752 2.597653 27.75
-11.59199 4.369889 28.25
-10.81753 5.967032 28.25
-11.9487 4.816821 28.75
-11.82111 4.4702 28.5
-12.62703 2.760531 28.75
-11.01672 6.122094 28.5
-9.623295 8.452195 28.75
-9.982502 7.640667 28.5
-10.93808 6.731793 28.75
-8.740768 8.994759 28.5
-6.234879 11.12466 28.75
-7.316868 10.15569 28.5
-8.040894 9.930184 28.75
-5.740696 11.09935 28.5
-12.44358 -6.520319 27.75
-13.45138 -6.564419 28.75
-12.87315 -6.800331 28.25
-13.34656 -6.967976 28.75
-12.40941 -6.61669 27.75
-12.29615 -6.786078 27.75
-12.68464 -7.10015 28.25
-12.35986 -6.706131 27.75
-12.22015 -6.854463 27.75
-12.4118 -7.326265 28.25
-12.85157 -7.630411 28.75
-13.1421 -7.331349 28.75
-12.13402 -6.909547 27.75
-11.94056 -6.973529 27.75
-12.0817 -7.45531 28.25
-12.03997 -6.949613 27.75
-11.83857 -6.980826 27.75
-11.72768 -7.474504 28.25
-12.09391 -7.961761 28.75
-12.49426 -7.845305 28.75
-11.73678 -6.971153 27.75
-11.54489 -6.902564 27.75
-11.38545 -7.381636 28.25
-11.63797 -6.944847 27.75
-11.08963 -7.186086 28.25
-10.90401 -7.678473 28.75
-11.27148 -7.875481 28.75
-11.46003 -6.84552 27.75
-11.324 -6.693802 27.75
-10.87 -6.907782 28.25
-11.38567 -6.775347 27.75
-11.27658 -6.603215 27.75
-11.24467 -6.50608 27.75
-10.25235 -6.643366 28.75
-10.37695 -7.041261 28.75
-10.59908 -7.394106 28.75
-11.67709 -7.972048 28.75
-9.557911 2.254628 28.75
-10.54803 2.420149 27.75
0 9.619551 28.75
-0.7069893 9.835982 28.5
0 10.61955 27.75
-1.843258 9.446164 28.75
-2.149883 9.63173 28.5
-0.9667435 10.06305 28.25
-5.273376 8.095347 28.75
-4.873959 8.615391 28.5
-3.621849 8.932084 28.75
-6.099041 7.825165 28.5
-5.139202 8.752142 28.25
-3.815098 9.385903 28.25
-3.548618 9.222241 28.5
-7.969959 5.581614 28.75
-7.197689 6.866686 28.5
-6.739895 6.965308 28.75
-8.920414 3.992806 28.75
-8.928036 4.528639 28.5
-9.432934 3.43834 28.5
-9.178532 4.589816 28.25
-8.401424 5.836012 28.25
-8.147415 5.760273 28.5
-9.92989 3.539862 28
-9.429024 4.650994 28
-9.681412 3.4891 28.25
-9.170338 5.598181 27.75
-8.655434 5.911751 28
-7.713978 7.052563 28
-6.623363 8.051529 28
-6.747105 8.27604 27.75
-5.404446 8.888894 28
-6.361202 7.938347 28.25
-7.455833 6.959626 28.25
-4.081577 9.549567 28
-3.572887 10.01643 27.75
-2.679798 10.01949 28
-1.226498 10.29011 28
-2.414841 9.825608 28.25
-7.579037 9.087363 27.75
-7.343819 9.273179 27.75
-7.473221 9.195197 27.75
-6.683907 8.293343 27.75
-6.778568 8.218564 27.75
-10.1903 6.10755 27.75
-10.06073 6.310198 27.75
-10.13577 6.215434 27.75
-9.068806 5.680649 27.75
-9.202579 5.471417 27.75
-9.124748 5.569037 27.75
-4.072235 11.05056 27.75
-3.822456 11.13736 27.75
-3.952187 11.10789 27.75
-0.1193542 10.58154 27.75
0 10.56955 27.75
0.1193542 10.58154 27.75
0.2339401 10.61704 27.75
-0.125515 11.75628 27.75
0.2454796 11.71704 27.75
0.125515 11.75628 27.75
0 11.76955 27.75
-12.01543 -1.380153 27.75
-12.00436 -1.255036 27.75
-10.49519 2.397972 27.75
-10.51509 2.246427 27.75
-11.22081 -6.374405 27.75
-11.26171 -6.571943 27.75
-11.30642 -6.665841 27.75
-11.36189 -6.748071 27.75
-11.43189 -6.825103 27.75
-11.50908 -6.888907 27.75
-11.59673 -6.9426 27.75
-11.69083 -6.982919 27.75
-11.78801 -7.008512 27.75
-11.89121 -7.019159 27.75
-11.99028 -7.013288 27.75
-12.18234 -6.949501 27.75
-12.26699 -6.890887 27.75
-12.33691 -6.818055 27.75
-12.40081 -6.711791 27.75
-12.43723 -6.594161 27.75
-12.44598 -6.469221 27.75
-12.44579 -6.520427 27.75
-12.0914 -6.989461 27.75
-11.38492 -6.775999 27.75
-11.32354 -6.694095 27.75
-11.27492 -6.603953 27.75
-11.23334 -6.475981 27.75
11.22641 -6.272118 27.75
10.86189 -1.601464 27.75
11.25096 -6.173048 27.75
11.04239 -1.840013 27.75
11.29641 -6.077315 27.75
10.93703 -1.732168 27.75
11.35759 -5.996585 27.75
11.31563 -1.961768 27.75
11.43734 -5.927125 27.75
11.1713 -1.918192 27.75
11.52669 -5.876627 27.75
11.61369 -1.936465 27.75
11.72961 -5.828896 27.75
11.46626 -1.967989 27.75
11.83231 -5.832022 27.75
11.8625 -1.770393 27.75
12.03234 -5.886658 27.75
11.74861 -1.869183 27.75
12.12629 -5.9371 27.75
12.0002 -1.504832 27.75
12.34563 -6.156396 27.75
11.94817 -1.646331 27.75
12.42834 -6.347976 27.75
12.39415 -6.247799 27.75
12.2833 -6.072578 27.75
12.20859 -5.998189 27.75
11.93675 -5.852316 27.75
11.6259 -5.843479 27.75
11.9675 -1.134963 27.75
11.8922 -1.005766 27.75
11.67018 2.228268 27.75
11.60685 2.086318 27.75
11.65929 -0.8218932 27.75
11.50919 1.9654 27.75
11.78729 -0.8992038 27.75
11.38373 1.873627 27.75
11.36674 -0.7721257 27.75
11.23891 1.81716 27.75
11.51614 -0.7786384 27.75
11.08445 1.799788 27.75
11.08613 -0.8686357 27.75
10.93071 1.822676 27.75
11.22038 -0.8027587 27.75
10.78801 1.884289 27.75
10.88609 -1.087817 27.75
10.66592 1.980492 27.75
10.97234 -0.9656635 27.75
10.83271 -1.227506 27.75
10.57264 2.104828 27.75
7.199043 9.316365 27.75
7.04393 9.321635 27.75
6.246162 9.963118 27.75
6.892654 9.286942 27.75
6.755341 9.21461 27.75
6.641174 9.109477 27.75
6.557793 8.978577 27.75
5.717499 8.996924 27.75
5.235603 10.51543 27.75
6.51078 8.83067 27.75
6.503273 8.67565 27.75
6.606117 8.385548 27.75
6.535774 8.523892 27.75
4.772728 9.517344 27.75
3.781082 9.941699 27.75
3.933022 9.968087 27.75
4.073219 10.03233 27.75
4.192413 10.1302 27.75
4.282722 10.25521 27.75
4.338181 10.39911 27.75
4.355133 10.55239 27.75
4.332443 10.70493 27.75
4.176704 10.96818 27.75
4.271629 10.84665 27.75
9.968224 6.387999 27.75
9.830605 6.4578 27.75
9.280945 7.317368 27.75
9.679733 6.490193 27.75
9.525589 6.483035 27.75
9.378372 6.436799 27.75
9.24781 6.354544 27.75
9.142548 6.241713 27.75
8.398834 6.658282 27.75
8.507324 8.176201 27.75
9.069542 6.105765 27.75
9.037178 5.801424 27.75
9.03363 5.955693 27.75
7.679558 7.448422 27.75
6.886276 8.164231 27.75
7.037148 8.127821 27.75
7.192307 8.131327 27.75
7.341377 8.174513 27.75
7.474388 8.25449 27.75
7.582428 8.365908 27.75
7.658279 8.501311 27.75
7.696861 8.651638 27.75
7.654564 8.956513 27.75
7.695595 8.806834 27.75
9.298927 5.392018 27.75
9.437462 5.324055 27.75
9.793556 4.484522 27.75
9.588753 5.293673 27.75
9.74279 5.302882 27.75
9.889381 5.351071 27.75
10.79293 4.944617 27.75
11.25702 3.846777 27.75
10.19987 3.534203 27.75
10.01883 5.435055 27.75
10.12258 5.549279 27.75
10.19377 5.686184 27.75
10.22209 5.990929 27.75
10.22769 5.836722 27.75
11.60976 2.708268 27.75
11.51271 2.830593 27.75
11.38739 2.923734 27.75
11.24227 2.981384 27.75
11.0872 2.999639 27.75
10.93267 2.977261 27.75
10.78914 2.915767 27.75
10.66634 2.819322 27.75
10.51423 2.549628 27.75
10.57259 2.694457 27.75
0.7631187 12.44062 28.5
2.157745 12.53901 28.75
2.265743 12.26133 28.5
0.9612617 12.17444 28.25
6.234879 11.12466 28.75
5.7407 11.09935 28.5
4.255486 12.00241 28.75
7.316872 10.15569 28.5
5.751747 10.81185 28.25
4.122292 11.51445 28.25
4.045258 11.80637 28.5
9.623299 8.452195 28.75
8.740768 8.994759 28.5
8.040894 9.930184 28.75
9.982506 7.640667 28.5
8.631897 8.752867 28.25
7.265221 9.885167 28.25
11.9487 4.816821 28.75
11.01672 6.122094 28.5
10.93809 6.731793 28.75
11.82111 4.4702 28.5
10.81754 5.967032 28.25
9.823883 7.437804 28.25
12.62703 2.760531 28.75
11.36288 4.269577 28
11.63753 2.597653 27.75
10.61834 5.81197 28
11.592 4.369889 28.25
10.09711 6.190712 27.75
9.665268 7.23494 28
8.523018 8.510975 28
7.428986 9.139199 27.75
7.21357 9.614644 28
5.762794 10.52436 28
4.199318 11.22253 28
3.933975 11.05547 27.75
3.689423 11.13752 27.75
2.553692 11.69487 28
2.562122 11.44247 27.75
1.159405 11.90826 28
1.4105 11.63626 27.75
2.409718 11.9781 28.25
0.3670425 10.69491 27.75
1.292641 10.54252 27.75
0.4758987 10.80414 27.75
0.553318 10.93751 27.75
0.5941849 11.08621 27.75
2.33905 10.36525 27.75
0.5958023 11.24041 27.75
0.5580635 11.38993 27.75
0.4834595 11.5249 27.75
0.3769188 11.63639 27.75
3.539581 11.10105 27.75
3.403984 11.02758 27.75
3.291595 10.92198 27.75
3.209839 10.79122 27.75
3.164108 10.64394 27.75
3.157433 10.48987 27.75
3.190247 10.33918 27.75
3.36322 10.08691 27.75
3.260391 10.20184 27.75
13.45138 -6.564419 28.75
12.44358 -6.520319 27.75
11.24467 -6.50608 27.75
11.27658 -6.603215 27.75
10.25235 -6.643366 28.75
10.87 -6.907782 28.25
10.37695 -7.041261 28.75
11.324 -6.693802 27.75
11.46003 -6.84552 27.75
11.08964 -7.186086 28.25
11.38567 -6.775347 27.75
11.54489 -6.902564 27.75
11.38545 -7.381636 28.25
10.90401 -7.678473 28.75
10.59908 -7.394106 28.75
11.73679 -6.971153 27.75
11.72768 -7.474504 28.25
11.63798 -6.944847 27.75
11.83857 -6.980826 27.75
12.0817 -7.45531 28.25
12.09391 -7.961761 28.75
11.67709 -7.972048 28.75
11.27148 -7.875481 28.75
11.94056 -6.973529 27.75
12.13402 -6.909547 27.75
12.4118 -7.326265 28.25
12.03997 -6.949613 27.75
12.22015 -6.854463 27.75
12.68465 -7.10015 28.25
12.85157 -7.630411 28.75
12.49426 -7.845305 28.75
12.29615 -6.786078 27.75
12.40942 -6.61669 27.75
12.87315 -6.800331 28.25
12.35986 -6.706131 27.75
13.34656 -6.967976 28.75
13.1421 -7.331349 28.75
10.54803 2.420149 27.75
9.557907 2.254628 28.75
1.843258 9.446164 28.75
0.7069893 9.835982 28.5
2.149883 9.63173 28.5
3.548615 9.222241 28.5
3.621849 8.932084 28.75
1.226501 10.29011 28
2.679798 10.01949 28
0.9667473 10.06305 28.25
4.081581 9.549567 28
3.572891 10.01643 27.75
5.404449 8.888894 28
3.815102 9.385903 28.25
2.414841 9.825608 28.25
6.747108 8.276038 27.75
6.623367 8.051529 28
7.713982 7.052563 28
6.361206 7.938347 28.25
5.139206 8.752142 28.25
8.655434 5.911751 28
9.170334 5.598181 27.75
9.429024 4.650994 28
8.401428 5.836012 28.25
7.455833 6.959626 28.25
9.929893 3.539862 28
8.92041 3.992806 28.75
9.432938 3.43834 28.5
8.92804 4.528639 28.5
9.681412 3.4891 28.25
6.739899 6.965308 28.75
7.197693 6.866686 28.5
7.969963 5.581614 28.75
6.099037 7.825165 28.5
8.147415 5.760273 28.5
4.873962 8.615391 28.5
5.273376 8.095347 28.75
9.178528 4.589816 28.25
10.06074 6.310198 27.75
10.1903 6.10755 27.75
10.13577 6.215434 27.75
9.202583 5.471417 27.75
9.06881 5.680649 27.75
9.124748 5.569037 27.75
7.343819 9.273179 27.75
7.579041 9.087363 27.75
7.473221 9.195197 27.75
6.778572 8.218564 27.75
6.683907 8.293343 27.75
12.01543 -1.380153 27.75
12.00436 -1.255036 27.75
11.66228 2.59565 27.75
11.69316 2.350391 27.75
11.69049 2.474628 27.75
12.44598 -6.469221 27.75
12.43723 -6.594161 27.75
12.40081 -6.711791 27.75
12.33691 -6.818055 27.75
12.18234 -6.949501 27.75
12.09141 -6.989461 27.75
11.99028 -7.013288 27.75
11.89121 -7.019159 27.75
11.78801 -7.008512 27.75
11.69083 -6.982919 27.75
11.59673 -6.9426 27.75
11.50908 -6.888907 27.75
11.43189 -6.825103 27.75
11.36189 -6.748071 27.75
11.30642 -6.665841 27.75
11.26171 -6.571943 27.75
11.22082 -6.374405 27.75
11.23334 -6.475981 27.75
11.27492 -6.603953 27.75
11.32355 -6.694095 27.75
11.38493 -6.775999 27.75
12.267 -6.890887 27.75
12.44579 -6.520427 27.75
3.630974 9.95415 27.75
3.488701 10.00359 27.75
3.822456 11.13736 27.75
4.072235 11.05056 27.75
3.952187 11.10789 27.75
9.71624 -0.9831701 19.25
9.74321 -1.107853 19.25
9.71624 -1.360104 19.25
9.74321 -1.235421 19.25
10.82562 -1.479833 27.75
8.566246 -1.323885 19.25
8.546608 -1.171637 19.25
8.566246 -1.019389 19.25
10.81575 -1.353293 27.75
8.623878 -0.8771062 19.25
8.715721 -0.7541042 19.25
8.83577 -0.6584325 19.25
8.976166 -0.596355 19.25
9.127724 -0.5719342 19.25
9.28051 -0.5867696 19.25
9.424538 -0.6398893 19.25
9.550369 -0.7278171 19.25
9.649773 -0.8447957 19.25
9.649773 -1.498477 19.25
9.550369 -1.615457 19.25
9.424538 -1.703385 19.25
9.28051 -1.756505 19.25
9.127724 -1.77134 19.25
8.976166 -1.746919 19.25
8.83577 -1.684842 19.25
8.715721 -1.58917 19.25
8.623878 -1.466167 19.25
-8.285366 1.859169 19.25
-8.303097 1.703545 19.25
-8.124367 1.362037 19.25
-7.587791 3.013452 19.25
-8.308517 2.014081 19.25
-8.3605 1.557812 19.25
-8.453671 1.431903 19.25
-8.576252 1.334398 19.25
-8.874802 1.248789 19.25
-8.30587 -0.3648505 19.25
-8.719891 1.271942 19.25
-9.12772 -0.5719342 19.25
-8.976166 -0.596355 19.25
-8.83577 -0.6584325 19.25
-8.715717 -0.7541042 19.25
-8.623875 -0.8771062 19.25
-8.566246 -1.019389 19.25
-8.546608 -1.171637 19.25
-8.566246 -1.323885 19.25
-8.30587 -3.3344 19.25
-9.176159 1.323926 19.25
-9.280514 -0.5867696 19.25
-9.030426 1.266521 19.25
-9.424538 -0.6398893 19.25
-9.399574 1.539675 19.25
-9.550369 -0.7278171 19.25
-9.302067 1.417095 19.25
-9.649773 -0.8447957 19.25
-9.485184 1.838227 19.25
-9.71624 2.226526 19.25
-9.462032 1.683316 19.25
-9.467449 1.993851 19.25
-9.410046 2.139584 19.25
-9.316879 2.265493 19.25
-9.194298 2.362998 19.25
-9.064362 3.989214 19.25
-9.050655 2.425456 19.25
-8.895744 2.448607 19.25
-8.594387 2.37347 19.25
-8.74012 2.430875 19.25
-8.468479 2.280303 19.25
-8.370972 2.157721 19.25
7.318657 4.205895 19.25
7.216934 4.324999 19.25
6.719589 4.517218 19.25
7.587791 3.013452 19.25
7.447739 4.117178 19.25
7.149498 4.466372 19.25
7.120956 4.620381 19.25
7.133247 4.77653 19.25
7.274246 5.053261 19.25
5.557716 5.807616 19.25
7.185532 4.924178 19.25
6.060165 6.450453 19.25
5.923843 6.373324 19.25
5.772202 6.334107 19.25
5.61557 6.335473 19.25
5.464638 6.377331 19.25
5.329681 6.456828 19.25
5.219894 6.568545 19.25
4.152939 6.828246 19.25
7.534721 5.222416 19.25
6.171883 6.560236 19.25
7.393349 5.154984 19.25
7.688736 5.25096 19.25
8.095879 5.59982 19.25
7.844879 5.238671 19.25
7.992531 5.186387 19.25
8.121613 5.09767 19.25
8.223335 4.978566 19.25
8.290771 4.837193 19.25
9.064362 3.989214 19.25
8.319313 4.683184 19.25
8.307022 4.527035 19.25
8.254738 4.379387 19.25
8.166023 4.250304 19.25
7.90554 4.081149 19.25
8.046921 4.148581 19.25
7.751534 4.052605 19.25
7.59539 4.064894 19.25
5.142769 6.704871 19.25
5.103546 6.856513 19.25
5.104919 7.013138 19.25
5.146774 7.164072 19.25
5.226273 7.299031 19.25
5.33799 7.408816 19.25
5.354279 8.147038 19.25
5.474312 7.485945 19.25
5.625954 7.525162 19.25
5.782578 7.523795 19.25
5.933517 7.481938 19.25
6.068474 7.402441 19.25
6.84462 7.002087 19.25
6.178261 7.290722 19.25
6.255386 7.154398 19.25
6.294601 7.002757 19.25
6.293236 6.846131 19.25
6.251381 6.695195 19.25
-5.219894 6.568545 19.25
-5.329678 6.456828 19.25
-5.557713 5.807616 19.25
-4.152935 6.828246 19.25
-5.142765 6.704871 19.25
-5.464638 6.377331 19.25
-5.61557 6.335473 19.25
-5.772198 6.334107 19.25
-5.92384 6.373324 19.25
-6.171883 6.560236 19.25
-7.393349 5.154984 19.25
-6.060165 6.450453 19.25
-6.251377 6.695195 19.25
-6.844616 7.002087 19.25
-6.293236 6.846131 19.25
-6.294601 7.002757 19.25
-6.255386 7.154398 19.25
-6.178257 7.290722 19.25
-6.068474 7.402441 19.25
-5.354279 8.147038 19.25
-5.933514 7.481938 19.25
-5.782581 7.523795 19.25
-5.625954 7.525162 19.25
-5.474312 7.485945 19.25
-5.337986 7.408816 19.25
-5.146774 7.164072 19.25
-5.226269 7.299031 19.25
-5.104916 7.013138 19.25
-5.103546 6.856513 19.25
3.511154 8.052142 19.25
3.581039 8.192317 19.25
3.407364 7.934832 19.25
3.276756 7.848381 19.25
2.971878 7.78912 19.25
2.566658 7.534502 19.25
3.12822 7.798682 19.25
2.81839 7.820347 19.25
2.678215 7.890236 19.25
2.560905 7.994023 19.25
2.474453 8.124636 19.25
0.8682022 7.895522 19.25
2.424755 8.273173 19.25
2.446419 8.582999 19.25
0.5795555 8.736693 19.25
2.415192 8.429512 19.25
1.871143 9.515402 19.25
0.6000023 8.891983 19.25
2.516308 8.723174 19.25
2.620094 8.840483 19.25
2.75071 8.926934 19.25
2.899246 8.976634 19.25
3.209068 8.95497 19.25
3.676926 8.994679 19.25
3.055588 8.986197 19.25
3.349243 8.885081 19.25
3.46656 8.781294 19.25
3.553009 8.650681 19.25
3.602707 8.502144 19.25
3.612267 8.345805 19.25
-0.1552925 8.312428 19.25
-0.8681984 7.895522 19.25
0 8.291983 19.25
-0.2999992 8.372368 19.25
-0.424263 8.467719 19.25
-0.5196152 8.591984 19.25
-0.5795555 8.736693 19.25
-0.5999985 8.891983 19.25
-1.87114 9.515402 19.25
-0.5795555 9.047274 19.25
-0.5196152 9.191983 19.25
-0.424263 9.316248 19.25
-0.2999992 9.411599 19.25
0 9.691021 19.25
-0.1552925 9.471539 19.25
0 9.491984 19.25
0.1552925 9.471539 19.25
0.424263 9.316248 19.25
0.2999992 9.411599 19.25
0.5196152 9.191983 19.25
0.5795555 9.047274 19.25
0.5196152 8.591984 19.25
0.424263 8.467719 19.25
0.2999992 8.372368 19.25
0.1552925 8.312428 19.25
-7.149498 4.466372 19.25
-7.21693 4.324999 19.25
-6.719593 4.517218 19.25
-7.120956 4.620381 19.25
-7.447739 4.117178 19.25
-7.318653 4.205895 19.25
-7.595387 4.064894 19.25
-7.751534 4.052605 19.25
-7.905544 4.081149 19.25
-8.046917 4.148581 19.25
-8.166019 4.250304 19.25
-8.254738 4.379387 19.25
-8.307022 4.527035 19.25
-8.319309 4.683184 19.25
-8.290768 4.837193 19.25
-8.095879 5.59982 19.25
-8.223335 4.978566 19.25
-8.121613 5.09767 19.25
-7.992527 5.186387 19.25
-7.844879 5.238671 19.25
-7.688732 5.25096 19.25
-7.534721 5.222416 19.25
-7.274246 5.053261 19.25
-7.133244 4.77653 19.25
-7.185528 4.924178 19.25
-3.612267 8.345805 19.25
-3.581039 8.192317 19.25
-3.602707 8.502144 19.25
-3.676926 8.994679 19.25
-3.553005 8.650681 19.25
-3.466557 8.781294 19.25
-3.349247 8.885081 19.25
-3.209072 8.95497 19.25
-2.899246 8.976634 19.25
-3.055584 8.986197 19.25
-2.750706 8.926934 19.25
-2.620094 8.840483 19.25
-2.516308 8.723174 19.25
-2.446419 8.582999 19.25
-2.424755 8.273173 19.25
-2.415192 8.429512 19.25
-2.474453 8.124636 19.25
-2.566654 7.534502 19.25
-2.560905 7.994023 19.25
-2.678215 7.890236 19.25
-2.81839 7.820347 19.25
-2.971874 7.78912 19.25
-3.276752 7.848381 19.25
-3.128216 7.798682 19.25
-3.407364 7.934832 19.25
-3.511154 8.052142 19.25
9.552513 -3.803518 19.25
9.447823 -3.61385 19.25
9.299461 -3.451978 19.25
9.117218 -3.32857 19.25
8.913101 -3.251759 19.25
8.700562 -3.226608 19.25
8.493607 -3.254774 19.25
8.30587 -3.3344 19.25
8.30587 -0.3648505 19.25
9.030426 1.266521 19.25
9.176163 1.323926 19.25
9.302071 1.417095 19.25
9.399574 1.539675 19.25
9.71624 2.226526 19.25
9.194298 2.362998 19.25
-9.71624 -0.9831701 19.25
-8.623875 -1.466167 19.25
-8.715717 -1.58917 19.25
-8.493603 -3.254774 19.25
-8.976166 -1.746919 19.25
-8.700562 -3.226608 19.25
-8.83577 -1.684842 19.25
-8.913101 -3.251759 19.25
-9.12772 -1.77134 19.25
-9.424538 -1.703385 19.25
-9.117218 -3.32857 19.25
-9.280514 -1.756505 19.25
-9.299461 -3.451978 19.25
-9.649773 -1.498477 19.25
-9.447819 -3.61385 19.25
-9.550369 -1.615457 19.25
-9.552513 -3.803518 19.25
-9.71624 -5.59146 19.25
-9.606644 -4.008482 19.25
-9.71624 -1.360104 19.25
-9.622944 -6.466485 19.25
-8.700562 -4.828874 19.25
-8.493603 -4.762282 19.25
-8.901539 -8.060929 19.25
-8.30587 -4.647799 19.25
-9.347244 -7.302166 19.25
-8.30587 -8.708657 19.25
-8.913101 -4.843184 19.25
-9.117218 -4.804273 19.25
-9.299461 -4.714702 19.25
-9.447819 -4.580375 19.25
-9.552513 -4.410146 19.25
-9.606644 -4.215233 19.25
8.124367 1.362037 19.25
8.28537 1.859169 19.25
8.719894 1.271942 19.25
9.606644 -4.008482 19.25
9.71624 -5.59146 19.25
9.606644 -4.215233 19.25
9.552513 -4.410146 19.25
9.447823 -4.580375 19.25
9.299461 -4.714702 19.25
9.117218 -4.804273 19.25
8.913101 -4.843184 19.25
8.493607 -4.762282 19.25
9.62294 -6.466485 19.25
8.700562 -4.828874 19.25
9.347244 -7.302166 19.25
8.30587 -8.708657 19.25
8.901543 -8.060929 19.25
8.30587 -4.647799 19.25
8.874802 1.248789 19.25
8.576248 1.334398 19.25
8.453674 1.431903 19.25
8.360504 1.557812 19.25
8.303101 1.703545 19.25
8.308517 2.014081 19.25
8.370972 2.157721 19.25
8.468483 2.280303 19.25
8.594391 2.37347 19.25
8.74012 2.430875 19.25
8.895744 2.448607 19.25
9.050659 2.425456 19.25
9.316879 2.265493 19.25
9.410049 2.139584 19.25
9.467453 1.993851 19.25
9.485184 1.838227 19.25
9.462029 1.683316 19.25
10.51509 2.246427 27.75
10.49519 2.397972 27.75
-9.74321 -1.107853 19.25
-9.74321 -1.235421 19.25
-10.82562 -1.479833 27.75
-10.81575 -1.353293 27.75
-11.69049 2.474628 27.75
-11.69316 2.350391 27.75
-11.66228 2.59565 27.75
-8.159977 -3.449499 19.25
-8.049442 -3.597741 19.25
-7.980518 -3.770742 19.25
-7.957104 -3.958722 19.25
-7.980518 -4.151048 19.25
-8.049442 -4.336847 19.25
-8.159977 -4.505612 19.25
-10.16372 -4.183336 20.44267
-10.17239 -4.421365 20.37164
-9.969936 -3.771058 20.63076
-10.09467 -3.961528 20.53105
-9.590668 -3.533029 20.83667
-9.798031 -3.624905 20.735
-9.127541 -3.533029 21.00524
-9.361977 -3.501692 20.92884
-8.704643 -3.771058 21.09129
-8.903336 -3.624905 21.06064
-8.435299 -4.183336 21.07176
-8.545006 -3.961528 21.09508
-8.39167 -4.659394 20.95189
-8.382999 -4.421365 21.02292
-8.585453 -5.071672 20.7638
-8.460724 -4.881201 20.86351
-8.964718 -5.309701 20.55789
-8.757355 -5.217825 20.65956
-9.427845 -5.309701 20.38932
-9.193409 -5.341037 20.46572
-9.850742 -5.071672 20.30328
-9.65205 -5.217825 20.33392
-10.12009 -4.659394 20.3228
-10.01038 -4.881201 20.29948
-10.22099 -4.728732 20.53814
-10.10876 -4.955645 20.51428
-10.19011 -5.024696 20.85006
-10.29724 -4.808111 20.87282
-10.27449 -4.485225 20.5881
-9.945446 -5.150499 20.51816
-9.74218 -5.300016 20.54951
-9.840218 -5.353394 20.88368
-10.03423 -5.210682 20.85376
-9.512817 -5.394006 20.60619
-9.272984 -5.426065 20.68434
-9.392376 -5.473706 21.01237
-9.621296 -5.443106 20.93778
-9.039028 -5.394006 20.77864
-8.826893 -5.300016 20.88265
-8.966587 -5.353394 21.20165
-9.169071 -5.443106 21.10238
-8.651031 -5.150499 20.98929
-8.523434 -4.955645 21.0913
-8.676941 -5.024696 21.4008
-8.798733 -5.210682 21.30344
-8.452789 -4.728732 21.18171
-8.44392 -4.485225 21.25437
-8.601048 -4.575687 21.55646
-8.609512 -4.808111 21.4871
-8.497421 -4.241718 21.30433
-8.609653 -4.014804 21.32819
-8.759239 -4.126678 21.62692
-8.652115 -4.343263 21.60415
-8.772968 -3.819951 21.32431
-8.976234 -3.670434 21.29296
-9.109135 -3.79798 21.59329
-8.915119 -3.940692 21.62321
-9.205597 -3.576443 21.23628
-9.445427 -3.544385 21.15813
-9.556973 -3.677669 21.4646
-9.328056 -3.708268 21.53919
-9.679386 -3.576443 21.06384
-9.891521 -3.670434 20.95982
-9.982761 -3.79798 21.27532
-9.780281 -3.708268 21.3746
-10.06738 -3.819951 20.85318
-10.19498 -4.014804 20.75118
-10.27241 -4.126678 21.07617
-10.15062 -3.940692 21.17353
-10.26562 -4.241718 20.66076
-10.3483 -4.575687 20.92051
-10.33984 -4.343263 20.98987
-10.34526 -4.385544 21.11448
-10.35338 -4.608258 21.04802
-10.16395 -3.999793 21.29047
-10.28065 -4.178009 21.19717
-9.80909 -3.777079 21.48313
-10.00311 -3.863043 21.388
-9.375759 -3.777079 21.64085
-9.595112 -3.747758 21.56938
-8.980072 -3.999793 21.72136
-9.165981 -3.863043 21.69269
-8.728054 -4.385544 21.7031
-8.830704 -4.178009 21.72491
-8.687237 -4.830972 21.59094
-8.679119 -4.608258 21.6574
-8.868549 -5.216723 21.41496
-8.751846 -5.038507 21.50825
-9.223412 -5.439436 21.22229
-9.029392 -5.353472 21.31742
-9.656742 -5.439436 21.06457
-9.437389 -5.468758 21.13605
-10.05243 -5.216723 20.98406
-9.86652 -5.353472 21.01273
-10.30444 -4.830972 21.00233
-10.2018 -5.038507 20.98051
-12.22468 -6.412933 26.7726
-12.25965 -6.363741 26.98835
-12.264 -6.23399 26.80931
-12.20716 -6.517498 26.96361
-12.36 -6.665029 27.63258
-12.40516 -6.532758 27.65386
-12.2742 -6.204998 27.02832
-12.02219 -6.722872 26.75792
-12.12001 -6.656605 26.95567
-12.14221 -6.579682 26.75507
-12.00369 -6.772324 26.96501
-12.18496 -6.884247 27.63378
-12.28503 -6.784698 27.62575
-11.70428 -6.901815 26.82261
-11.86551 -6.857383 26.99105
-11.87283 -6.832746 26.78096
-11.71413 -6.906437 27.03216
-11.93587 -6.99962 27.69155
-12.06608 -6.95742 27.65619
-11.35611 -6.901815 26.94933
-11.55909 -6.916405 27.08574
-11.52803 -6.925374 26.88004
-11.41012 -6.88666 27.14845
-11.80249 -7.008194 27.73765
-11.07099 -6.722872 27.10413
-11.27658 -6.81907 27.21632
-11.20022 -6.832746 27.02577
-11.16687 -6.717883 27.28511
-10.92531 -6.412933 27.24553
-11.08786 -6.589457 27.35048
-10.97722 -6.579682 27.17909
-11.04454 -6.441861 27.40834
-10.95811 -6.055047 27.33565
-11.0734 -6.126878 27.48765
-10.91879 -6.23399 27.29893
-11.14378 -5.979282 27.50412
-11.03962 -6.28437 27.45504
-11.16059 -5.745108 27.35032
-11.24632 -5.850856 27.50342
-11.04058 -5.888298 27.35317
-11.37459 -5.74967 27.48559
-11.47851 -5.566165 27.28563
-11.52052 -5.68208 27.45175
-11.30996 -5.635234 27.32729
-11.67494 -5.652335 27.40402
-11.82668 -5.566165 27.15891
-11.82815 -5.662302 27.34542
-11.65475 -5.542606 27.2282
-11.97053 -5.711357 27.27961
-12.1118 -5.745108 27.00411
-12.09313 -5.796415 27.21073
-11.98257 -5.635234 27.08248
-12.18824 -5.912134 27.14312
-12.25748 -6.055047 26.86271
-12.24989 -6.051242 27.08101
-12.20557 -5.888298 26.92915
-12.41767 -6.396197 27.68825
-12.39676 -6.263926 27.73358
-11.50547 -5.878813 24.98351
-11.64091 -5.947128 25.11478
-11.54116 -5.716415 25.01682
-11.55624 -6.118326 25.09678
-11.87064 -6.345724 25.56122
-11.97349 -6.137783 25.58308
-11.68128 -5.763411 25.15247
-11.32171 -6.160094 24.97018
-11.43303 -6.265337 25.09971
-11.43063 -6.030143 24.9676
-11.27967 -6.378141 25.12336
-11.53471 -6.661303 25.5935
-11.72098 -6.524287 25.56477
-11.03319 -6.322491 25.02889
-11.10662 -6.449054 25.16612
-11.18615 -6.259808 24.99109
-10.92568 -6.47324 25.22508
-11.10474 -6.776814 25.71706
-11.32452 -6.747436 25.64544
-10.71721 -6.322491 25.1439
-10.74917 -6.449054 25.29622
-10.87324 -6.343871 25.08101
-10.58912 -6.378141 25.3747
-10.69595 -6.661303 25.89878
-10.89035 -6.747436 25.80347
-10.45845 -6.160094 25.28438
-10.45644 -6.265337 25.45516
-10.57574 -6.259808 25.21326
-10.36017 -6.118326 25.53211
-10.41786 -6.345724 26.08999
-10.53479 -6.524287 25.99651
-10.32624 -5.878813 25.41271
-10.30687 -5.947128 25.60033
-10.37336 -6.030143 25.35241
-10.30018 -5.763411 25.65515
-10.34499 -5.914634 26.23943
-10.35312 -6.137783 26.17284
-10.35601 -5.554018 25.49449
-10.34055 -5.579694 25.69285
-10.32033 -5.716415 25.46117
-10.42522 -5.408496 25.71084
-10.49687 -5.483544 26.30708
-10.39402 -5.691485 26.28522
-10.53978 -5.272737 25.50781
-10.54844 -5.261486 25.70792
-10.43086 -5.402688 25.5104
-10.70179 -5.148681 25.68427
-10.8328 -5.167964 26.27479
-10.64653 -5.304981 26.30352
-10.8283 -5.11034 25.4491
-10.87484 -5.077769 25.6415
-10.67533 -5.173023 25.48691
-11.05578 -5.053582 25.58254
-11.26277 -5.052454 26.15124
-11.04299 -5.081832 26.22285
-11.14427 -5.11034 25.3341
-11.23229 -5.077769 25.5114
-10.98825 -5.08896 25.39698
-11.39234 -5.148681 25.43292
-11.67157 -5.167964 25.96951
-11.47717 -5.081832 26.06483
-11.40303 -5.272737 25.19361
-11.52502 -5.261486 25.35247
-11.28575 -5.173023 25.26473
-11.62129 -5.408496 25.27551
-11.94965 -5.483544 25.77831
-11.83272 -5.304981 25.87178
-11.53524 -5.554018 25.06528
-11.67459 -5.579694 25.20729
-11.48813 -5.402688 25.12558
-12.02252 -5.914634 25.62886
-12.01439 -5.691485 25.69545
-12.26058 -6.038775 26.81728
-12.20728 -5.867578 26.8855
-12.14959 -5.64018 26.32763
-12.21432 -5.848121 26.24477
-12.26727 -6.222493 26.76246
-12.11101 -5.720567 26.96246
-11.97833 -5.607762 27.04291
-11.8715 -5.3246 26.51883
-12.03266 -5.461617 26.4211
-11.81828 -5.53685 27.12139
-11.64177 -5.512663 27.19253
-11.46271 -5.20909 26.70055
-11.6771 -5.238468 26.61414
-11.46083 -5.53685 27.25149
-11.28778 -5.607762 27.29425
-11.03274 -5.3246 26.82411
-11.24292 -5.238468 26.77217
-11.13442 -5.720567 27.31791
-11.01121 -5.867578 27.32083
-10.69681 -5.64018 26.85639
-10.84647 -5.461617 26.85284
-10.92653 -6.038775 27.30284
-10.88617 -6.222493 27.26514
-10.54493 -6.07127 26.78875
-10.59396 -5.848121 26.83454
-10.89286 -6.40621 27.21032
-10.94616 -6.577407 27.1421
-10.61779 -6.502359 26.63931
-10.55306 -6.294418 26.72216
-11.04243 -6.724418 27.06515
-11.17511 -6.837223 26.98469
-10.89588 -6.817939 26.4481
-10.73473 -6.680923 26.54583
-11.33516 -6.908135 26.90621
-11.51167 -6.932322 26.83507
-11.30468 -6.933449 26.26638
-11.09028 -6.904071 26.35279
-11.69261 -6.908135 26.77611
-11.86566 -6.837223 26.73335
-11.73465 -6.817939 26.14282
-11.52446 -6.904071 26.19476
-12.01901 -6.724418 26.7097
-12.14223 -6.577407 26.70677
-12.07058 -6.502359 26.11054
-11.92092 -6.680923 26.11409
-12.2269 -6.40621 26.72477
-12.22246 -6.07127 26.17818
-12.17342 -6.294418 26.1324
-11.11832 -5.631839 24.27882
-11.22948 -5.671025 24.27898
-11.14702 -5.501222 24.30562
-11.15683 -5.817921 24.26353
-11.25343 -5.882356 24.29136
-11.3369 -5.7136 24.3091
-11.26412 -5.513387 24.31132
-10.97052 -5.858075 24.26811
-11.0511 -5.944063 24.26605
-11.05812 -5.753555 24.26603
-10.91951 -6.040855 24.28634
-10.98081 -6.138466 24.31756
-11.13198 -6.02727 24.29425
-10.73846 -5.988692 24.31533
-10.77103 -6.101701 24.32303
-10.86149 -5.938276 24.28493
-10.61577 -6.122455 24.37362
-10.63187 -6.232209 24.41784
-10.81023 -6.208367 24.35972
-10.48432 -5.988692 24.40783
-10.46432 -6.101701 24.43467
-10.60981 -6.005888 24.35725
-10.32699 -6.040855 24.502
-10.30011 -6.138466 24.56532
-10.45787 -6.208367 24.48797
-10.2762 -5.858075 24.52082
-10.21314 -5.944063 24.57104
-10.37053 -5.938276 24.46362
-10.13054 -5.817921 24.63707
-10.07442 -5.882356 24.72049
-10.16932 -6.02727 24.64463
-10.16986 -5.631839 24.62404
-10.08481 -5.671025 24.6956
-10.20775 -5.753555 24.57554
-10.07906 -5.513387 24.74264
-10.01529 -5.532502 24.84177
-10.02188 -5.7136 24.78773
-10.1938 -5.370605 24.68981
-10.1137 -5.355749 24.77499
-10.1651 -5.501222 24.66301
-10.18636 -5.208853 24.79043
-10.13855 -5.182649 24.89667
-10.05508 -5.351405 24.87893
-10.3416 -5.144369 24.70053
-10.29208 -5.082711 24.78792
-10.254 -5.248889 24.70261
-10.42367 -4.985919 24.76762
-10.41117 -4.926538 24.87047
-10.26 -5.037735 24.89379
-10.57367 -5.013752 24.65331
-10.57215 -4.925073 24.73093
-10.45063 -5.064168 24.68371
-10.72741 -4.90432 24.68034
-10.76011 -4.832795 24.7702
-10.58175 -4.856637 24.82832
-10.8278 -5.013752 24.56081
-10.87886 -4.925073 24.6193
-10.70231 -4.996555 24.61139
-11.01619 -4.985919 24.55196
-11.09187 -4.926538 24.62271
-10.93411 -4.856637 24.70007
-11.03593 -5.144369 24.44781
-11.13004 -5.082711 24.48293
-10.9416 -5.064168 24.50502
-11.21264 -5.208853 24.41689
-11.31756 -5.182649 24.46754
-11.22266 -5.037735 24.54341
-11.14227 -5.370605 24.3446
-11.25837 -5.355749 24.35836
-11.10437 -5.248889 24.3931
-11.37669 -5.532502 24.34626
-11.37009 -5.351405 24.4003
-11.58441 -5.519305 24.98913
-11.53187 -5.350549 25.05637
-11.56202 -5.291159 24.95725
-11.61977 -5.476656 24.88334
-11.59101 -5.700402 24.93509
-11.43698 -5.205635 25.13223
-11.30619 -5.094439 25.21154
-11.31395 -5.009642 25.12782
-11.45771 -5.131869 25.04064
-11.14842 -5.024538 25.28889
-10.97443 -5.000696 25.35902
-10.94928 -4.9066 25.28993
-11.14053 -4.932807 25.21285
-10.79606 -5.024538 25.41714
-10.62548 -5.094439 25.4593
-10.56572 -5.009642 25.40015
-10.75322 -4.932807 25.35382
-10.47432 -5.205635 25.48261
-10.35286 -5.350549 25.48549
-10.26605 -5.291159 25.42895
-10.39956 -5.131869 25.42578
-10.26939 -5.519305 25.46775
-10.2296 -5.700402 25.4306
-10.13057 -5.675718 25.36861
-10.1743 -5.476656 25.40945
-10.2362 -5.8815 25.37656
-10.28873 -6.050256 25.30931
-10.19557 -6.060277 25.23529
-10.13782 -5.874781 25.30921
-10.38363 -6.19517 25.23345
-10.51442 -6.306366 25.15414
-10.44364 -6.341794 25.06473
-10.29988 -6.219567 25.15191
-10.67218 -6.376267 25.07679
-10.84618 -6.400109 25.00666
-10.80831 -6.444837 24.90262
-10.61706 -6.41863 24.9797
-11.02454 -6.376267 24.94854
-11.19512 -6.306366 24.90639
-11.19187 -6.341794 24.79239
-11.00437 -6.41863 24.83873
-11.34629 -6.19517 24.88307
-11.46775 -6.050256 24.88019
-11.49154 -6.060277 24.7636
-11.35803 -6.219567 24.76677
-11.55122 -5.8815 24.89793
-11.62703 -5.675718 24.82394
-11.58329 -5.874781 24.7831
-9.979267 -5.557187 24.95292
-9.9734 -5.585803 25.06871
-9.986519 -5.756249 24.89352
-10.02301 -5.358124 24.99376
-10.01962 -5.375461 25.11186
-9.99807 -5.616452 25.18145
-9.981064 -5.796145 25.00594
-10.05164 -5.647102 25.28368
-10.00587 -5.830638 25.11754
-10.04513 -5.402266 25.2254
-10.09786 -5.43676 25.32684
-10.05931 -5.857443 25.22091
-10.12033 -6.053451 25.14281
-10.06801 -6.030228 25.03801
-11.43199 -5.756249 24.36741
-11.47573 -5.557187 24.40825
-11.50843 -5.796145 24.45002
-11.34024 -5.941746 24.34791
-11.41149 -5.992151 24.42942
-11.56116 -5.830638 24.55146
-11.55465 -5.585803 24.49318
-11.58668 -5.857443 24.665
-11.60822 -5.616452 24.59541
-11.46244 -6.030228 24.53048
-11.48973 -6.053451 24.64439
-11.63289 -5.647102 24.70815
-11.62523 -5.43676 24.77092
-11.60042 -5.402266 24.65932
-11.56421 -5.240753 24.84902
-11.53828 -5.202676 24.73885
-11.54699 -5.375461 24.55595
-11.46848 -5.358124 24.46765
-11.20674 -6.101036 24.35108
-11.27042 -6.160467 24.43277
-11.31879 -6.20162 24.53389
-11.34866 -6.221766 24.64774
-11.04057 -6.223263 24.37671
-11.09484 -6.289619 24.45985
-11.14001 -6.333133 24.56146
-11.17308 -6.350918 24.67482
-10.85307 -6.300098 24.42304
-10.89671 -6.370808 24.50881
-10.93826 -6.415806 24.61132
-10.97496 -6.432107 24.72378
-10.65701 -6.326305 24.48693
-10.68954 -6.3985 24.57631
-10.72731 -6.444004 24.68006
-10.76779 -6.459799 24.79129
-10.46576 -6.300098 24.56401
-10.48745 -6.370808 24.65776
-10.52152 -6.415806 24.763
-10.5657 -6.432107 24.87274
-10.29234 -6.223263 24.64904
-10.30421 -6.289619 24.74761
-10.33493 -6.333133 24.85449
-10.38245 -6.350918 24.96259
-10.14858 -6.101036 24.73622
-10.1523 -6.160467 24.83973
-10.18024 -6.20162 24.94829
-10.23055 -6.221766 25.0547
-10.04427 -5.941746 24.8196
-10.04208 -5.992151 24.92784
-10.11475 -5.172627 25.01326
-10.11656 -5.179454 25.13247
-10.14385 -5.202676 25.24638
-10.19481 -5.240753 25.34744
-10.24826 -5.013338 25.01009
-10.25763 -5.011139 25.12912
-10.2875 -5.031285 25.24297
-10.33588 -5.072438 25.34409
-10.41442 -4.89111 24.98446
-10.43321 -4.881987 25.10204
-10.46629 -4.899771 25.21539
-10.51146 -4.943285 25.31701
-10.60192 -4.814275 24.93813
-10.63134 -4.800797 25.05308
-10.66803 -4.817099 25.16554
-10.70958 -4.862097 25.26805
-10.79798 -4.788068 24.87424
-10.8385 -4.773106 24.98557
-10.87899 -4.7889 25.0968
-10.91675 -4.834404 25.20055
-10.98924 -4.814275 24.79716
-11.0406 -4.800797 24.90412
-11.08477 -4.817099 25.01386
-11.11884 -4.862097 25.11909
-11.16265 -4.89111 24.71213
-11.22384 -4.881987 24.81427
-11.27137 -4.899771 24.92237
-11.30208 -4.943285 25.02925
-11.30642 -5.013338 24.62495
-11.37574 -5.011139 24.72216
-11.42605 -5.031285 24.82857
-11.45399 -5.072438 24.93713
-11.41073 -5.172627 24.54157
-11.48597 -5.179454 24.63405
-10.87909 -5.409185 23.39701
-10.87996 -5.447342 23.63824
-10.91215 -5.258693 23.42789
-10.82034 -5.567876 23.62557
-10.89931 -5.635188 23.95747
-10.9537 -5.525228 23.96903
-10.90837 -5.317993 23.66478
-10.70879 -5.669844 23.38467
-10.73359 -5.671381 23.62763
-10.80973 -5.549421 23.38227
-10.62561 -5.750804 23.64428
-10.72167 -5.802068 23.97454
-10.82017 -5.729613 23.95935
-10.44142 -5.820335 23.43907
-10.50378 -5.800731 23.67439
-10.58317 -5.762248 23.40404
-10.37638 -5.81776 23.7159
-10.4943 -5.86315 24.03988
-10.61052 -5.847615 24.00201
-10.14861 -5.820335 23.54565
-10.25211 -5.800731 23.76599
-10.2932 -5.840148 23.48737
-10.13942 -5.750804 23.82124
-10.27813 -5.802068 24.13598
-10.38093 -5.847615 24.08557
-9.908825 -5.669844 23.67583
-10.04601 -5.671381 23.87789
-10.01751 -5.762248 23.60993
-9.978226 -5.567876 23.93207
-10.13107 -5.635188 24.23709
-10.19291 -5.729613 24.18766
-9.786308 -5.409185 23.79475
-9.940701 -5.447342 23.9801
-9.829967 -5.549421 23.73887
-9.935989 -5.317993 24.0187
-10.09254 -5.407226 24.31611
-10.09684 -5.525228 24.2809
-9.813892 -5.108202 23.87054
-9.964409 -5.188643 24.04524
-9.780827 -5.258693 23.83966
-10.02402 -5.068109 24.05791
-10.17286 -5.179264 24.35188
-10.11847 -5.289224 24.34032
-9.984184 -4.847542 23.88288
-10.11077 -4.964604 24.05585
-9.883255 -4.967966 23.88528
-10.21875 -4.885182 24.0392
-10.3505 -5.012384 24.33481
-10.252 -5.084839 24.35
-10.25156 -4.697051 23.82848
-10.34059 -4.835255 24.00909
-10.10981 -4.755138 23.86351
-10.46798 -4.818226 23.96758
-10.57787 -4.951302 24.26947
-10.46164 -4.966837 24.30734
-10.54436 -4.697051 23.7219
-10.59226 -4.835255 23.91749
-10.39978 -4.677238 23.78018
-10.70494 -4.885182 23.86224
-10.79404 -5.012384 24.17338
-10.69124 -4.966837 24.22378
-10.78415 -4.847542 23.59172
-10.79836 -4.964604 23.80559
-10.67547 -4.755138 23.65762
-10.86614 -5.068109 23.7514
-10.94109 -5.179264 24.07227
-10.87926 -5.084839 24.1217
-10.90667 -5.108202 23.4728
-10.90366 -5.188643 23.70338
-10.86301 -4.967966 23.52868
-10.97963 -5.407226 23.99324
-10.97533 -5.289224 24.02845
-11.13147 -5.36711 24.32925
-11.09394 -5.246575 24.37728
-11.13618 -5.496459 24.29066
-11.02616 -5.14307 24.43147
-10.93274 -5.063648 24.48811
-10.82006 -5.013721 24.54336
-10.69578 -4.996692 24.59345
-10.56839 -5.013721 24.63497
-10.44655 -5.063648 24.66507
-10.33858 -5.14307 24.68172
-10.25183 -5.246575 24.68379
-10.19221 -5.36711 24.67112
-10.16379 -5.496459 24.64458
-10.1685 -5.625808 24.60598
-10.20603 -5.746343 24.55795
-10.27381 -5.849848 24.50377
-10.36722 -5.92927 24.44712
-10.47991 -5.979197 24.39187
-10.60418 -5.996226 24.34178
-10.73158 -5.979197 24.30027
-10.85342 -5.92927 24.27016
-10.96139 -5.849848 24.25351
-11.04814 -5.746343 24.25145
-11.10776 -5.625808 24.26412
-10.31034 -4.921611 21.56672
-10.61857 -5.1028 22.02937
-10.34862 -4.747423 21.60246
-10.52261 -5.296809 22.00897
-10.7249 -5.455282 22.56473
-10.82085 -5.261272 22.58512
-10.66432 -4.894602 22.07208
-10.11324 -5.223313 21.55243
-10.38298 -5.463409 22.01229
-10.23006 -5.083928 21.54965
-10.20919 -5.591246 22.03909
-10.41147 -5.749718 22.59485
-10.58526 -5.621882 22.56805
-9.803768 -5.397501 21.6154
-10.01308 -5.671607 22.08755
-9.967838 -5.330267 21.57485
-9.808029 -5.699017 22.15437
-10.01031 -5.857489 22.71013
-10.21537 -5.830079 22.64331
-9.464851 -5.397501 21.73875
-9.607998 -5.671607 22.23499
-9.63221 -5.420434 21.6713
-9.426624 -5.591246 22.32392
-9.628902 -5.749718 22.87968
-9.81028 -5.830079 22.79075
-9.187305 -5.223313 21.88944
-9.276264 -5.463409 22.4151
-9.313103 -5.330267 21.81316
-9.167168 -5.296809 22.50231
-9.369446 -5.455282 23.05807
-9.478542 -5.621882 22.97086
-9.045498 -4.921611 22.02708
-9.10677 -5.1028 22.57962
-9.096031 -5.083928 21.96241
-9.099182 -4.894602 22.64175
-9.301464 -5.053074 23.19751
-9.309048 -5.261272 23.13538
-9.077427 -4.573234 22.1148
-9.144928 -4.686404 22.68446
-9.039154 -4.747423 22.07906
-9.240887 -4.492395 22.70486
-9.443165 -4.650867 23.26062
-9.347206 -4.844876 23.24022
-9.274532 -4.271532 22.12909
-9.38052 -4.325795 22.70154
-9.157707 -4.410917 22.13186
-9.55431 -4.197958 22.67474
-9.756588 -4.356431 23.2305
-9.582798 -4.484268 23.2573
-9.584003 -4.097344 22.06612
-9.750416 -4.117597 22.62628
-9.419933 -4.164578 22.10666
-9.955471 -4.090188 22.55946
-10.15775 -4.24866 23.11522
-9.952694 -4.276069 23.18204
-9.92292 -4.097344 21.94277
-10.1555 -4.117597 22.47884
-9.755562 -4.074412 22.01022
-10.33688 -4.197958 22.38991
-10.53916 -4.356431 22.94567
-10.35778 -4.276069 23.0346
-10.20046 -4.271532 21.79208
-10.48724 -4.325795 22.29873
-10.07467 -4.164578 21.86836
-10.59633 -4.492395 22.21152
-10.79861 -4.650867 22.76727
-10.68952 -4.484268 22.85449
-10.34227 -4.573234 21.65443
-10.65673 -4.686404 22.13421
-10.29174 -4.410917 21.71911
-10.8666 -5.053074 22.62784
-10.85901 -4.844876 22.68997
-10.9199 -5.03522 23.26873
-10.87007 -4.875152 23.33251
-10.92616 -5.206995 23.21747
-10.78006 -4.737698 23.40446
-10.65601 -4.632226 23.47969
-10.50636 -4.565923 23.55306
-10.34132 -4.543309 23.61958
-10.17214 -4.565923 23.67471
-10.01035 -4.632226 23.71469
-9.866959 -4.737698 23.73681
-9.751751 -4.875152 23.73954
-9.672581 -5.03522 23.72272
-9.634838 -5.206995 23.68747
-9.641098 -5.378769 23.63621
-9.690929 -5.538838 23.57243
-9.780941 -5.676292 23.50048
-9.904995 -5.781764 23.42525
-10.05464 -5.848067 23.35188
-10.21968 -5.870681 23.28536
-10.38886 -5.848067 23.23023
-10.55066 -5.781764 23.19025
-10.69404 -5.676292 23.16813
-10.80925 -5.538838 23.1654
-10.88842 -5.378769 23.18223
8.159981 -4.505612 19.25
8.049446 -4.336847 19.25
7.980522 -4.151048 19.25
7.957108 -3.958722 19.25
7.980522 -3.770742 19.25
8.049446 -3.597741 19.25
8.159981 -3.449499 19.25
10.12009 -4.659394 20.3228
10.17239 -4.421365 20.37164
9.850746 -5.071672 20.30328
10.01038 -4.881201 20.29948
9.427849 -5.309701 20.38932
9.652054 -5.217825 20.33392
8.964722 -5.309701 20.55789
9.193413 -5.341037 20.46572
8.585449 -5.071672 20.7638
8.757355 -5.217825 20.65956
8.39167 -4.659394 20.95189
8.460724 -4.881201 20.86351
8.435295 -4.183336 21.07176
8.382996 -4.421365 21.02292
8.704643 -3.771058 21.09129
8.545006 -3.961528 21.09508
9.127541 -3.533029 21.00524
8.903336 -3.624905 21.06064
9.590668 -3.533029 20.83667
9.361977 -3.501692 20.92884
9.96994 -3.771058 20.63076
9.798035 -3.624905 20.735
10.16372 -4.183336 20.44267
10.09467 -3.961528 20.53105
10.26563 -4.241718 20.66076
10.19498 -4.014804 20.75118
10.27242 -4.126678 21.07617
10.33984 -4.343263 20.98987
10.2745 -4.485225 20.5881
10.06738 -3.819951 20.85318
9.891525 -3.670434 20.95982
9.982765 -3.79798 21.27532
10.15062 -3.940692 21.17353
9.679382 -3.576443 21.06384
9.445427 -3.544385 21.15813
9.556976 -3.677669 21.4646
9.780281 -3.708268 21.3746
9.205597 -3.576443 21.23628
8.976234 -3.670434 21.29296
9.109131 -3.79798 21.59329
9.328056 -3.708268 21.53919
8.772972 -3.819951 21.32431
8.609657 -4.014804 21.32819
8.759239 -4.126678 21.62692
8.915123 -3.940692 21.62321
8.497421 -4.241718 21.30433
8.443916 -4.485225 21.25437
8.601051 -4.575687 21.55646
8.652115 -4.343263 21.60415
8.452789 -4.728732 21.18171
8.523438 -4.955645 21.0913
8.676941 -5.024696 21.4008
8.609512 -4.808111 21.4871
8.651031 -5.150499 20.98929
8.826897 -5.300016 20.88265
8.966591 -5.353394 21.20165
8.798737 -5.210682 21.30344
9.039032 -5.394006 20.77864
9.272987 -5.426065 20.68434
9.39238 -5.473706 21.01237
9.169075 -5.443106 21.10238
9.512817 -5.394006 20.60619
9.74218 -5.300016 20.54951
9.840218 -5.353394 20.88368
9.621292 -5.443106 20.93778
9.945442 -5.150499 20.51816
10.10876 -4.955645 20.51428
10.19012 -5.024696 20.85006
10.03423 -5.210682 20.85376
10.22099 -4.728732 20.53814
10.3483 -4.575687 20.92051
10.29724 -4.808111 20.87282
10.30444 -4.830972 21.00233
10.35338 -4.608258 21.04802
10.05243 -5.216723 20.98406
10.2018 -5.038507 20.98051
9.656746 -5.439436 21.06457
9.866524 -5.353472 21.01273
9.223412 -5.439436 21.22229
9.437393 -5.468758 21.13605
8.868553 -5.216723 21.41496
9.029396 -5.353472 21.31742
8.687233 -4.830972 21.59094
8.751846 -5.038507 21.50825
8.728058 -4.385544 21.7031
8.679123 -4.608258 21.6574
8.980072 -3.999793 21.72136
8.830704 -4.178009 21.72491
9.375763 -3.777079 21.64085
9.165985 -3.863043 21.69269
9.80909 -3.777079 21.48313
9.595108 -3.747758 21.56938
10.16396 -3.999793 21.29047
10.00311 -3.863043 21.388
10.34527 -4.385544 21.11448
10.28065 -4.178009 21.19717
12.25748 -6.055047 26.86271
12.2742 -6.204998 27.02832
12.264 -6.23399 26.80931
12.24989 -6.051242 27.08101
12.39676 -6.263926 27.73358
12.41767 -6.396197 27.68825
12.25966 -6.363741 26.98835
12.1118 -5.745108 27.00411
12.18824 -5.912134 27.14312
12.20557 -5.888298 26.92915
12.09312 -5.796415 27.21073
11.82668 -5.566165 27.15891
11.97054 -5.711357 27.27961
11.98257 -5.635234 27.08248
11.82816 -5.662302 27.34542
11.47852 -5.566165 27.28563
11.67494 -5.652335 27.40402
11.65475 -5.542606 27.2282
11.52052 -5.68208 27.45175
11.16059 -5.745108 27.35032
11.37459 -5.74967 27.48559
11.30997 -5.635234 27.32729
11.24632 -5.850856 27.50342
10.95811 -6.055047 27.33565
11.14378 -5.979282 27.50412
11.04058 -5.888298 27.35317
11.0734 -6.126878 27.48765
10.92531 -6.412933 27.24553
11.04454 -6.441861 27.40834
10.91879 -6.23399 27.29893
11.08786 -6.589457 27.35048
11.03962 -6.28437 27.45504
11.07098 -6.722872 27.10413
11.16686 -6.717883 27.28511
10.97722 -6.579682 27.17909
11.27659 -6.81907 27.21632
11.35611 -6.901815 26.94933
11.41013 -6.88666 27.14845
11.20022 -6.832746 27.02577
11.5591 -6.916405 27.08574
11.80249 -7.008194 27.73765
11.70428 -6.901815 26.82261
11.71413 -6.906437 27.03216
11.52804 -6.925374 26.88004
11.86551 -6.857383 26.99105
12.06609 -6.95742 27.65619
11.93587 -6.99962 27.69155
12.02219 -6.722872 26.75792
12.00369 -6.772324 26.96501
11.87283 -6.832746 26.78096
12.12001 -6.656605 26.95567
12.28503 -6.784698 27.62575
12.18496 -6.884247 27.63378
12.22469 -6.412933 26.7726
12.20716 -6.517498 26.96361
12.14221 -6.579682 26.75507
12.40516 -6.532758 27.65386
12.35999 -6.665029 27.63258
11.53524 -5.554018 25.06528
11.67459 -5.579694 25.20729
11.54116 -5.716415 25.01682
11.62129 -5.408496 25.27551
11.94965 -5.483544 25.77831
12.01439 -5.691485 25.69545
11.68128 -5.763411 25.15247
11.40303 -5.272737 25.19361
11.52502 -5.261486 25.35247
11.48813 -5.402688 25.12558
11.39234 -5.148681 25.43292
11.67157 -5.167964 25.96951
11.83273 -5.304981 25.87178
11.14427 -5.11034 25.3341
11.23229 -5.077769 25.5114
11.28575 -5.173023 25.26473
11.05579 -5.053582 25.58254
11.26277 -5.052454 26.15124
11.47717 -5.081832 26.06483
10.8283 -5.11034 25.4491
10.87484 -5.077769 25.6415
10.98824 -5.08896 25.39698
10.70179 -5.148681 25.68427
10.8328 -5.167964 26.27479
11.04299 -5.081832 26.22285
10.53978 -5.272737 25.50781
10.54844 -5.261486 25.70792
10.67534 -5.173023 25.48691
10.42522 -5.408496 25.71084
10.49687 -5.483544 26.30708
10.64653 -5.304981 26.30352
10.35601 -5.554018 25.49449
10.34055 -5.579694 25.69285
10.43086 -5.402688 25.5104
10.30018 -5.763411 25.65515
10.34499 -5.914634 26.23943
10.39403 -5.691485 26.28522
10.32625 -5.878813 25.41271
10.30688 -5.947128 25.60033
10.32033 -5.716415 25.46117
10.36017 -6.118326 25.53211
10.41786 -6.345724 26.08999
10.35313 -6.137783 26.17284
10.45846 -6.160094 25.28438
10.45644 -6.265337 25.45516
10.37336 -6.030143 25.35241
10.58912 -6.378141 25.3747
10.69595 -6.661303 25.89878
10.53479 -6.524287 25.99651
10.71722 -6.322491 25.1439
10.74917 -6.449054 25.29622
10.57574 -6.259808 25.21326
10.92568 -6.47324 25.22508
11.10474 -6.776814 25.71706
10.89035 -6.747436 25.80347
11.03319 -6.322491 25.02889
11.10662 -6.449054 25.16612
10.87325 -6.343871 25.08101
11.27967 -6.378141 25.12336
11.53471 -6.661303 25.5935
11.32452 -6.747436 25.64544
11.32171 -6.160094 24.97018
11.43303 -6.265337 25.09971
11.18615 -6.259808 24.99109
11.55624 -6.118326 25.09678
11.87064 -6.345724 25.56122
11.72099 -6.524287 25.56477
11.50548 -5.878813 24.98351
11.64091 -5.947128 25.11478
11.43063 -6.030143 24.9676
12.02252 -5.914634 25.62886
11.97349 -6.137783 25.58308
12.22691 -6.40621 26.72477
12.14223 -6.577407 26.70677
12.07058 -6.502359 26.11054
12.17342 -6.294418 26.1324
12.26727 -6.222493 26.76246
12.01901 -6.724418 26.7097
11.86566 -6.837223 26.73335
11.73465 -6.817939 26.14282
11.92092 -6.680923 26.11409
11.69261 -6.908135 26.77611
11.51167 -6.932322 26.83507
11.30468 -6.933449 26.26638
11.52446 -6.904071 26.19476
11.33516 -6.908135 26.90621
11.17511 -6.837223 26.98469
10.89588 -6.817939 26.4481
11.09029 -6.904071 26.35279
11.04243 -6.724418 27.06515
10.94616 -6.577407 27.1421
10.6178 -6.502359 26.63931
10.73473 -6.680923 26.54583
10.89286 -6.40621 27.21032
10.88617 -6.222493 27.26514
10.54493 -6.07127 26.78875
10.55306 -6.294418 26.72216
10.92654 -6.038775 27.30284
11.01121 -5.867578 27.32083
10.69681 -5.64018 26.85639
10.59396 -5.848121 26.83454
11.13442 -5.720567 27.31791
11.28778 -5.607762 27.29425
11.03274 -5.3246 26.82411
10.84647 -5.461617 26.85284
11.46083 -5.53685 27.25149
11.64177 -5.512663 27.19253
11.46271 -5.20909 26.70055
11.24293 -5.238468 26.77217
11.81828 -5.53685 27.12139
11.97833 -5.607762 27.04291
11.87151 -5.3246 26.51883
11.6771 -5.238468 26.61414
12.11102 -5.720567 26.96246
12.20728 -5.867578 26.8855
12.14959 -5.64018 26.32763
12.03266 -5.461617 26.4211
12.26057 -6.038775 26.81728
12.22246 -6.07127 26.17818
12.21432 -5.848121 26.24477
11.14227 -5.370605 24.3446
11.25838 -5.355749 24.35836
11.14703 -5.501222 24.30562
11.21265 -5.208853 24.41689
11.31756 -5.182649 24.46754
11.37009 -5.351405 24.4003
11.26411 -5.513387 24.31132
11.03593 -5.144369 24.44781
11.13004 -5.082711 24.48293
11.10437 -5.248889 24.3931
11.0162 -4.985919 24.55196
11.09187 -4.926538 24.62271
11.22266 -5.037735 24.54341
10.8278 -5.013752 24.56081
10.87886 -4.925073 24.6193
10.9416 -5.064168 24.50502
10.72741 -4.90432 24.68034
10.76012 -4.832795 24.7702
10.93411 -4.856637 24.70007
10.57367 -5.013752 24.65331
10.57215 -4.925073 24.73093
10.70232 -4.996555 24.61139
10.42367 -4.985919 24.76762
10.41117 -4.926538 24.87047
10.58175 -4.856637 24.82832
10.34161 -5.144369 24.70053
10.29208 -5.082711 24.78792
10.45064 -5.064168 24.68371
10.18636 -5.208853 24.79043
10.13854 -5.182649 24.89667
10.26 -5.037735 24.89379
10.1938 -5.370605 24.68981
10.1137 -5.355749 24.77499
10.25401 -5.248889 24.70261
10.07906 -5.513387 24.74264
10.01529 -5.532502 24.84177
10.05508 -5.351405 24.87893
10.16986 -5.631839 24.62404
10.08481 -5.671025 24.6956
10.1651 -5.501222 24.66301
10.13054 -5.817921 24.63707
10.07442 -5.882356 24.72049
10.02188 -5.7136 24.78773
10.2762 -5.858075 24.52082
10.21314 -5.944063 24.57104
10.20776 -5.753555 24.57554
10.32699 -6.040855 24.502
10.3001 -6.138466 24.56532
10.16932 -6.02727 24.64463
10.48432 -5.988692 24.40783
10.46432 -6.101701 24.43467
10.37053 -5.938276 24.46362
10.61578 -6.122455 24.37362
10.63187 -6.232209 24.41784
10.45787 -6.208367 24.48797
10.73846 -5.988692 24.31533
10.77103 -6.101701 24.32303
10.60982 -6.005888 24.35725
10.91952 -6.040855 24.28634
10.98081 -6.138466 24.31756
10.81023 -6.208367 24.35972
10.97052 -5.858075 24.26811
11.0511 -5.944063 24.26605
10.86149 -5.938276 24.28493
11.15682 -5.817921 24.26353
11.25343 -5.882356 24.29136
11.13198 -6.02727 24.29425
11.11832 -5.631839 24.27882
11.22948 -5.671025 24.27898
11.05812 -5.753555 24.26603
11.37669 -5.532502 24.34626
11.33691 -5.7136 24.3091
11.55122 -5.8815 24.89793
11.46775 -6.050256 24.88019
11.49154 -6.060277 24.7636
11.58329 -5.874781 24.7831
11.59101 -5.700402 24.93509
11.34629 -6.19517 24.88307
11.19512 -6.306366 24.90639
11.19187 -6.341794 24.79239
11.35803 -6.219567 24.76677
11.02454 -6.376267 24.94854
10.84618 -6.400109 25.00666
10.80831 -6.444837 24.90262
11.00437 -6.41863 24.83873
10.67219 -6.376267 25.07679
10.51442 -6.306366 25.15414
10.44364 -6.341794 25.06473
10.61706 -6.41863 24.9797
10.38363 -6.19517 25.23345
10.28873 -6.050256 25.30931
10.19556 -6.060277 25.23529
10.29988 -6.219567 25.15191
10.2362 -5.8815 25.37656
10.2296 -5.700402 25.4306
10.13057 -5.675718 25.36861
10.13782 -5.874781 25.30921
10.26939 -5.519305 25.46775
10.35286 -5.350549 25.48549
10.26605 -5.291159 25.42895
10.1743 -5.476656 25.40945
10.47432 -5.205635 25.48261
10.62549 -5.094439 25.4593
10.56573 -5.009642 25.40015
10.39956 -5.131869 25.42578
10.79607 -5.024538 25.41714
10.97443 -5.000696 25.35902
10.94928 -4.9066 25.28993
10.75323 -4.932807 25.35382
11.14842 -5.024538 25.28889
11.30619 -5.094439 25.21154
11.31396 -5.009642 25.12782
11.14053 -4.932807 25.21285
11.43698 -5.205635 25.13223
11.53188 -5.350549 25.05637
11.56203 -5.291159 24.95725
11.45772 -5.131869 25.04064
11.58441 -5.519305 24.98913
11.62703 -5.675718 24.82394
11.61977 -5.476656 24.88334
9.979271 -5.557187 24.95292
9.973404 -5.585803 25.06871
10.02301 -5.358124 24.99376
9.986519 -5.756249 24.89352
9.981064 -5.796145 25.00594
9.99807 -5.616452 25.18145
10.01962 -5.375461 25.11186
10.05164 -5.647102 25.28368
10.04514 -5.402266 25.2254
10.00587 -5.830638 25.11754
10.05931 -5.857443 25.22091
10.09786 -5.43676 25.32684
10.19481 -5.240753 25.34744
10.14385 -5.202676 25.24638
11.46848 -5.358124 24.46765
11.47573 -5.557187 24.40825
11.54699 -5.375461 24.55595
11.41073 -5.172627 24.54157
11.48597 -5.179454 24.63405
11.60042 -5.402266 24.65932
11.55465 -5.585803 24.49318
11.62523 -5.43676 24.77092
11.60822 -5.616452 24.59541
11.53828 -5.202676 24.73885
11.56421 -5.240753 24.84902
11.6329 -5.647102 24.70815
11.58668 -5.857443 24.665
11.56116 -5.830638 24.55146
11.48973 -6.053451 24.64439
11.46245 -6.030228 24.53048
11.50844 -5.796145 24.45002
11.43199 -5.756249 24.36741
11.30642 -5.013338 24.62495
11.37575 -5.011139 24.72216
11.42605 -5.031285 24.82857
11.45399 -5.072438 24.93713
11.16266 -4.89111 24.71213
11.22384 -4.881987 24.81427
11.27136 -4.899771 24.92237
11.30209 -4.943285 25.02925
10.98923 -4.814275 24.79716
11.0406 -4.800797 24.90412
11.08477 -4.817099 25.01386
11.11884 -4.862097 25.11909
10.79798 -4.788068 24.87424
10.8385 -4.773106 24.98557
10.87899 -4.7889 25.0968
10.91675 -4.834404 25.20055
10.60193 -4.814275 24.93813
10.63134 -4.800797 25.05308
10.66804 -4.817099 25.16554
10.70958 -4.862097 25.26805
10.41443 -4.89111 24.98446
10.43321 -4.881987 25.10204
10.46629 -4.899771 25.21539
10.51146 -4.943285 25.31701
10.24826 -5.013338 25.01009
10.25764 -5.011139 25.12912
10.2875 -5.031285 25.24297
10.33588 -5.072438 25.34409
10.11475 -5.172627 25.01326
10.11656 -5.179454 25.13247
10.04427 -5.941746 24.8196
10.04208 -5.992151 24.92784
10.06801 -6.030228 25.03801
10.12033 -6.053451 25.14281
10.14858 -6.101036 24.73622
10.15231 -6.160467 24.83973
10.18024 -6.20162 24.94829
10.23055 -6.221766 25.0547
10.29234 -6.223263 24.64904
10.30421 -6.289619 24.74761
10.33493 -6.333133 24.85449
10.38245 -6.350918 24.96259
10.46576 -6.300098 24.56401
10.48746 -6.370808 24.65776
10.52152 -6.415806 24.763
10.5657 -6.432107 24.87274
10.65701 -6.326305 24.48693
10.68954 -6.3985 24.57631
10.72731 -6.444004 24.68006
10.76779 -6.459799 24.79129
10.85307 -6.300098 24.42304
10.89671 -6.370808 24.50881
10.93826 -6.415806 24.61132
10.97496 -6.432107 24.72378
11.04057 -6.223263 24.37671
11.09484 -6.289619 24.45985
11.14001 -6.333133 24.56146
11.17308 -6.350918 24.67482
11.20673 -6.101036 24.35108
11.27042 -6.160467 24.43277
11.31879 -6.20162 24.53389
11.34866 -6.221766 24.64774
11.34024 -5.941746 24.34791
11.41149 -5.992151 24.42942
10.90667 -5.108202 23.4728
10.90366 -5.188643 23.70338
10.91216 -5.258693 23.42789
10.86614 -5.068109 23.7514
10.94109 -5.179264 24.07227
10.97533 -5.289224 24.02845
10.90838 -5.317993 23.66478
10.78416 -4.847542 23.59172
10.79836 -4.964604 23.80559
10.86301 -4.967966 23.52868
10.70495 -4.885182 23.86224
10.79404 -5.012384 24.17338
10.87926 -5.084839 24.1217
10.54436 -4.697051 23.7219
10.59226 -4.835255 23.91749
10.67547 -4.755138 23.65762
10.46799 -4.818226 23.96758
10.57787 -4.951302 24.26947
10.69124 -4.966837 24.22378
10.25156 -4.697051 23.82848
10.34058 -4.835255 24.00909
10.39978 -4.677238 23.78018
10.21875 -4.885182 24.0392
10.35049 -5.012384 24.33481
10.46165 -4.966837 24.30734
9.984184 -4.847542 23.88288
10.11078 -4.964604 24.05585
10.10981 -4.755138 23.86351
10.02402 -5.068109 24.05791
10.17286 -5.179264 24.35188
10.252 -5.084839 24.35
9.813896 -5.108202 23.87054
9.964409 -5.188643 24.04524
9.883255 -4.967966 23.88528
9.935989 -5.317993 24.0187
10.09254 -5.407226 24.31611
10.11847 -5.289224 24.34032
9.786308 -5.409185 23.79475
9.940704 -5.447342 23.9801
9.78083 -5.258693 23.83966
9.978226 -5.567876 23.93207
10.13107 -5.635188 24.23709
10.09684 -5.525228 24.2809
9.908829 -5.669844 23.67583
10.04601 -5.671381 23.87789
9.829971 -5.549421 23.73887
10.13942 -5.750804 23.82124
10.27813 -5.802068 24.13598
10.19291 -5.729613 24.18766
10.14861 -5.820335 23.54565
10.25211 -5.800731 23.76599
10.01751 -5.762248 23.60993
10.37638 -5.81776 23.7159
10.4943 -5.86315 24.03988
10.38093 -5.847615 24.08557
10.44142 -5.820335 23.43907
10.50378 -5.800731 23.67439
10.29321 -5.840148 23.48737
10.62562 -5.750804 23.64428
10.72167 -5.802068 23.97454
10.61052 -5.847615 24.00201
10.70879 -5.669844 23.38467
10.73359 -5.671381 23.62763
10.58318 -5.762248 23.40404
10.82034 -5.567876 23.62557
10.89931 -5.635188 23.95747
10.82017 -5.729613 23.95935
10.87909 -5.409185 23.39701
10.87996 -5.447342 23.63824
10.80972 -5.549421 23.38227
10.97962 -5.407226 23.99324
10.9537 -5.525228 23.96903
11.10776 -5.625808 24.26412
11.04814 -5.746343 24.25145
11.13618 -5.496459 24.29066
10.96139 -5.849848 24.25351
10.85342 -5.92927 24.27016
10.73158 -5.979197 24.30027
10.60419 -5.996226 24.34178
10.4799 -5.979197 24.39187
10.36723 -5.92927 24.44712
10.2738 -5.849848 24.50377
10.20602 -5.746343 24.55795
10.1685 -5.625808 24.60598
10.16379 -5.496459 24.64458
10.19221 -5.36711 24.67112
10.25183 -5.246575 24.68379
10.33858 -5.14307 24.68172
10.44655 -5.063648 24.66507
10.56839 -5.013721 24.63497
10.69579 -4.996692 24.59345
10.82006 -5.013721 24.54336
10.93275 -5.063648 24.48811
11.02616 -5.14307 24.43147
11.09394 -5.246575 24.37728
11.13146 -5.36711 24.32925
10.34227 -4.573234 21.65443
10.65673 -4.686404 22.13421
10.34862 -4.747423 21.60246
10.59634 -4.492395 22.21152
10.79861 -4.650867 22.76727
10.85902 -4.844876 22.68997
10.66432 -4.894602 22.07208
10.20046 -4.271532 21.79208
10.48724 -4.325795 22.29873
10.29174 -4.410917 21.71911
10.33688 -4.197958 22.38991
10.53916 -4.356431 22.94567
10.68952 -4.484268 22.85449
9.92292 -4.097344 21.94277
10.1555 -4.117597 22.47884
10.07467 -4.164578 21.86836
9.955475 -4.090188 22.55946
10.15775 -4.24866 23.11522
10.35778 -4.276069 23.0346
9.584007 -4.097344 22.06612
9.75042 -4.117597 22.62628
9.755562 -4.074412 22.01022
9.554314 -4.197958 22.67474
9.756592 -4.356431 23.2305
9.952698 -4.276069 23.18204
9.274536 -4.271532 22.12909
9.380524 -4.325795 22.70154
9.419937 -4.164578 22.10666
9.240891 -4.492395 22.70486
9.443169 -4.650867 23.26062
9.582802 -4.484268 23.2573
9.077423 -4.573234 22.1148
9.144928 -4.686404 22.68446
9.157707 -4.410917 22.13186
9.099182 -4.894602 22.64175
9.30146 -5.053074 23.19751
9.347206 -4.844876 23.24022
9.045502 -4.921611 22.02708
9.106766 -5.1028 22.57962
9.039154 -4.747423 22.07906
9.167168 -5.296809 22.50231
9.369446 -5.455282 23.05807
9.309052 -5.261272 23.13538
9.187309 -5.223313 21.88944
9.276268 -5.463409 22.4151
9.096031 -5.083928 21.96241
9.426628 -5.591246 22.32392
9.628906 -5.749718 22.87968
9.478546 -5.621882 22.97086
9.464851 -5.397501 21.73875
9.608002 -5.671607 22.23499
9.313103 -5.330267 21.81316
9.808029 -5.699017 22.15437
10.01031 -5.857489 22.71013
9.81028 -5.830079 22.79075
9.803772 -5.397501 21.6154
10.01308 -5.671607 22.08755
9.63221 -5.420434 21.6713
10.20919 -5.591246 22.03909
10.41147 -5.749718 22.59485
10.21537 -5.830079 22.64331
10.11324 -5.223313 21.55243
10.38298 -5.463409 22.01229
9.967842 -5.330267 21.57485
10.52261 -5.296809 22.00897
10.72489 -5.455282 22.56473
10.58527 -5.621882 22.56805
10.31035 -4.921611 21.56672
10.61858 -5.1028 22.02937
10.23006 -5.083928 21.54965
10.8666 -5.053074 22.62784
10.82085 -5.261272 22.58512
10.88842 -5.378769 23.18223
10.80925 -5.538838 23.1654
10.92616 -5.206995 23.21747
10.69405 -5.676292 23.16813
10.55066 -5.781764 23.19025
10.38886 -5.848067 23.23023
10.21968 -5.870681 23.28536
10.05464 -5.848067 23.35188
9.904999 -5.781764 23.42525
9.780945 -5.676292 23.50048
9.690933 -5.538838 23.57243
9.641098 -5.378769 23.63621
9.634842 -5.206995 23.68747
9.672585 -5.03522 23.72272
9.751755 -4.875152 23.73954
9.866959 -4.737698 23.73681
10.01035 -4.632226 23.71469
10.17214 -4.565923 23.67471
10.34132 -4.543309 23.61958
10.50636 -4.565923 23.55306
10.65601 -4.632226 23.47969
10.78006 -4.737698 23.40446
10.87007 -4.875152 23.33251
10.91991 -5.03522 23.26873
-3.630974 9.95415 27.75
-3.488697 10.00359 27.75
7.561646 -0.3648505 18.75385
7.561646 -8.652338 18.75385
7.19001 -8.627183 18.54271
6.481789 -0.3648505 18.30744
6.776573 -8.641779 18.3817
7.043663 -0.3648505 18.47756
6.336258 -8.679132 18.28227
5.897545 -8.723989 18.25
5.897545 -0.3648505 18.25
4.673019 -3.962616 18.25
5.787338 -8.733691 18.25
5.726173 1.046525 18.25
5.222015 2.375875 18.25
4.414375 3.545945 18.25
2.091301 5.149451 18.25
2.604137 -5.656307 18.25
3.350189 4.488734 18.25
1.336868 -6.108876 18.25
-0.7108688 5.489695 18.25
0 -6.262396 18.25
0.7108727 5.489695 18.25
-1.336868 -6.108876 18.25
-3.350185 4.488734 18.25
-2.604137 -5.656307 18.25
-2.091297 5.149451 18.25
-4.414375 3.545945 18.25
-4.673019 -3.962616 18.25
-5.222015 2.375875 18.25
-5.726173 1.046525 18.25
-5.897545 -0.3648505 18.25
-5.897545 -8.723989 18.25
-5.787338 -8.733691 18.25
-5.676857 -8.739517 18.25
-5.566238 -8.74146 18.25
-4.673019 -8.74146 18.25
-3.735825 -4.928253 18.25
3.735825 -4.928253 18.25
4.673019 -8.74146 18.25
5.566238 -8.74146 18.25
5.676857 -8.739517 18.25
0.3878441 -8.661663 19.25
0.3878441 -9.74146 19.25
1.159351 -8.515151 19.20099
2.216541 -9.517319 19.02586
1.899445 -8.206602 19.09178
1.307846 -9.675502 19.18404
2.577625 -7.764023 18.93631
3.963348 -8.931617 18.44016
3.616165 -6.685271 18.5885
3.104713 -9.268516 18.77706
3.963348 -6.072337 18.44016
3.173027 -7.22855 18.75385
4.12986 -8.849502 18.35804
4.34433 -5.033292 18.28856
4.305664 -8.789823 18.29836
4.487762 -8.753603 18.26214
-3.963345 -6.072337 18.44016
-3.963345 -8.931617 18.44016
-3.616165 -6.685271 18.5885
-2.216541 -9.517319 19.02586
-2.577625 -7.764023 18.93631
-3.10471 -9.268516 18.77706
-1.899441 -8.206602 19.09178
-0.3878441 -9.74146 19.25
-1.159351 -8.515151 19.20099
-1.307842 -9.675502 19.18404
-0.3878441 -8.661663 19.25
-3.173031 -7.22855 18.75385
-6.336254 -8.679132 18.28227
-7.043663 -0.3648505 18.47756
-6.776573 -8.641779 18.3817
-6.481789 -0.3648505 18.30744
-7.190006 -8.627183 18.54271
-7.561646 -8.652338 18.75385
-7.561646 -0.3648505 18.75385
-4.487759 -8.753603 18.26214
-4.34433 -5.033292 18.28856
-4.305664 -8.789823 18.29836
-4.129856 -8.849502 18.35804
3.337006 -6.144707 18.35222
2.062382 -6.712204 18.35222
2.285969 -7.400334 18.65192
0.6976242 -7.002293 18.35222
0.7732544 -7.721872 18.65192
-0.6976242 -7.002293 18.35222
-2.062378 -6.712204 18.35222
-2.285965 -7.400334 18.65192
-0.7732544 -7.721872 18.65192
-3.337002 -6.144707 18.35222
-1.624443 -7.749949 18.75385
1.624443 -7.749949 18.75385
0 -7.926497 18.75385
0.1293221 -8.669716 19.25
-0.1293221 -8.669716 19.25
8.13887 5.541022 17.67263
8.645859 4.770298 18.17962
9.08007 3.956357 18.61383
9.437874 3.106047 18.97163
5.566238 8.009964 17.56894
6.614708 7.209271 17.07022
6.262955 7.502552 17.18158
7.309235 6.541407 17.10957
6.974899 6.878876 17.0427
7.609322 6.209282 17.24946
-8.13887 5.541022 17.67263
-7.309231 6.541407 17.10957
-7.609325 6.209282 17.24946
-6.974899 6.878876 17.0427
-6.262951 7.502552 17.18158
-6.614708 7.209271 17.07022
-5.566238 8.009964 17.56894
-9.43787 3.106047 18.97163
-9.080074 3.956357 18.61383
-8.645855 4.770298 18.17962
-4.282726 8.733435 18.29241
-2.907276 9.261588 18.82057
-1.46941 9.583085 19.14206
1.46941 9.583085 19.14206
2.907276 9.261588 18.82057
4.28273 8.733435 18.29241
6.52816 1.022752 18.35222
6.097008 2.349711 18.35222
7.235893 1.173186 18.65192
7.372063 1.317774 18.75385
6.757996 2.644002 18.65192
5.911934 4.349759 18.75385
5.984741 3.983317 18.65192
6.812805 2.916025 18.75385
4.949928 5.132597 18.65192
4.465782 4.594901 18.35222
5.399384 3.55803 18.35222
3.280876 6.447957 18.75385
3.698776 6.041611 18.65192
4.714607 5.547081 18.75385
2.285969 6.670634 18.65192
2.062382 5.982502 18.35222
3.337006 5.415005 18.35222
0 7.196795 18.75385
0.7732544 6.992171 18.65192
1.682625 7.007208 18.75385
-0.7732544 6.992171 18.65192
-0.6976242 6.272591 18.35222
0.6976242 6.272591 18.35222
-3.280876 6.447957 18.75385
-2.285965 6.670634 18.65192
-1.682625 7.007208 18.75385
-3.698772 6.041611 18.65192
-3.337002 5.415005 18.35222
-2.062378 5.982502 18.35222
-5.911934 4.349759 18.75385
-4.949924 5.132597 18.65192
-4.714607 5.547081 18.75385
-5.984741 3.983317 18.65192
-5.39938 3.55803 18.35222
-4.465778 4.594901 18.35222
-7.372059 1.317774 18.75385
-6.757992 2.644002 18.65192
-6.812805 2.916025 18.75385
-7.235889 1.173186 18.65192
-6.52816 1.022752 18.35222
-6.097004 2.349711 18.35222
-8.920414 3.992806 29
-12.62703 2.760531 29
-9.557911 2.254628 29
-7.969959 5.581614 29
-10.72009 6.133587 29
-8.178986 6.133587 29
-5.273376 8.095347 29
-6.890556 7.504065 29
-6.739895 6.965308 29
-5.376038 8.619631 29
-1.843258 9.446164 29
-3.685123 9.443686 29
-3.621849 8.932084 29
-1.873295 9.949187 29
1.843258 9.446164 29
1.873295 9.949187 29
0 9.619551 29
3.685127 9.443686 29
5.273376 8.095347 29
5.376038 8.619631 29
3.621849 8.932084 29
6.890556 7.504065 29
7.969963 5.581614 29
8.178986 6.133587 29
6.739899 6.965308 29
10.72009 6.133587 29
9.557907 2.254628 29
12.62703 2.760531 29
8.92041 3.992806 29
13.45138 -6.564419 29
10.37695 -7.041261 29
13.34656 -6.967976 29
10.25235 -6.643366 29
13.1421 -7.331349 29
10.90401 -7.678473 29
12.85157 -7.630411 29
10.59908 -7.394106 29
12.49426 -7.845305 29
11.67709 -7.972048 29
12.09391 -7.961761 29
11.27148 -7.875481 29
11.9487 4.816821 29
9.623299 8.452195 29
9.465866 7.875035 29
10.93809 6.731793 29
7.931923 9.375945 29
6.234879 11.12466 29
6.163589 10.59197 29
8.040894 9.930184 29
4.21312 11.48717 29
2.157745 12.53901 29
2.138153 12.03509 29
4.255486 12.00241 29
0 12.21955 29
0 12.71955 29
-4.255482 12.00241 29
-2.138149 12.03509 29
-2.157742 12.53901 29
-4.21312 11.48717 29
-8.040894 9.930184 29
-6.163586 10.59197 29
-6.234879 11.12466 29
-7.931919 9.375945 29
-10.93808 6.731793 29
-9.465862 7.875035 29
-9.623295 8.452195 29
-11.9487 4.816821 29
-13.45138 -6.564419 29
-10.25235 -6.643366 29
-13.1421 -7.331349 29
-10.37695 -7.041261 29
-13.34656 -6.967976 29
-10.59908 -7.394106 29
-12.49426 -7.845305 29
-10.90401 -7.678473 29
-12.85157 -7.630411 29
-11.27148 -7.875481 29
-11.67709 -7.972048 29
-12.09391 -7.961761 29
0 10.11955 29
-10.72009 6.133587 29.39745
-8.178986 6.133587 30.84566
-9.978905 6.133587 30.36337
-10.22009 6.133587 30.26347
-10.42719 6.133587 30.10455
-10.58611 6.133587 29.89745
-10.68601 6.133587 29.65627
10.72009 6.133587 29.39745
10.68601 6.133587 29.65627
10.58611 6.133587 29.89745
10.42719 6.133587 30.10455
10.22009 6.133587 30.26347
9.978905 6.133587 30.36337
8.178986 6.133587 30.84566
9.409691 7.939908 30.51589
9.978905 7.237263 30.36337
8.7911 8.599507 30.68164
8.126396 9.212599 30.85975
8.126396 6.200253 30.85975
8.143982 6.178078 30.85504
8.161514 6.155858 30.85034
10.23112 6.889348 30.25712
10.55183 6.407416 29.95259
10.63654 6.271534 29.79753
10.71417 6.143492 29.5053
10.69669 6.172636 29.61246
10.66955 6.217514 29.71123
10.45055 6.564927 30.08034
-10.71417 6.143492 29.5053
-10.69668 6.172636 29.61246
-10.66954 6.217514 29.71123
-10.63654 6.271534 29.79753
-10.55183 6.407416 29.95259
-10.45055 6.564927 30.08034
-10.23112 6.889348 30.25712
-9.978905 7.237263 30.36337
-9.409687 7.939908 30.51589
-8.126392 9.212599 30.85975
-8.7911 8.599507 30.68164
-7.4776 9.732417 31.11774
-7.153679 9.966723 31.32025
-6.849304 10.17293 31.57054
-6.57777 10.34614 31.8618
-6.345905 10.48641 32.1885
-6.149689 10.59985 32.56593
-6.00507 10.68044 32.98107
-4.095356 11.52872 33
-6 10.68322 33
0 12.21955 33
-2.076607 12.04563 33
2.076607 12.04563 33
6 10.68322 33
4.095352 11.52872 33
6.005074 10.68044 32.98107
6.149689 10.59985 32.56593
6.345909 10.48641 32.1885
6.577774 10.34614 31.8618
6.849304 10.17293 31.57054
7.4776 9.732417 31.11774
7.153679 9.966723 31.32025
7.509735 6.907282 31.10064
6.90197 7.493924 31.52227
6.615585 7.739512 31.8163
6.369087 7.937006 32.15131
6.005074 8.207158 32.98107
6.158859 8.096026 32.54498
6 8.210751 33
4.423248 9.130398 33
0.912674 10.07937 33
2.709827 9.759753 33
-2.709824 9.759753 33
-0.912674 10.07937 33
-6 8.210751 33
-4.423248 9.130398 33
-6.00507 8.207158 32.98107
-6.158855 8.096026 32.54498
-6.369083 7.937006 32.15131
-6.615585 7.739512 31.8163
-6.901966 7.493924 31.52227
-8.126392 6.200253 30.85975
-7.509735 6.907282 31.10064
-8.143982 6.178078 30.85504
-8.161514 6.155858 30.85034
3 0 1 2  216 216 216
3 2 1 3  216 216 216
3 4 5 6  216 216 216
3 4 7 5  216 216 216
3 5 3 6  216 216 216
3 6 3 1  216 216 216
3 8 9 10  216 216 216
3 9 11 10  216 216 216
3 12 13 11  216 216 216
3 14 15 12  216 216 216
3 15 14 16  216 216 216
3 17 18 19  216 216 216
3 18 17 20  216 216 216
3 21 22 23  216 216 216
3 22 21 24  216 216 216
3 25 26 27  216 216 216
3 25 0 26  216 216 216
3 26 24 27  216 216 216
3 27 24 21  216 216 216
3 22 20 23  216 216 216
3 23 20 17  216 216 216
3 18 16 19  216 216 216
3 19 16 14  216 216 216
3 15 28 12  216 216 216
3 28 13 12  216 216 216
3 13 29 11  216 216 216
3 29 10 11  216 216 216
3 30 31 32  216 216 216
3 31 30 33  216 216 216
3 34 35 36  216 216 216
3 37 38 34  216 216 216
3 38 37 39  216 216 216
3 40 41 42  216 216 216
3 41 40 43  216 216 216
3 32 44 45  216 216 216
3 46 47 48  216 216 216
3 43 45 46  216 216 216
3 45 43 40  216 216 216
3 41 39 42  216 216 216
3 42 39 37  216 216 216
3 38 49 34  216 216 216
3 34 49 50  216 216 216
3 34 50 35  216 216 216
3 51 52 53  216 216 216
3 52 51 54  216 216 216
3 55 56 57  216 216 216
3 56 55 58  216 216 216
3 59 60 61  216 216 216
3 60 59 62  216 216 216
3 63 64 65  216 216 216
3 64 63 66  216 216 216
3 67 68 69  216 216 216
3 68 67 70  216 216 216
3 71 72 73  216 216 216
3 72 71 74  216 216 216
3 75 76 77  216 216 216
3 76 75 78  216 216 216
3 79 80 81  216 216 216
3 80 79 82  216 216 216
3 48 83 84  216 216 216
3 56 85 57  216 216 216
3 52 50 53  216 216 216
3 35 33 36  216 216 216
3 36 33 30  216 216 216
3 31 44 32  216 216 216
3 44 86 45  216 216 216
3 45 86 46  216 216 216
3 47 83 48  216 216 216
3 83 82 84  216 216 216
3 84 82 79  216 216 216
3 80 78 81  216 216 216
3 81 78 75  216 216 216
3 76 74 77  216 216 216
3 77 74 71  216 216 216
3 72 70 73  216 216 216
3 73 70 67  216 216 216
3 68 66 69  216 216 216
3 69 66 63  216 216 216
3 64 62 65  216 216 216
3 65 62 59  216 216 216
3 60 58 61  216 216 216
3 61 58 55  216 216 216
3 53 50 49  216 216 216
3 85 54 57  216 216 216
3 47 46 86  216 216 216
3 57 54 51  216 216 216
3 87 20 88  216 216 216
3 20 87 18  216 216 216
3 89 16 90  216 216 216
3 16 89 15  216 216 216
3 91 13 92  216 216 216
3 93 10 91  216 216 216
3 10 93 8  216 216 216
3 94 95 96  216 216 216
3 95 94 97  216 216 216
3 98 99 100  216 216 216
3 99 98 101  216 216 216
3 102 103 104  216 216 216
3 103 102 105  216 216 216
3 106 107 108  216 216 216
3 107 106 109  216 216 216
3 110 111 112  216 216 216
3 111 110 113  216 216 216
3 114 7 115  216 216 216
3 7 114 5  216 216 216
3 116 3 117  216 216 216
3 3 116 2  216 216 216
3 118 0 119  216 216 216
3 120 24 118  216 216 216
3 24 120 22  216 216 216
3 7 113 115  216 216 216
3 115 113 110  216 216 216
3 111 109 112  216 216 216
3 112 109 106  216 216 216
3 107 105 108  216 216 216
3 108 105 102  216 216 216
3 103 101 104  216 216 216
3 104 101 98  216 216 216
3 99 97 100  216 216 216
3 100 97 94  216 216 216
3 95 8 96  216 216 216
3 96 8 93  216 216 216
3 10 29 91  216 216 216
3 29 13 91  216 216 216
3 13 28 92  216 216 216
3 28 15 92  216 216 216
3 92 15 89  216 216 216
3 16 18 90  216 216 216
3 90 18 87  216 216 216
3 20 22 88  216 216 216
3 88 22 120  216 216 216
3 24 26 118  216 216 216
3 26 0 118  216 216 216
3 0 2 119  216 216 216
3 119 2 116  216 216 216
3 3 5 117  216 216 216
3 117 5 114  216 216 216
3 121 87 122  216 216 216
3 87 121 90  216 216 216
3 123 89 124  216 216 216
3 89 123 92  216 216 216
3 125 91 126  216 216 216
3 91 125 93  216 216 216
3 127 96 128  216 216 216
3 96 127 94  216 216 216
3 129 100 130  216 216 216
3 100 129 98  216 216 216
3 131 104 132  216 216 216
3 104 131 102  216 216 216
3 133 108 134  216 216 216
3 108 133 106  216 216 216
3 135 112 136  216 216 216
3 112 135 110  216 216 216
3 137 115 138  216 216 216
3 115 137 114  216 216 216
3 139 117 140  216 216 216
3 117 139 116  216 216 216
3 141 119 142  216 216 216
3 119 141 118  216 216 216
3 143 120 144  216 216 216
3 120 143 88  216 216 216
3 120 118 144  216 216 216
3 144 118 141  216 216 216
3 119 116 142  216 216 216
3 142 116 139  216 216 216
3 117 114 140  216 216 216
3 140 114 137  216 216 216
3 115 110 138  216 216 216
3 138 110 135  216 216 216
3 112 106 136  216 216 216
3 136 106 133  216 216 216
3 108 102 134  216 216 216
3 134 102 131  216 216 216
3 104 98 132  216 216 216
3 132 98 129  216 216 216
3 100 94 130  216 216 216
3 130 94 127  216 216 216
3 96 93 128  216 216 216
3 128 93 125  216 216 216
3 91 92 126  216 216 216
3 126 92 123  216 216 216
3 89 90 124  216 216 216
3 124 90 121  216 216 216
3 87 88 122  216 216 216
3 122 88 143  216 216 216
3 145 146 147  216 216 216
3 146 145 148  216 216 216
3 146 148 149  216 216 216
3 146 149 150  216 216 216
3 146 150 151  216 216 216
3 146 151 147  216 216 216
3 152 153 154  216 216 216
3 153 152 155  216 216 216
3 153 155 156  216 216 216
3 153 156 157  216 216 216
3 153 157 148  216 216 216
3 153 148 154  216 216 216
3 158 159 160  216 216 216
3 159 158 161  216 216 216
3 159 161 162  216 216 216
3 159 162 163  216 216 216
3 159 163 155  216 216 216
3 159 155 160  216 216 216
3 164 165 166  216 216 216
3 165 164 167  216 216 216
3 165 167 168  216 216 216
3 165 168 169  216 216 216
3 165 169 161  216 216 216
3 165 161 166  216 216 216
3 170 171 172  216 216 216
3 171 170 173  216 216 216
3 171 173 174  216 216 216
3 171 174 175  216 216 216
3 171 175 167  216 216 216
3 171 167 172  216 216 216
3 176 177 178  216 216 216
3 177 176 179  216 216 216
3 177 179 180  216 216 216
3 177 180 181  216 216 216
3 177 181 173  216 216 216
3 177 173 178  216 216 216
3 182 183 184  216 216 216
3 183 182 185  216 216 216
3 183 185 186  216 216 216
3 183 186 187  216 216 216
3 183 187 179  216 216 216
3 183 179 184  216 216 216
3 188 189 190  216 216 216
3 189 188 191  216 216 216
3 189 191 192  216 216 216
3 189 192 193  216 216 216
3 189 193 185  216 216 216
3 189 185 190  216 216 216
3 194 195 196  216 216 216
3 195 194 197  216 216 216
3 195 197 198  216 216 216
3 195 198 199  216 216 216
3 195 199 191  216 216 216
3 195 191 196  216 216 216
3 200 201 202  216 216 216
3 201 200 203  216 216 216
3 201 203 204  216 216 216
3 201 204 205  216 216 216
3 201 205 197  216 216 216
3 201 197 202  216 216 216
3 206 207 208  216 216 216
3 207 206 209  216 216 216
3 207 209 210  216 216 216
3 207 210 211  216 216 216
3 207 211 203  216 216 216
3 207 203 208  216 216 216
3 212 213 214  216 216 216
3 213 212 151  216 216 216
3 213 151 215  216 216 216
3 213 215 216  216 216 216
3 213 216 209  216 216 216
3 213 209 214  216 216 216
3 143 217 122  216 216 216
3 217 143 218  216 216 216
3 217 218 219  216 216 216
3 217 219 220  216 216 216
3 217 220 221  216 216 216
3 217 221 122  216 216 216
3 141 222 144  216 216 216
3 222 141 223  216 216 216
3 222 223 224  216 216 216
3 222 224 225  216 216 216
3 222 225 218  216 216 216
3 222 218 144  216 216 216
3 139 226 142  216 216 216
3 226 139 227  216 216 216
3 226 227 228  216 216 216
3 226 228 229  216 216 216
3 226 229 223  216 216 216
3 226 223 142  216 216 216
3 137 230 140  216 216 216
3 230 137 231  216 216 216
3 230 231 232  216 216 216
3 230 232 233  216 216 216
3 230 233 227  216 216 216
3 230 227 140  216 216 216
3 135 234 138  216 216 216
3 234 135 235  216 216 216
3 234 235 236  216 216 216
3 234 236 237  216 216 216
3 234 237 231  216 216 216
3 234 231 138  216 216 216
3 133 238 136  216 216 216
3 238 133 239  216 216 216
3 238 239 240  216 216 216
3 238 240 241  216 216 216
3 238 241 235  216 216 216
3 238 235 136  216 216 216
3 131 242 134  216 216 216
3 242 131 243  216 216 216
3 242 243 244  216 216 216
3 242 244 245  216 216 216
3 242 245 239  216 216 216
3 242 239 134  216 216 216
3 129 246 132  216 216 216
3 246 129 247  216 216 216
3 246 247 248  216 216 216
3 246 248 249  216 216 216
3 246 249 243  216 216 216
3 246 243 132  216 216 216
3 127 250 130  216 216 216
3 250 127 251  216 216 216
3 250 251 252  216 216 216
3 250 252 253  216 216 216
3 250 253 247  216 216 216
3 250 247 130  216 216 216
3 125 254 128  216 216 216
3 254 125 255  216 216 216
3 254 255 256  216 216 216
3 254 256 257  216 216 216
3 254 257 251  216 216 216
3 254 251 128  216 216 216
3 123 258 126  216 216 216
3 258 123 259  216 216 216
3 258 259 260  216 216 216
3 258 260 261  216 216 216
3 258 261 255  216 216 216
3 258 255 126  216 216 216
3 121 262 124  216 216 216
3 262 121 221  216 216 216
3 262 221 263  216 216 216
3 262 263 264  216 216 216
3 262 264 259  216 216 216
3 262 259 124  216 216 216
3 134 239 133  216 216 216
3 184 179 176  216 216 216
3 180 265 181  216 216 216
3 179 187 180  216 216 216
3 265 266 267  216 216 216
3 265 267 181  216 216 216
3 265 180 268  216 216 216
3 265 268 269  216 216 216
3 265 269 266  216 216 216
3 266 240 270  216 216 216
3 266 270 267  216 216 216
3 270 240 245  216 216 216
3 270 245 271  216 216 216
3 270 271 272  216 216 216
3 270 272 267  216 216 216
3 240 266 241  216 216 216
3 245 240 239  216 216 216
3 178 173 170  216 216 216
3 132 243 131  216 216 216
3 172 167 164  216 216 216
3 130 247 129  216 216 216
3 166 161 158  216 216 216
3 128 251 127  216 216 216
3 160 155 152  216 216 216
3 126 255 125  216 216 216
3 154 148 145  216 216 216
3 124 259 123  216 216 216
3 147 151 212  216 216 216
3 122 221 121  216 216 216
3 214 209 206  216 216 216
3 144 218 143  216 216 216
3 208 203 200  216 216 216
3 142 223 141  216 216 216
3 202 197 194  216 216 216
3 140 227 139  216 216 216
3 196 191 188  216 216 216
3 138 231 137  216 216 216
3 190 185 182  216 216 216
3 136 235 135  216 216 216
3 215 151 150  216 216 216
3 215 150 273  216 216 216
3 215 273 274  216 216 216
3 215 274 216  216 216 216
3 273 275 274  216 216 216
3 273 150 276  216 216 216
3 273 276 277  216 216 216
3 273 277 275  216 216 216
3 275 264 278  216 216 216
3 275 278 274  216 216 216
3 278 264 263  216 216 216
3 278 263 279  216 216 216
3 278 279 280  216 216 216
3 278 280 274  216 216 216
3 264 275 260  216 216 216
3 264 260 259  216 216 216
3 279 263 220  216 216 216
3 279 220 281  216 216 216
3 279 281 282  216 216 216
3 279 282 280  216 216 216
3 216 274 280  216 216 216
3 216 280 210  216 216 216
3 216 210 209  216 216 216
3 220 263 221  216 216 216
3 150 149 276  216 216 216
3 148 157 149  216 216 216
3 276 149 283  216 216 216
3 276 283 284  216 216 216
3 276 284 277  216 216 216
3 261 260 277  216 216 216
3 261 277 284  216 216 216
3 261 284 256  216 216 216
3 261 256 255  216 216 216
3 275 277 260  216 216 216
3 149 157 283  216 216 216
3 283 157 285  216 216 216
3 283 285 286  216 216 216
3 283 286 284  216 216 216
3 256 284 286  216 216 216
3 256 286 257  216 216 216
3 157 156 285  216 216 216
3 155 163 156  216 216 216
3 285 156 287  216 216 216
3 285 287 288  216 216 216
3 285 288 286  216 216 216
3 257 286 288  216 216 216
3 257 288 252  216 216 216
3 257 252 251  216 216 216
3 156 163 287  216 216 216
3 287 163 289  216 216 216
3 287 289 290  216 216 216
3 287 290 288  216 216 216
3 252 288 290  216 216 216
3 252 290 253  216 216 216
3 163 162 289  216 216 216
3 161 169 162  216 216 216
3 289 162 291  216 216 216
3 289 291 292  216 216 216
3 289 292 290  216 216 216
3 253 290 292  216 216 216
3 253 292 248  216 216 216
3 253 248 247  216 216 216
3 162 169 291  216 216 216
3 291 169 293  216 216 216
3 291 293 294  216 216 216
3 291 294 292  216 216 216
3 248 292 294  216 216 216
3 248 294 249  216 216 216
3 169 168 293  216 216 216
3 167 175 168  216 216 216
3 293 168 295  216 216 216
3 293 295 296  216 216 216
3 293 296 294  216 216 216
3 249 294 296  216 216 216
3 249 296 244  216 216 216
3 249 244 243  216 216 216
3 168 175 295  216 216 216
3 295 175 272  216 216 216
3 295 272 271  216 216 216
3 295 271 296  216 216 216
3 244 296 271  216 216 216
3 244 271 245  216 216 216
3 267 272 174  216 216 216
3 267 174 181  216 216 216
3 174 173 181  216 216 216
3 175 174 272  216 216 216
3 180 187 268  216 216 216
3 268 187 297  216 216 216
3 268 297 298  216 216 216
3 268 298 269  216 216 216
3 266 269 241  216 216 216
3 241 269 236  216 216 216
3 241 236 235  216 216 216
3 187 186 297  216 216 216
3 185 193 186  216 216 216
3 297 186 299  216 216 216
3 297 299 300  216 216 216
3 297 300 298  216 216 216
3 237 236 298  216 216 216
3 237 298 300  216 216 216
3 237 300 232  216 216 216
3 237 232 231  216 216 216
3 269 298 236  216 216 216
3 186 193 299  216 216 216
3 299 193 301  216 216 216
3 299 301 302  216 216 216
3 299 302 300  216 216 216
3 232 300 302  216 216 216
3 232 302 233  216 216 216
3 193 192 301  216 216 216
3 191 199 192  216 216 216
3 301 192 303  216 216 216
3 301 303 304  216 216 216
3 301 304 302  216 216 216
3 233 302 304  216 216 216
3 233 304 228  216 216 216
3 233 228 227  216 216 216
3 192 199 303  216 216 216
3 303 199 305  216 216 216
3 303 305 306  216 216 216
3 303 306 304  216 216 216
3 228 304 306  216 216 216
3 228 306 229  216 216 216
3 199 198 305  216 216 216
3 197 205 198  216 216 216
3 305 198 307  216 216 216
3 305 307 308  216 216 216
3 305 308 306  216 216 216
3 229 306 308  216 216 216
3 229 308 224  216 216 216
3 229 224 223  216 216 216
3 198 205 307  216 216 216
3 307 205 309  216 216 216
3 307 309 310  216 216 216
3 307 310 308  216 216 216
3 224 308 310  216 216 216
3 224 310 225  216 216 216
3 205 204 309  216 216 216
3 203 211 204  216 216 216
3 309 204 311  216 216 216
3 309 311 312  216 216 216
3 309 312 310  216 216 216
3 225 310 312  216 216 216
3 225 312 219  216 216 216
3 225 219 218  216 216 216
3 204 211 311  216 216 216
3 311 211 282  216 216 216
3 311 282 281  216 216 216
3 311 281 312  216 216 216
3 219 312 281  216 216 216
3 219 281 220  216 216 216
3 280 282 210  216 216 216
3 211 210 282  216 216 216
3 313 314 315  216 216 216
3 314 313 316  216 216 216
3 314 316 317  216 216 216
3 314 317 318  216 216 216
3 314 318 319  216 216 216
3 314 319 315  216 216 216
3 320 321 322  216 216 216
3 321 320 323  216 216 216
3 321 323 324  216 216 216
3 321 324 325  216 216 216
3 321 325 316  216 216 216
3 321 316 322  216 216 216
3 326 327 328  216 216 216
3 327 326 329  216 216 216
3 327 329 330  216 216 216
3 327 330 331  216 216 216
3 327 331 323  216 216 216
3 327 323 328  216 216 216
3 332 333 334  216 216 216
3 333 332 335  216 216 216
3 333 335 336  216 216 216
3 333 336 337  216 216 216
3 333 337 329  216 216 216
3 333 329 334  216 216 216
3 338 339 340  216 216 216
3 339 338 341  216 216 216
3 339 341 342  216 216 216
3 339 342 343  216 216 216
3 339 343 335  216 216 216
3 339 335 340  216 216 216
3 344 345 346  216 216 216
3 345 344 347  216 216 216
3 345 347 348  216 216 216
3 345 348 349  216 216 216
3 345 349 341  216 216 216
3 345 341 346  216 216 216
3 350 351 352  216 216 216
3 351 350 353  216 216 216
3 351 353 354  216 216 216
3 351 354 355  216 216 216
3 351 355 356  216 216 216
3 351 356 352  216 216 216
3 357 358 359  216 216 216
3 358 357 360  216 216 216
3 358 360 361  216 216 216
3 358 361 362  216 216 216
3 358 362 353  216 216 216
3 358 353 359  216 216 216
3 363 364 365  216 216 216
3 364 363 366  216 216 216
3 364 366 367  216 216 216
3 364 367 368  216 216 216
3 364 368 360  216 216 216
3 364 360 365  216 216 216
3 369 370 371  216 216 216
3 370 369 372  216 216 216
3 370 372 373  216 216 216
3 370 373 374  216 216 216
3 370 374 366  216 216 216
3 370 366 371  216 216 216
3 375 376 377  216 216 216
3 376 375 378  216 216 216
3 376 378 379  216 216 216
3 376 379 380  216 216 216
3 376 380 372  216 216 216
3 376 372 377  216 216 216
3 381 382 383  216 216 216
3 382 381 319  216 216 216
3 382 319 384  216 216 216
3 382 384 385  216 216 216
3 382 385 378  216 216 216
3 382 378 383  216 216 216
3 212 384 147  216 216 216
3 384 212 385  216 216 216
3 206 379 214  216 216 216
3 379 206 380  216 216 216
3 200 373 208  216 216 216
3 373 200 374  216 216 216
3 194 367 202  216 216 216
3 367 194 368  216 216 216
3 188 361 196  216 216 216
3 361 188 362  216 216 216
3 182 354 190  216 216 216
3 354 182 355  216 216 216
3 176 348 184  216 216 216
3 348 176 349  216 216 216
3 170 342 178  216 216 216
3 342 170 343  216 216 216
3 164 336 172  216 216 216
3 336 164 337  216 216 216
3 158 330 166  216 216 216
3 330 158 331  216 216 216
3 152 324 160  216 216 216
3 324 152 325  216 216 216
3 145 317 154  216 216 216
3 317 145 318  216 216 216
3 352 356 347  216 216 216
3 352 347 344  216 216 216
3 356 355 386  216 216 216
3 356 386 347  216 216 216
3 182 184 355  216 216 216
3 347 386 348  216 216 216
3 348 386 184  216 216 216
3 355 184 386  216 216 216
3 178 342 349  216 216 216
3 178 349 176  216 216 216
3 341 349 342  216 216 216
3 172 336 343  216 216 216
3 172 343 170  216 216 216
3 335 343 336  216 216 216
3 166 330 337  216 216 216
3 166 337 164  216 216 216
3 329 337 330  216 216 216
3 160 324 331  216 216 216
3 160 331 158  216 216 216
3 323 331 324  216 216 216
3 154 317 325  216 216 216
3 154 325 152  216 216 216
3 316 325 317  216 216 216
3 147 384 318  216 216 216
3 147 318 145  216 216 216
3 319 318 384  216 216 216
3 214 379 385  216 216 216
3 214 385 212  216 216 216
3 378 385 379  216 216 216
3 208 373 380  216 216 216
3 208 380 206  216 216 216
3 372 380 373  216 216 216
3 202 367 374  216 216 216
3 202 374 200  216 216 216
3 366 374 367  216 216 216
3 196 361 368  216 216 216
3 196 368 194  216 216 216
3 360 368 361  216 216 216
3 190 354 362  216 216 216
3 190 362 188  216 216 216
3 353 362 354  216 216 216
3 381 315 319  216 216 216
3 322 316 313  216 216 216
3 328 323 320  216 216 216
3 334 329 326  216 216 216
3 340 335 332  216 216 216
3 346 341 338  216 216 216
3 359 353 350  216 216 216
3 365 360 357  216 216 216
3 371 366 363  216 216 216
3 377 372 369  216 216 216
3 383 378 375  216 216 216
3 387 388 389  216 216 216
3 388 387 390  216 216 216
3 388 390 391  216 216 216
3 388 391 392  216 216 216
3 388 392 393  216 216 216
3 388 393 389  216 216 216
3 394 395 396  216 216 216
3 395 394 397  216 216 216
3 395 397 398  216 216 216
3 395 398 399  216 216 216
3 395 399 390  216 216 216
3 395 390 396  216 216 216
3 400 401 402  216 216 216
3 401 400 403  216 216 216
3 401 403 404  216 216 216
3 401 404 405  216 216 216
3 401 405 397  216 216 216
3 401 397 402  216 216 216
3 406 407 408  216 216 216
3 407 406 409  216 216 216
3 407 409 410  216 216 216
3 407 410 411  216 216 216
3 407 411 403  216 216 216
3 407 403 408  216 216 216
3 412 413 414  216 216 216
3 413 412 415  216 216 216
3 413 415 416  216 216 216
3 413 416 417  216 216 216
3 413 417 409  216 216 216
3 413 409 414  216 216 216
3 418 419 420  216 216 216
3 419 418 421  216 216 216
3 419 421 422  216 216 216
3 419 422 423  216 216 216
3 419 423 415  216 216 216
3 419 415 420  216 216 216
3 424 425 426  216 216 216
3 425 424 427  216 216 216
3 425 427 428  216 216 216
3 425 428 429  216 216 216
3 425 429 421  216 216 216
3 425 421 426  216 216 216
3 430 431 432  216 216 216
3 431 430 433  216 216 216
3 431 433 434  216 216 216
3 431 434 435  216 216 216
3 431 435 427  216 216 216
3 431 427 432  216 216 216
3 436 437 438  216 216 216
3 437 436 439  216 216 216
3 437 439 440  216 216 216
3 437 440 441  216 216 216
3 437 441 433  216 216 216
3 437 433 438  216 216 216
3 442 443 444  216 216 216
3 443 442 445  216 216 216
3 443 445 446  216 216 216
3 443 446 447  216 216 216
3 443 447 439  216 216 216
3 443 439 444  216 216 216
3 448 449 450  216 216 216
3 449 448 451  216 216 216
3 449 451 452  216 216 216
3 449 452 453  216 216 216
3 449 453 445  216 216 216
3 449 445 450  216 216 216
3 454 455 456  216 216 216
3 455 454 393  216 216 216
3 455 393 457  216 216 216
3 455 457 458  216 216 216
3 455 458 451  216 216 216
3 455 451 456  216 216 216
3 381 459 315  216 216 216
3 459 381 460  216 216 216
3 459 460 452  216 216 216
3 459 452 458  216 216 216
3 459 458 461  216 216 216
3 459 461 315  216 216 216
3 375 462 383  216 216 216
3 462 375 463  216 216 216
3 462 463 446  216 216 216
3 462 446 453  216 216 216
3 462 453 460  216 216 216
3 462 460 383  216 216 216
3 369 464 377  216 216 216
3 464 369 465  216 216 216
3 464 465 440  216 216 216
3 464 440 447  216 216 216
3 464 447 463  216 216 216
3 464 463 377  216 216 216
3 363 466 371  216 216 216
3 466 363 467  216 216 216
3 466 467 434  216 216 216
3 466 434 441  216 216 216
3 466 441 465  216 216 216
3 466 465 371  216 216 216
3 357 468 365  216 216 216
3 468 357 469  216 216 216
3 468 469 428  216 216 216
3 468 428 435  216 216 216
3 468 435 467  216 216 216
3 468 467 365  216 216 216
3 350 470 359  216 216 216
3 470 350 471  216 216 216
3 470 471 422  216 216 216
3 470 422 429  216 216 216
3 470 429 469  216 216 216
3 470 469 359  216 216 216
3 344 472 352  216 216 216
3 472 344 473  216 216 216
3 472 473 416  216 216 216
3 472 416 423  216 216 216
3 472 423 471  216 216 216
3 472 471 352  216 216 216
3 338 474 346  216 216 216
3 474 338 475  216 216 216
3 474 475 410  216 216 216
3 474 410 417  216 216 216
3 474 417 473  216 216 216
3 474 473 346  216 216 216
3 332 476 340  216 216 216
3 476 332 477  216 216 216
3 476 477 404  216 216 216
3 476 404 411  216 216 216
3 476 411 475  216 216 216
3 476 475 340  216 216 216
3 326 478 334  216 216 216
3 478 326 479  216 216 216
3 478 479 398  216 216 216
3 478 398 405  216 216 216
3 478 405 477  216 216 216
3 478 477 334  216 216 216
3 320 480 328  216 216 216
3 480 320 481  216 216 216
3 480 481 391  216 216 216
3 480 391 399  216 216 216
3 480 399 479  216 216 216
3 480 479 328  216 216 216
3 313 482 322  216 216 216
3 482 313 461  216 216 216
3 482 461 457  216 216 216
3 482 457 392  216 216 216
3 482 392 481  216 216 216
3 482 481 322  216 216 216
3 352 471 350  216 216 216
3 426 421 418  216 216 216
3 429 422 421  216 216 216
3 422 471 423  216 216 216
3 420 415 412  216 216 216
3 346 473 344  216 216 216
3 414 409 406  216 216 216
3 340 475 338  216 216 216
3 408 403 400  216 216 216
3 334 477 332  216 216 216
3 402 397 394  216 216 216
3 328 479 326  216 216 216
3 396 390 387  216 216 216
3 322 481 320  216 216 216
3 389 393 454  216 216 216
3 315 461 313  216 216 216
3 456 451 448  216 216 216
3 383 460 381  216 216 216
3 450 445 442  216 216 216
3 377 463 375  216 216 216
3 444 439 436  216 216 216
3 371 465 369  216 216 216
3 438 433 430  216 216 216
3 365 467 363  216 216 216
3 432 427 424  216 216 216
3 359 469 357  216 216 216
3 457 393 392  216 216 216
3 481 392 391  216 216 216
3 458 457 461  216 216 216
3 399 391 390  216 216 216
3 479 399 398  216 216 216
3 405 398 397  216 216 216
3 477 405 404  216 216 216
3 411 404 403  216 216 216
3 475 411 410  216 216 216
3 417 410 409  216 216 216
3 473 417 416  216 216 216
3 423 416 415  216 216 216
3 469 429 428  216 216 216
3 435 428 427  216 216 216
3 467 435 434  216 216 216
3 441 434 433  216 216 216
3 465 441 440  216 216 216
3 447 440 439  216 216 216
3 463 447 446  216 216 216
3 453 446 445  216 216 216
3 460 453 452  216 216 216
3 458 452 451  216 216 216
3 483 484 485  216 216 216
3 484 483 486  216 216 216
3 484 486 487  216 216 216
3 484 487 488  216 216 216
3 484 488 489  216 216 216
3 484 489 485  216 216 216
3 490 491 492  216 216 216
3 491 490 493  216 216 216
3 491 493 494  216 216 216
3 491 494 495  216 216 216
3 491 495 486  216 216 216
3 491 486 492  216 216 216
3 496 497 498  216 216 216
3 497 496 499  216 216 216
3 497 499 500  216 216 216
3 497 500 501  216 216 216
3 497 501 493  216 216 216
3 497 493 498  216 216 216
3 502 503 504  216 216 216
3 503 502 505  216 216 216
3 503 505 506  216 216 216
3 503 506 507  216 216 216
3 503 507 499  216 216 216
3 503 499 504  216 216 216
3 508 509 510  216 216 216
3 509 508 511  216 216 216
3 509 511 512  216 216 216
3 509 512 513  216 216 216
3 509 513 505  216 216 216
3 509 505 510  216 216 216
3 514 515 516  216 216 216
3 515 514 517  216 216 216
3 515 517 518  216 216 216
3 515 518 519  216 216 216
3 515 519 511  216 216 216
3 515 511 516  216 216 216
3 520 521 522  216 216 216
3 521 520 523  216 216 216
3 521 523 524  216 216 216
3 521 524 525  216 216 216
3 521 525 517  216 216 216
3 521 517 522  216 216 216
3 526 527 528  216 216 216
3 527 526 529  216 216 216
3 527 529 530  216 216 216
3 527 530 531  216 216 216
3 527 531 523  216 216 216
3 527 523 528  216 216 216
3 532 533 534  216 216 216
3 533 532 535  216 216 216
3 533 535 536  216 216 216
3 533 536 537  216 216 216
3 533 537 529  216 216 216
3 533 529 534  216 216 216
3 538 539 540  216 216 216
3 539 538 541  216 216 216
3 539 541 542  216 216 216
3 539 542 543  216 216 216
3 539 543 535  216 216 216
3 539 535 540  216 216 216
3 544 545 546  216 216 216
3 545 544 547  216 216 216
3 545 547 548  216 216 216
3 545 548 549  216 216 216
3 545 549 541  216 216 216
3 545 541 546  216 216 216
3 550 551 552  216 216 216
3 551 550 489  216 216 216
3 551 489 553  216 216 216
3 551 553 554  216 216 216
3 551 554 547  216 216 216
3 551 547 552  216 216 216
3 454 555 389  216 216 216
3 555 454 556  216 216 216
3 555 556 557  216 216 216
3 555 557 558  216 216 216
3 555 558 559  216 216 216
3 555 559 389  216 216 216
3 448 560 456  216 216 216
3 560 448 561  216 216 216
3 560 561 562  216 216 216
3 560 562 563  216 216 216
3 560 563 556  216 216 216
3 560 556 456  216 216 216
3 442 564 450  216 216 216
3 564 442 565  216 216 216
3 564 565 566  216 216 216
3 564 566 567  216 216 216
3 564 567 561  216 216 216
3 564 561 450  216 216 216
3 436 568 444  216 216 216
3 568 436 569  216 216 216
3 568 569 570  216 216 216
3 568 570 571  216 216 216
3 568 571 565  216 216 216
3 568 565 444  216 216 216
3 430 572 438  216 216 216
3 572 430 573  216 216 216
3 572 573 574  216 216 216
3 572 574 575  216 216 216
3 572 575 569  216 216 216
3 572 569 438  216 216 216
3 424 576 432  216 216 216
3 576 424 577  216 216 216
3 576 577 578  216 216 216
3 576 578 579  216 216 216
3 576 579 573  216 216 216
3 576 573 432  216 216 216
3 418 580 426  216 216 216
3 580 418 581  216 216 216
3 580 581 582  216 216 216
3 580 582 583  216 216 216
3 580 583 577  216 216 216
3 580 577 426  216 216 216
3 412 584 420  216 216 216
3 584 412 585  216 216 216
3 584 585 586  216 216 216
3 584 586 587  216 216 216
3 584 587 581  216 216 216
3 584 581 420  216 216 216
3 406 588 414  216 216 216
3 588 406 589  216 216 216
3 588 589 590  216 216 216
3 588 590 591  216 216 216
3 588 591 585  216 216 216
3 588 585 414  216 216 216
3 400 592 408  216 216 216
3 592 400 593  216 216 216
3 592 593 594  216 216 216
3 592 594 595  216 216 216
3 592 595 589  216 216 216
3 592 589 408  216 216 216
3 394 596 402  216 216 216
3 596 394 597  216 216 216
3 596 597 598  216 216 216
3 596 598 599  216 216 216
3 596 599 593  216 216 216
3 596 593 402  216 216 216
3 387 600 396  216 216 216
3 600 387 559  216 216 216
3 600 559 601  216 216 216
3 600 601 602  216 216 216
3 600 602 597  216 216 216
3 600 597 396  216 216 216
3 426 577 424  216 216 216
3 522 517 514  216 216 216
3 518 603 519  216 216 216
3 517 525 518  216 216 216
3 603 604 605  216 216 216
3 603 605 519  216 216 216
3 603 518 606  216 216 216
3 603 606 607  216 216 216
3 603 607 604  216 216 216
3 604 608 609  216 216 216
3 604 609 605  216 216 216
3 608 578 610  216 216 216
3 608 610 609  216 216 216
3 608 604 611  216 216 216
3 608 611 579  216 216 216
3 608 579 578  216 216 216
3 610 578 583  216 216 216
3 610 583 612  216 216 216
3 610 612 613  216 216 216
3 610 613 609  216 216 216
3 583 578 577  216 216 216
3 516 511 508  216 216 216
3 420 581 418  216 216 216
3 510 505 502  216 216 216
3 414 585 412  216 216 216
3 504 499 496  216 216 216
3 408 589 406  216 216 216
3 498 493 490  216 216 216
3 402 593 400  216 216 216
3 492 486 483  216 216 216
3 396 597 394  216 216 216
3 485 489 550  216 216 216
3 389 559 387  216 216 216
3 552 547 544  216 216 216
3 456 556 454  216 216 216
3 546 541 538  216 216 216
3 450 561 448  216 216 216
3 540 535 532  216 216 216
3 444 565 442  216 216 216
3 534 529 526  216 216 216
3 438 569 436  216 216 216
3 528 523 520  216 216 216
3 432 573 430  216 216 216
3 553 489 488  216 216 216
3 553 488 614  216 216 216
3 553 614 615  216 216 216
3 553 615 554  216 216 216
3 614 616 615  216 216 216
3 614 488 617  216 216 216
3 614 617 618  216 216 216
3 614 618 616  216 216 216
3 616 619 620  216 216 216
3 616 620 615  216 216 216
3 619 602 621  216 216 216
3 619 621 620  216 216 216
3 619 616 622  216 216 216
3 619 622 598  216 216 216
3 619 598 602  216 216 216
3 621 602 601  216 216 216
3 621 601 623  216 216 216
3 621 623 624  216 216 216
3 621 624 620  216 216 216
3 597 602 598  216 216 216
3 623 601 558  216 216 216
3 623 558 625  216 216 216
3 623 625 626  216 216 216
3 623 626 624  216 216 216
3 615 620 627  216 216 216
3 615 627 554  216 216 216
3 558 601 559  216 216 216
3 488 487 617  216 216 216
3 486 495 487  216 216 216
3 617 487 628  216 216 216
3 617 628 629  216 216 216
3 617 629 618  216 216 216
3 616 618 622  216 216 216
3 599 598 622  216 216 216
3 599 622 630  216 216 216
3 599 630 594  216 216 216
3 599 594 593  216 216 216
3 622 618 630  216 216 216
3 487 495 628  216 216 216
3 628 495 631  216 216 216
3 628 631 632  216 216 216
3 628 632 629  216 216 216
3 618 629 630  216 216 216
3 630 629 633  216 216 216
3 630 633 594  216 216 216
3 495 494 631  216 216 216
3 493 501 494  216 216 216
3 631 494 634  216 216 216
3 631 634 635  216 216 216
3 631 635 632  216 216 216
3 629 632 633  216 216 216
3 595 594 633  216 216 216
3 595 633 636  216 216 216
3 595 636 590  216 216 216
3 595 590 589  216 216 216
3 633 632 636  216 216 216
3 494 501 634  216 216 216
3 634 501 637  216 216 216
3 634 637 638  216 216 216
3 634 638 635  216 216 216
3 632 635 636  216 216 216
3 636 635 639  216 216 216
3 636 639 590  216 216 216
3 501 500 637  216 216 216
3 499 507 500  216 216 216
3 637 500 640  216 216 216
3 637 640 641  216 216 216
3 637 641 638  216 216 216
3 635 638 639  216 216 216
3 591 590 639  216 216 216
3 591 639 642  216 216 216
3 591 642 586  216 216 216
3 591 586 585  216 216 216
3 639 638 642  216 216 216
3 500 507 640  216 216 216
3 640 507 643  216 216 216
3 640 643 644  216 216 216
3 640 644 641  216 216 216
3 638 641 642  216 216 216
3 642 641 645  216 216 216
3 642 645 586  216 216 216
3 507 506 643  216 216 216
3 505 513 506  216 216 216
3 643 506 646  216 216 216
3 643 646 647  216 216 216
3 643 647 644  216 216 216
3 641 644 645  216 216 216
3 587 586 645  216 216 216
3 587 645 648  216 216 216
3 587 648 582  216 216 216
3 587 582 581  216 216 216
3 645 644 648  216 216 216
3 506 513 646  216 216 216
3 646 513 649  216 216 216
3 646 649 613  216 216 216
3 646 613 647  216 216 216
3 644 647 648  216 216 216
3 613 612 647  216 216 216
3 513 512 649  216 216 216
3 511 519 512  216 216 216
3 609 613 649  216 216 216
3 609 649 605  216 216 216
3 519 605 512  216 216 216
3 648 647 612  216 216 216
3 648 612 582  216 216 216
3 583 582 612  216 216 216
3 605 649 512  216 216 216
3 518 525 606  216 216 216
3 606 525 650  216 216 216
3 606 650 651  216 216 216
3 606 651 607  216 216 216
3 604 607 611  216 216 216
3 611 607 652  216 216 216
3 611 652 574  216 216 216
3 611 574 579  216 216 216
3 573 579 574  216 216 216
3 525 524 650  216 216 216
3 523 531 524  216 216 216
3 650 524 653  216 216 216
3 650 653 654  216 216 216
3 650 654 651  216 216 216
3 607 651 652  216 216 216
3 575 574 652  216 216 216
3 575 652 655  216 216 216
3 575 655 570  216 216 216
3 575 570 569  216 216 216
3 652 651 655  216 216 216
3 524 531 653  216 216 216
3 653 531 656  216 216 216
3 653 656 657  216 216 216
3 653 657 654  216 216 216
3 651 654 655  216 216 216
3 655 654 658  216 216 216
3 655 658 570  216 216 216
3 531 530 656  216 216 216
3 529 537 530  216 216 216
3 656 530 659  216 216 216
3 656 659 660  216 216 216
3 656 660 657  216 216 216
3 654 657 658  216 216 216
3 571 570 658  216 216 216
3 571 658 661  216 216 216
3 571 661 566  216 216 216
3 571 566 565  216 216 216
3 658 657 661  216 216 216
3 530 537 659  216 216 216
3 659 537 662  216 216 216
3 659 662 663  216 216 216
3 659 663 660  216 216 216
3 657 660 661  216 216 216
3 661 660 664  216 216 216
3 661 664 566  216 216 216
3 537 536 662  216 216 216
3 535 543 536  216 216 216
3 662 536 665  216 216 216
3 662 665 666  216 216 216
3 662 666 663  216 216 216
3 660 663 664  216 216 216
3 567 566 664  216 216 216
3 567 664 667  216 216 216
3 567 667 562  216 216 216
3 567 562 561  216 216 216
3 664 663 667  216 216 216
3 536 543 665  216 216 216
3 665 543 668  216 216 216
3 665 668 669  216 216 216
3 665 669 666  216 216 216
3 663 666 667  216 216 216
3 667 666 670  216 216 216
3 667 670 562  216 216 216
3 543 542 668  216 216 216
3 541 549 542  216 216 216
3 668 542 671  216 216 216
3 668 671 672  216 216 216
3 668 672 669  216 216 216
3 666 669 670  216 216 216
3 563 562 670  216 216 216
3 563 670 673  216 216 216
3 563 673 557  216 216 216
3 563 557 556  216 216 216
3 670 669 673  216 216 216
3 542 549 671  216 216 216
3 671 549 674  216 216 216
3 671 674 626  216 216 216
3 671 626 672  216 216 216
3 669 672 673  216 216 216
3 626 625 672  216 216 216
3 549 548 674  216 216 216
3 547 554 548  216 216 216
3 624 626 674  216 216 216
3 624 674 627  216 216 216
3 624 627 620  216 216 216
3 554 627 548  216 216 216
3 673 672 625  216 216 216
3 673 625 557  216 216 216
3 558 557 625  216 216 216
3 627 674 548  216 216 216
3 56 483 85  216 216 216
3 483 56 492  216 216 216
3 60 490 58  216 216 216
3 490 60 498  216 216 216
3 64 496 62  216 216 216
3 496 64 504  216 216 216
3 68 502 66  216 216 216
3 502 68 510  216 216 216
3 72 508 70  216 216 216
3 508 72 516  216 216 216
3 76 514 74  216 216 216
3 514 76 522  216 216 216
3 80 520 78  216 216 216
3 520 80 528  216 216 216
3 83 526 82  216 216 216
3 526 83 534  216 216 216
3 86 532 47  216 216 216
3 86 44 532  216 216 216
3 532 44 540  216 216 216
3 33 538 31  216 216 216
3 538 33 546  216 216 216
3 50 544 35  216 216 216
3 544 50 552  216 216 216
3 54 550 52  216 216 216
3 550 54 485  216 216 216
3 550 552 52  216 216 216
3 52 552 50  216 216 216
3 544 546 35  216 216 216
3 35 546 33  216 216 216
3 538 540 31  216 216 216
3 31 540 44  216 216 216
3 532 534 47  216 216 216
3 47 534 83  216 216 216
3 526 528 82  216 216 216
3 82 528 80  216 216 216
3 520 522 78  216 216 216
3 78 522 76  216 216 216
3 514 516 74  216 216 216
3 74 516 72  216 216 216
3 508 510 70  216 216 216
3 70 510 68  216 216 216
3 502 504 66  216 216 216
3 66 504 64  216 216 216
3 496 498 62  216 216 216
3 62 498 60  216 216 216
3 490 492 58  216 216 216
3 58 492 56  216 216 216
3 483 485 85  216 216 216
3 85 485 54  216 216 216
3 675 676 677  216 216 216
3 676 675 678  216 216 216
3 679 680 681  216 216 216
3 680 679 682  216 216 216
3 683 684 685  216 216 216
3 684 683 686  216 216 216
3 687 688 689  216 216 216
3 688 687 690  216 216 216
3 691 692 693  216 216 216
3 692 691 694  216 216 216
3 695 696 697  216 216 216
3 696 695 698  216 216 216
3 699 700 701  216 216 216
3 700 699 702  216 216 216
3 703 704 705  216 216 216
3 704 703 706  216 216 216
3 707 708 709  216 216 216
3 708 707 710  216 216 216
3 711 712 713  216 216 216
3 712 711 714  216 216 216
3 715 716 717  216 216 216
3 716 715 718  216 216 216
3 719 720 721  216 216 216
3 720 719 722  216 216 216
3 720 718 721  216 216 216
3 721 718 715  216 216 216
3 716 714 717  216 216 216
3 717 714 711  216 216 216
3 712 710 713  216 216 216
3 713 710 707  216 216 216
3 708 706 709  216 216 216
3 709 706 703  216 216 216
3 704 702 705  216 216 216
3 705 702 699  216 216 216
3 700 698 701  216 216 216
3 701 698 695  216 216 216
3 696 694 697  216 216 216
3 697 694 691  216 216 216
3 692 690 693  216 216 216
3 693 690 687  216 216 216
3 688 686 689  216 216 216
3 689 686 683  216 216 216
3 684 682 685  216 216 216
3 685 682 679  216 216 216
3 680 678 681  216 216 216
3 681 678 675  216 216 216
3 676 722 677  216 216 216
3 677 722 719  216 216 216
3 676 696 722  216 216 216
3 696 676 694  216 216 216
3 680 692 678  216 216 216
3 692 680 690  216 216 216
3 684 688 682  216 216 216
3 684 686 688  216 216 216
3 688 690 682  216 216 216
3 682 690 680  216 216 216
3 692 694 678  216 216 216
3 678 694 676  216 216 216
3 696 698 722  216 216 216
3 722 698 720  216 216 216
3 702 718 700  216 216 216
3 718 702 716  216 216 216
3 706 714 704  216 216 216
3 714 706 712  216 216 216
3 710 712 708  216 216 216
3 708 712 706  216 216 216
3 714 716 704  216 216 216
3 704 716 702  216 216 216
3 718 720 700  216 216 216
3 700 720 698  216 216 216
3 84 721 48  216 216 216
3 84 79 721  216 216 216
3 721 79 719  216 216 216
3 75 677 81  216 216 216
3 677 75 675  216 216 216
3 71 681 77  216 216 216
3 681 71 679  216 216 216
3 67 685 73  216 216 216
3 685 67 683  216 216 216
3 63 689 69  216 216 216
3 689 63 687  216 216 216
3 59 691 65  216 216 216
3 691 59 697  216 216 216
3 55 695 61  216 216 216
3 695 55 701  216 216 216
3 51 699 57  216 216 216
3 699 51 705  216 216 216
3 49 703 53  216 216 216
3 703 49 709  216 216 216
3 39 707 38  216 216 216
3 707 39 713  216 216 216
3 43 711 41  216 216 216
3 711 43 717  216 216 216
3 48 715 46  216 216 216
3 677 719 81  216 216 216
3 81 719 79  216 216 216
3 721 715 48  216 216 216
3 715 717 46  216 216 216
3 46 717 43  216 216 216
3 711 713 41  216 216 216
3 41 713 39  216 216 216
3 707 709 38  216 216 216
3 38 709 49  216 216 216
3 703 705 53  216 216 216
3 53 705 51  216 216 216
3 699 701 57  216 216 216
3 57 701 55  216 216 216
3 695 697 61  216 216 216
3 61 697 59  216 216 216
3 691 693 65  216 216 216
3 693 687 65  216 216 216
3 65 687 63  216 216 216
3 689 683 69  216 216 216
3 69 683 67  216 216 216
3 685 679 73  216 216 216
3 73 679 71  216 216 216
3 681 675 77  216 216 216
3 77 675 75  216 216 216
3 723 8 724  216 216 216
3 97 725 95  216 216 216
3 725 97 726  216 216 216
3 101 727 99  216 216 216
3 727 101 728  216 216 216
3 105 729 103  216 216 216
3 729 105 730  216 216 216
3 109 731 107  216 216 216
3 731 109 732  216 216 216
3 113 733 111  216 216 216
3 7 734 113  216 216 216
3 734 733 113  216 216 216
3 733 732 111  216 216 216
3 111 732 109  216 216 216
3 731 730 107  216 216 216
3 107 730 105  216 216 216
3 729 728 103  216 216 216
3 103 728 101  216 216 216
3 727 726 99  216 216 216
3 99 726 97  216 216 216
3 725 724 95  216 216 216
3 724 8 95  216 216 216
3 735 45 736  216 216 216
3 45 40 736  216 216 216
3 37 737 42  216 216 216
3 37 738 737  216 216 216
3 737 736 42  216 216 216
3 736 40 42  216 216 216
3 34 739 37  216 216 216
3 739 738 37  216 216 216
3 723 740 741  216 216 216
3 741 740 742  216 216 216
3 740 743 742  216 216 216
3 744 745 746  216 216 216
3 744 747 745  216 216 216
3 745 747 748  216 216 216
3 749 750 751  216 216 216
3 750 749 752  216 216 216
3 753 754 755  216 216 216
3 754 753 756  216 216 216
3 757 758 759  216 216 216
3 760 761 757  216 216 216
3 761 758 757  216 216 216
3 758 756 759  216 216 216
3 759 756 753  216 216 216
3 754 752 755  216 216 216
3 755 752 749  216 216 216
3 750 748 751  216 216 216
3 751 748 747  216 216 216
3 745 742 746  216 216 216
3 746 742 743  216 216 216
3 734 762 763  216 216 216
3 762 764 763  216 216 216
3 763 764 765  216 216 216
3 760 766 767  216 216 216
3 766 765 767  216 216 216
3 767 765 764  216 216 216
3 768 769 770  216 216 216
3 769 768 771  216 216 216
3 772 773 774  216 216 216
3 773 772 775  216 216 216
3 776 777 778  216 216 216
3 777 776 779  216 216 216
3 780 781 782  216 216 216
3 781 780 783  216 216 216
3 784 785 786  216 216 216
3 785 784 787  216 216 216
3 788 789 790  216 216 216
3 789 788 791  216 216 216
3 792 793 794  216 216 216
3 793 792 795  216 216 216
3 796 797 798  216 216 216
3 797 796 799  216 216 216
3 800 801 802  216 216 216
3 801 800 803  216 216 216
3 804 805 806  216 216 216
3 805 804 807  216 216 216
3 808 809 810  216 216 216
3 809 808 811  216 216 216
3 812 813 814  216 216 216
3 815 816 812  216 216 216
3 816 815 817  216 216 216
3 818 819 820  216 216 216
3 819 818 778  216 216 216
3 819 778 777  216 216 216
3 773 771 774  216 216 216
3 774 771 768  216 216 216
3 769 821 770  216 216 216
3 786 822 821  216 216 216
3 816 823 812  216 216 216
3 813 811 814  216 216 216
3 814 811 808  216 216 216
3 809 807 810  216 216 216
3 810 807 804  216 216 216
3 805 803 806  216 216 216
3 806 803 800  216 216 216
3 801 799 802  216 216 216
3 802 799 796  216 216 216
3 797 795 798  216 216 216
3 798 795 792  216 216 216
3 793 791 794  216 216 216
3 794 791 788  216 216 216
3 789 787 790  216 216 216
3 790 787 784  216 216 216
3 785 822 786  216 216 216
3 822 783 821  216 216 216
3 781 779 782  216 216 216
3 782 779 776  216 216 216
3 819 817 820  216 216 216
3 820 817 815  216 216 216
3 818 775 778  216 216 216
3 812 823 813  216 216 216
3 778 775 772  216 216 216
3 780 770 783  216 216 216
3 783 770 821  216 216 216
3 824 753 825  216 216 216
3 753 824 759  216 216 216
3 826 760 827  216 216 216
3 760 826 766  216 216 216
3 828 765 829  216 216 216
3 765 828 763  216 216 216
3 830 734 831  216 216 216
3 734 830 733  216 216 216
3 832 732 833  216 216 216
3 732 832 731  216 216 216
3 834 730 835  216 216 216
3 730 834 729  216 216 216
3 836 728 837  216 216 216
3 728 836 727  216 216 216
3 838 726 839  216 216 216
3 726 838 725  216 216 216
3 840 724 841  216 216 216
3 724 840 723  216 216 216
3 842 740 843  216 216 216
3 844 746 842  216 216 216
3 845 747 844  216 216 216
3 747 845 751  216 216 216
3 846 749 847  216 216 216
3 749 846 755  216 216 216
3 724 725 841  216 216 216
3 841 725 838  216 216 216
3 726 727 839  216 216 216
3 839 727 836  216 216 216
3 728 729 837  216 216 216
3 837 729 834  216 216 216
3 730 731 835  216 216 216
3 835 731 832  216 216 216
3 732 733 833  216 216 216
3 833 733 830  216 216 216
3 734 763 831  216 216 216
3 831 763 828  216 216 216
3 765 766 829  216 216 216
3 829 766 826  216 216 216
3 760 757 827  216 216 216
3 757 759 827  216 216 216
3 827 759 824  216 216 216
3 753 755 825  216 216 216
3 825 755 846  216 216 216
3 749 751 847  216 216 216
3 847 751 845  216 216 216
3 747 744 844  216 216 216
3 744 746 844  216 216 216
3 746 743 842  216 216 216
3 743 740 842  216 216 216
3 740 723 843  216 216 216
3 843 723 840  216 216 216
3 848 824 849  216 216 216
3 824 848 827  216 216 216
3 850 826 851  216 216 216
3 826 850 829  216 216 216
3 852 828 853  216 216 216
3 828 852 831  216 216 216
3 854 830 855  216 216 216
3 830 854 833  216 216 216
3 856 832 857  216 216 216
3 832 856 835  216 216 216
3 858 834 859  216 216 216
3 834 858 837  216 216 216
3 860 836 861  216 216 216
3 836 860 839  216 216 216
3 862 838 863  216 216 216
3 838 862 841  216 216 216
3 864 840 865  216 216 216
3 840 864 843  216 216 216
3 866 842 867  216 216 216
3 842 866 844  216 216 216
3 868 845 869  216 216 216
3 845 868 847  216 216 216
3 870 846 871  216 216 216
3 846 870 825  216 216 216
3 846 847 871  216 216 216
3 871 847 868  216 216 216
3 845 844 869  216 216 216
3 869 844 866  216 216 216
3 842 843 867  216 216 216
3 867 843 864  216 216 216
3 840 841 865  216 216 216
3 865 841 862  216 216 216
3 838 839 863  216 216 216
3 863 839 860  216 216 216
3 836 837 861  216 216 216
3 861 837 858  216 216 216
3 834 835 859  216 216 216
3 859 835 856  216 216 216
3 832 833 857  216 216 216
3 857 833 854  216 216 216
3 830 831 855  216 216 216
3 855 831 852  216 216 216
3 828 829 853  216 216 216
3 853 829 850  216 216 216
3 826 827 851  216 216 216
3 851 827 848  216 216 216
3 824 825 849  216 216 216
3 849 825 870  216 216 216
3 872 873 874  216 216 216
3 873 872 875  216 216 216
3 873 875 876  216 216 216
3 873 876 877  216 216 216
3 873 877 878  216 216 216
3 873 878 874  216 216 216
3 879 880 881  216 216 216
3 880 879 882  216 216 216
3 880 882 883  216 216 216
3 880 883 884  216 216 216
3 880 884 875  216 216 216
3 880 875 881  216 216 216
3 885 886 887  216 216 216
3 886 885 888  216 216 216
3 886 888 889  216 216 216
3 886 889 890  216 216 216
3 886 890 882  216 216 216
3 886 882 887  216 216 216
3 891 892 893  216 216 216
3 892 891 894  216 216 216
3 892 894 895  216 216 216
3 892 895 896  216 216 216
3 892 896 888  216 216 216
3 892 888 893  216 216 216
3 897 898 899  216 216 216
3 898 897 900  216 216 216
3 898 900 901  216 216 216
3 898 901 902  216 216 216
3 898 902 894  216 216 216
3 898 894 899  216 216 216
3 903 904 905  216 216 216
3 904 903 906  216 216 216
3 904 906 907  216 216 216
3 904 907 908  216 216 216
3 904 908 900  216 216 216
3 904 900 905  216 216 216
3 909 910 911  216 216 216
3 910 909 912  216 216 216
3 910 912 913  216 216 216
3 910 913 914  216 216 216
3 910 914 906  216 216 216
3 910 906 911  216 216 216
3 915 916 917  216 216 216
3 916 915 918  216 216 216
3 916 918 919  216 216 216
3 916 919 920  216 216 216
3 916 920 912  216 216 216
3 916 912 917  216 216 216
3 921 922 923  216 216 216
3 922 921 924  216 216 216
3 922 924 925  216 216 216
3 922 925 926  216 216 216
3 922 926 918  216 216 216
3 922 918 923  216 216 216
3 927 928 929  216 216 216
3 928 927 930  216 216 216
3 928 930 931  216 216 216
3 928 931 932  216 216 216
3 928 932 924  216 216 216
3 928 924 929  216 216 216
3 933 934 935  216 216 216
3 934 933 936  216 216 216
3 934 936 937  216 216 216
3 934 937 938  216 216 216
3 934 938 930  216 216 216
3 934 930 935  216 216 216
3 939 940 941  216 216 216
3 940 939 878  216 216 216
3 940 878 942  216 216 216
3 940 942 943  216 216 216
3 940 943 936  216 216 216
3 940 936 941  216 216 216
3 870 944 849  216 216 216
3 944 870 945  216 216 216
3 944 945 946  216 216 216
3 944 946 947  216 216 216
3 944 947 948  216 216 216
3 944 948 849  216 216 216
3 868 949 871  216 216 216
3 949 868 950  216 216 216
3 949 950 951  216 216 216
3 949 951 952  216 216 216
3 949 952 945  216 216 216
3 949 945 871  216 216 216
3 866 953 869  216 216 216
3 953 866 954  216 216 216
3 953 954 955  216 216 216
3 953 955 956  216 216 216
3 953 956 950  216 216 216
3 953 950 869  216 216 216
3 864 957 867  216 216 216
3 957 864 958  216 216 216
3 957 958 959  216 216 216
3 957 959 960  216 216 216
3 957 960 954  216 216 216
3 957 954 867  216 216 216
3 862 961 865  216 216 216
3 961 862 962  216 216 216
3 961 962 963  216 216 216
3 961 963 964  216 216 216
3 961 964 958  216 216 216
3 961 958 865  216 216 216
3 860 965 863  216 216 216
3 965 860 966  216 216 216
3 965 966 967  216 216 216
3 965 967 968  216 216 216
3 965 968 962  216 216 216
3 965 962 863  216 216 216
3 858 969 861  216 216 216
3 969 858 970  216 216 216
3 969 970 971  216 216 216
3 969 971 972  216 216 216
3 969 972 966  216 216 216
3 969 966 861  216 216 216
3 856 973 859  216 216 216
3 973 856 974  216 216 216
3 973 974 975  216 216 216
3 973 975 976  216 216 216
3 973 976 970  216 216 216
3 973 970 859  216 216 216
3 854 977 857  216 216 216
3 977 854 978  216 216 216
3 977 978 979  216 216 216
3 977 979 980  216 216 216
3 977 980 974  216 216 216
3 977 974 857  216 216 216
3 852 981 855  216 216 216
3 981 852 982  216 216 216
3 981 982 983  216 216 216
3 981 983 984  216 216 216
3 981 984 978  216 216 216
3 981 978 855  216 216 216
3 850 985 853  216 216 216
3 985 850 986  216 216 216
3 985 986 987  216 216 216
3 985 987 988  216 216 216
3 985 988 982  216 216 216
3 985 982 853  216 216 216
3 848 989 851  216 216 216
3 989 848 948  216 216 216
3 989 948 990  216 216 216
3 989 990 991  216 216 216
3 989 991 986  216 216 216
3 989 986 851  216 216 216
3 911 906 903  216 216 216
3 861 966 860  216 216 216
3 907 992 908  216 216 216
3 906 914 907  216 216 216
3 992 993 994  216 216 216
3 992 994 908  216 216 216
3 992 907 995  216 216 216
3 992 995 996  216 216 216
3 992 996 993  216 216 216
3 993 967 997  216 216 216
3 993 997 994  216 216 216
3 997 967 972  216 216 216
3 997 972 998  216 216 216
3 997 998 999  216 216 216
3 997 999 994  216 216 216
3 967 993 968  216 216 216
3 972 967 966  216 216 216
3 863 962 862  216 216 216
3 917 912 909  216 216 216
3 865 958 864  216 216 216
3 923 918 915  216 216 216
3 867 954 866  216 216 216
3 929 924 921  216 216 216
3 869 950 868  216 216 216
3 935 930 927  216 216 216
3 871 945 870  216 216 216
3 941 936 933  216 216 216
3 849 948 848  216 216 216
3 874 878 939  216 216 216
3 851 986 850  216 216 216
3 881 875 872  216 216 216
3 853 982 852  216 216 216
3 887 882 879  216 216 216
3 855 978 854  216 216 216
3 893 888 885  216 216 216
3 857 974 856  216 216 216
3 899 894 891  216 216 216
3 859 970 858  216 216 216
3 905 900 897  216 216 216
3 942 878 877  216 216 216
3 942 877 1000  216 216 216
3 942 1000 1001  216 216 216
3 942 1001 943  216 216 216
3 1000 1002 1001  216 216 216
3 1000 877 1003  216 216 216
3 1000 1003 1004  216 216 216
3 1000 1004 1002  216 216 216
3 1002 991 1005  216 216 216
3 1002 1005 1001  216 216 216
3 1005 991 990  216 216 216
3 1005 990 1006  216 216 216
3 1005 1006 1007  216 216 216
3 1005 1007 1001  216 216 216
3 991 1002 987  216 216 216
3 991 987 986  216 216 216
3 1006 990 947  216 216 216
3 1006 947 1008  216 216 216
3 1006 1008 1009  216 216 216
3 1006 1009 1007  216 216 216
3 943 1001 1007  216 216 216
3 943 1007 937  216 216 216
3 943 937 936  216 216 216
3 947 990 948  216 216 216
3 877 876 1003  216 216 216
3 875 884 876  216 216 216
3 1003 876 1010  216 216 216
3 1003 1010 1011  216 216 216
3 1003 1011 1004  216 216 216
3 988 987 1004  216 216 216
3 988 1004 1011  216 216 216
3 988 1011 983  216 216 216
3 988 983 982  216 216 216
3 1002 1004 987  216 216 216
3 876 884 1010  216 216 216
3 1010 884 1012  216 216 216
3 1010 1012 1013  216 216 216
3 1010 1013 1011  216 216 216
3 983 1011 1013  216 216 216
3 983 1013 984  216 216 216
3 884 883 1012  216 216 216
3 882 890 883  216 216 216
3 1012 883 1014  216 216 216
3 1012 1014 1015  216 216 216
3 1012 1015 1013  216 216 216
3 984 1013 1015  216 216 216
3 984 1015 979  216 216 216
3 984 979 978  216 216 216
3 883 890 1014  216 216 216
3 1014 890 1016  216 216 216
3 1014 1016 1017  216 216 216
3 1014 1017 1015  216 216 216
3 979 1015 1017  216 216 216
3 979 1017 980  216 216 216
3 890 889 1016  216 216 216
3 888 896 889  216 216 216
3 1016 889 1018  216 216 216
3 1016 1018 1019  216 216 216
3 1016 1019 1017  216 216 216
3 980 1017 1019  216 216 216
3 980 1019 975  216 216 216
3 980 975 974  216 216 216
3 889 896 1018  216 216 216
3 1018 896 1020  216 216 216
3 1018 1020 1021  216 216 216
3 1018 1021 1019  216 216 216
3 975 1019 1021  216 216 216
3 975 1021 976  216 216 216
3 896 895 1020  216 216 216
3 894 902 895  216 216 216
3 1020 895 1022  216 216 216
3 1020 1022 1023  216 216 216
3 1020 1023 1021  216 216 216
3 976 1021 1023  216 216 216
3 976 1023 971  216 216 216
3 976 971 970  216 216 216
3 895 902 1022  216 216 216
3 1022 902 999  216 216 216
3 1022 999 998  216 216 216
3 1022 998 1023  216 216 216
3 971 1023 998  216 216 216
3 971 998 972  216 216 216
3 994 999 901  216 216 216
3 994 901 908  216 216 216
3 901 900 908  216 216 216
3 902 901 999  216 216 216
3 907 914 995  216 216 216
3 995 914 1024  216 216 216
3 995 1024 1025  216 216 216
3 995 1025 996  216 216 216
3 993 996 968  216 216 216
3 968 996 963  216 216 216
3 968 963 962  216 216 216
3 914 913 1024  216 216 216
3 912 920 913  216 216 216
3 1024 913 1026  216 216 216
3 1024 1026 1027  216 216 216
3 1024 1027 1025  216 216 216
3 964 963 1025  216 216 216
3 964 1025 1027  216 216 216
3 964 1027 959  216 216 216
3 964 959 958  216 216 216
3 996 1025 963  216 216 216
3 913 920 1026  216 216 216
3 1026 920 1028  216 216 216
3 1026 1028 1029  216 216 216
3 1026 1029 1027  216 216 216
3 959 1027 1029  216 216 216
3 959 1029 960  216 216 216
3 920 919 1028  216 216 216
3 918 926 919  216 216 216
3 1028 919 1030  216 216 216
3 1028 1030 1031  216 216 216
3 1028 1031 1029  216 216 216
3 960 1029 1031  216 216 216
3 960 1031 955  216 216 216
3 960 955 954  216 216 216
3 919 926 1030  216 216 216
3 1030 926 1032  216 216 216
3 1030 1032 1033  216 216 216
3 1030 1033 1031  216 216 216
3 955 1031 1033  216 216 216
3 955 1033 956  216 216 216
3 926 925 1032  216 216 216
3 924 932 925  216 216 216
3 1032 925 1034  216 216 216
3 1032 1034 1035  216 216 216
3 1032 1035 1033  216 216 216
3 956 1033 1035  216 216 216
3 956 1035 951  216 216 216
3 956 951 950  216 216 216
3 925 932 1034  216 216 216
3 1034 932 1036  216 216 216
3 1034 1036 1037  216 216 216
3 1034 1037 1035  216 216 216
3 951 1035 1037  216 216 216
3 951 1037 952  216 216 216
3 932 931 1036  216 216 216
3 930 938 931  216 216 216
3 1036 931 1038  216 216 216
3 1036 1038 1039  216 216 216
3 1036 1039 1037  216 216 216
3 952 1037 1039  216 216 216
3 952 1039 946  216 216 216
3 952 946 945  216 216 216
3 931 938 1038  216 216 216
3 1038 938 1009  216 216 216
3 1038 1009 1008  216 216 216
3 1038 1008 1039  216 216 216
3 946 1039 1008  216 216 216
3 946 1008 947  216 216 216
3 1007 1009 937  216 216 216
3 938 937 1009  216 216 216
3 1040 1041 1042  216 216 216
3 1041 1040 1043  216 216 216
3 1041 1043 1044  216 216 216
3 1041 1044 1045  216 216 216
3 1041 1045 1046  216 216 216
3 1041 1046 1042  216 216 216
3 1047 1048 1049  216 216 216
3 1048 1047 1050  216 216 216
3 1048 1050 1051  216 216 216
3 1048 1051 1052  216 216 216
3 1048 1052 1043  216 216 216
3 1048 1043 1049  216 216 216
3 1053 1054 1055  216 216 216
3 1054 1053 1056  216 216 216
3 1054 1056 1057  216 216 216
3 1054 1057 1058  216 216 216
3 1054 1058 1050  216 216 216
3 1054 1050 1055  216 216 216
3 1059 1060 1061  216 216 216
3 1060 1059 1062  216 216 216
3 1060 1062 1063  216 216 216
3 1060 1063 1064  216 216 216
3 1060 1064 1056  216 216 216
3 1060 1056 1061  216 216 216
3 1065 1066 1067  216 216 216
3 1066 1065 1068  216 216 216
3 1066 1068 1069  216 216 216
3 1066 1069 1070  216 216 216
3 1066 1070 1062  216 216 216
3 1066 1062 1067  216 216 216
3 1071 1072 1073  216 216 216
3 1072 1071 1074  216 216 216
3 1072 1074 1075  216 216 216
3 1072 1075 1076  216 216 216
3 1072 1076 1068  216 216 216
3 1072 1068 1073  216 216 216
3 1077 1078 1079  216 216 216
3 1078 1077 1080  216 216 216
3 1078 1080 1081  216 216 216
3 1078 1081 1082  216 216 216
3 1078 1082 1083  216 216 216
3 1078 1083 1079  216 216 216
3 1084 1085 1086  216 216 216
3 1085 1084 1087  216 216 216
3 1085 1087 1088  216 216 216
3 1085 1088 1089  216 216 216
3 1085 1089 1080  216 216 216
3 1085 1080 1086  216 216 216
3 1090 1091 1092  216 216 216
3 1091 1090 1093  216 216 216
3 1091 1093 1094  216 216 216
3 1091 1094 1095  216 216 216
3 1091 1095 1087  216 216 216
3 1091 1087 1092  216 216 216
3 1096 1097 1098  216 216 216
3 1097 1096 1099  216 216 216
3 1097 1099 1100  216 216 216
3 1097 1100 1101  216 216 216
3 1097 1101 1093  216 216 216
3 1097 1093 1098  216 216 216
3 1102 1103 1104  216 216 216
3 1103 1102 1105  216 216 216
3 1103 1105 1106  216 216 216
3 1103 1106 1107  216 216 216
3 1103 1107 1099  216 216 216
3 1103 1099 1104  216 216 216
3 1108 1109 1110  216 216 216
3 1109 1108 1046  216 216 216
3 1109 1046 1111  216 216 216
3 1109 1111 1112  216 216 216
3 1109 1112 1105  216 216 216
3 1109 1105 1110  216 216 216
3 939 1111 874  216 216 216
3 1111 939 1112  216 216 216
3 933 1106 941  216 216 216
3 1106 933 1107  216 216 216
3 927 1100 935  216 216 216
3 1100 927 1101  216 216 216
3 921 1094 929  216 216 216
3 1094 921 1095  216 216 216
3 915 1088 923  216 216 216
3 1088 915 1089  216 216 216
3 909 1081 917  216 216 216
3 1081 909 1082  216 216 216
3 903 1075 911  216 216 216
3 1075 903 1076  216 216 216
3 897 1069 905  216 216 216
3 1069 897 1070  216 216 216
3 891 1063 899  216 216 216
3 1063 891 1064  216 216 216
3 885 1057 893  216 216 216
3 1057 885 1058  216 216 216
3 879 1051 887  216 216 216
3 1051 879 1052  216 216 216
3 872 1044 881  216 216 216
3 1044 872 1045  216 216 216
3 1083 1082 1113  216 216 216
3 1083 1113 1074  216 216 216
3 1083 1074 1079  216 216 216
3 1074 1113 1075  216 216 216
3 1071 1079 1074  216 216 216
3 911 1075 1113  216 216 216
3 911 1113 1082  216 216 216
3 911 1082 909  216 216 216
3 905 1069 1076  216 216 216
3 905 1076 903  216 216 216
3 1068 1076 1069  216 216 216
3 899 1063 1070  216 216 216
3 899 1070 897  216 216 216
3 1062 1070 1063  216 216 216
3 893 1057 1064  216 216 216
3 893 1064 891  216 216 216
3 1056 1064 1057  216 216 216
3 887 1051 1058  216 216 216
3 887 1058 885  216 216 216
3 1050 1058 1051  216 216 216
3 881 1044 1052  216 216 216
3 881 1052 879  216 216 216
3 1043 1052 1044  216 216 216
3 874 1111 1045  216 216 216
3 874 1045 872  216 216 216
3 1046 1045 1111  216 216 216
3 941 1106 1112  216 216 216
3 941 1112 939  216 216 216
3 1105 1112 1106  216 216 216
3 935 1100 1107  216 216 216
3 935 1107 933  216 216 216
3 1099 1107 1100  216 216 216
3 929 1094 1101  216 216 216
3 929 1101 927  216 216 216
3 1093 1101 1094  216 216 216
3 923 1088 1095  216 216 216
3 923 1095 921  216 216 216
3 1087 1095 1088  216 216 216
3 917 1081 1089  216 216 216
3 917 1089 915  216 216 216
3 1080 1089 1081  216 216 216
3 1108 1042 1046  216 216 216
3 1049 1043 1040  216 216 216
3 1055 1050 1047  216 216 216
3 1061 1056 1053  216 216 216
3 1067 1062 1059  216 216 216
3 1073 1068 1065  216 216 216
3 1086 1080 1077  216 216 216
3 1092 1087 1084  216 216 216
3 1098 1093 1090  216 216 216
3 1104 1099 1096  216 216 216
3 1110 1105 1102  216 216 216
3 1114 1115 1116  216 216 216
3 1115 1114 1117  216 216 216
3 1115 1117 1118  216 216 216
3 1115 1118 1119  216 216 216
3 1115 1119 1120  216 216 216
3 1115 1120 1116  216 216 216
3 1121 1122 1123  216 216 216
3 1122 1121 1124  216 216 216
3 1122 1124 1125  216 216 216
3 1122 1125 1126  216 216 216
3 1122 1126 1117  216 216 216
3 1122 1117 1123  216 216 216
3 1127 1128 1129  216 216 216
3 1128 1127 1130  216 216 216
3 1128 1130 1131  216 216 216
3 1128 1131 1132  216 216 216
3 1128 1132 1124  216 216 216
3 1128 1124 1129  216 216 216
3 1133 1134 1135  216 216 216
3 1134 1133 1136  216 216 216
3 1134 1136 1137  216 216 216
3 1134 1137 1138  216 216 216
3 1134 1138 1130  216 216 216
3 1134 1130 1135  216 216 216
3 1139 1140 1141  216 216 216
3 1140 1139 1142  216 216 216
3 1140 1142 1143  216 216 216
3 1140 1143 1144  216 216 216
3 1140 1144 1136  216 216 216
3 1140 1136 1141  216 216 216
3 1145 1146 1147  216 216 216
3 1146 1145 1148  216 216 216
3 1146 1148 1149  216 216 216
3 1146 1149 1150  216 216 216
3 1146 1150 1142  216 216 216
3 1146 1142 1147  216 216 216
3 1151 1152 1153  216 216 216
3 1152 1151 1154  216 216 216
3 1152 1154 1155  216 216 216
3 1152 1155 1156  216 216 216
3 1152 1156 1148  216 216 216
3 1152 1148 1153  216 216 216
3 1157 1158 1159  216 216 216
3 1158 1157 1160  216 216 216
3 1158 1160 1161  216 216 216
3 1158 1161 1162  216 216 216
3 1158 1162 1154  216 216 216
3 1158 1154 1159  216 216 216
3 1163 1164 1165  216 216 216
3 1164 1163 1166  216 216 216
3 1164 1166 1167  216 216 216
3 1164 1167 1168  216 216 216
3 1164 1168 1160  216 216 216
3 1164 1160 1165  216 216 216
3 1169 1170 1171  216 216 216
3 1170 1169 1172  216 216 216
3 1170 1172 1173  216 216 216
3 1170 1173 1174  216 216 216
3 1170 1174 1166  216 216 216
3 1170 1166 1171  216 216 216
3 1175 1176 1177  216 216 216
3 1176 1175 1178  216 216 216
3 1176 1178 1179  216 216 216
3 1176 1179 1180  216 216 216
3 1176 1180 1172  216 216 216
3 1176 1172 1177  216 216 216
3 1181 1182 1183  216 216 216
3 1182 1181 1120  216 216 216
3 1182 1120 1184  216 216 216
3 1182 1184 1185  216 216 216
3 1182 1185 1178  216 216 216
3 1182 1178 1183  216 216 216
3 1108 1186 1042  216 216 216
3 1186 1108 1187  216 216 216
3 1186 1187 1179  216 216 216
3 1186 1179 1185  216 216 216
3 1186 1185 1188  216 216 216
3 1186 1188 1042  216 216 216
3 1102 1189 1110  216 216 216
3 1189 1102 1190  216 216 216
3 1189 1190 1173  216 216 216
3 1189 1173 1180  216 216 216
3 1189 1180 1187  216 216 216
3 1189 1187 1110  216 216 216
3 1096 1191 1104  216 216 216
3 1191 1096 1192  216 216 216
3 1191 1192 1167  216 216 216
3 1191 1167 1174  216 216 216
3 1191 1174 1190  216 216 216
3 1191 1190 1104  216 216 216
3 1090 1193 1098  216 216 216
3 1193 1090 1194  216 216 216
3 1193 1194 1161  216 216 216
3 1193 1161 1168  216 216 216
3 1193 1168 1192  216 216 216
3 1193 1192 1098  216 216 216
3 1084 1195 1092  216 216 216
3 1195 1084 1196  216 216 216
3 1195 1196 1155  216 216 216
3 1195 1155 1162  216 216 216
3 1195 1162 1194  216 216 216
3 1195 1194 1092  216 216 216
3 1077 1197 1086  216 216 216
3 1197 1077 1198  216 216 216
3 1197 1198 1149  216 216 216
3 1197 1149 1156  216 216 216
3 1197 1156 1196  216 216 216
3 1197 1196 1086  216 216 216
3 1071 1199 1079  216 216 216
3 1199 1071 1200  216 216 216
3 1199 1200 1143  216 216 216
3 1199 1143 1150  216 216 216
3 1199 1150 1198  216 216 216
3 1199 1198 1079  216 216 216
3 1065 1201 1073  216 216 216
3 1201 1065 1202  216 216 216
3 1201 1202 1137  216 216 216
3 1201 1137 1144  216 216 216
3 1201 1144 1200  216 216 216
3 1201 1200 1073  216 216 216
3 1059 1203 1067  216 216 216
3 1203 1059 1204  216 216 216
3 1203 1204 1131  216 216 216
3 1203 1131 1138  216 216 216
3 1203 1138 1202  216 216 216
3 1203 1202 1067  216 216 216
3 1053 1205 1061  216 216 216
3 1205 1053 1206  216 216 216
3 1205 1206 1125  216 216 216
3 1205 1125 1132  216 216 216
3 1205 1132 1204  216 216 216
3 1205 1204 1061  216 216 216
3 1047 1207 1055  216 216 216
3 1207 1047 1208  216 216 216
3 1207 1208 1118  216 216 216
3 1207 1118 1126  216 216 216
3 1207 1126 1206  216 216 216
3 1207 1206 1055  216 216 216
3 1040 1209 1049  216 216 216
3 1209 1040 1188  216 216 216
3 1209 1188 1184  216 216 216
3 1209 1184 1119  216 216 216
3 1209 1119 1208  216 216 216
3 1209 1208 1049  216 216 216
3 1153 1148 1145  216 216 216
3 1079 1198 1077  216 216 216
3 1156 1149 1148  216 216 216
3 1149 1198 1150  216 216 216
3 1086 1196 1084  216 216 216
3 1159 1154 1151  216 216 216
3 1092 1194 1090  216 216 216
3 1165 1160 1157  216 216 216
3 1098 1192 1096  216 216 216
3 1171 1166 1163  216 216 216
3 1104 1190 1102  216 216 216
3 1177 1172 1169  216 216 216
3 1110 1187 1108  216 216 216
3 1183 1178 1175  216 216 216
3 1042 1188 1040  216 216 216
3 1116 1120 1181  216 216 216
3 1049 1208 1047  216 216 216
3 1123 1117 1114  216 216 216
3 1055 1206 1053  216 216 216
3 1129 1124 1121  216 216 216
3 1061 1204 1059  216 216 216
3 1135 1130 1127  216 216 216
3 1067 1202 1065  216 216 216
3 1141 1136 1133  216 216 216
3 1073 1200 1071  216 216 216
3 1147 1142 1139  216 216 216
3 1184 1120 1119  216 216 216
3 1208 1119 1118  216 216 216
3 1185 1184 1188  216 216 216
3 1126 1118 1117  216 216 216
3 1206 1126 1125  216 216 216
3 1132 1125 1124  216 216 216
3 1204 1132 1131  216 216 216
3 1138 1131 1130  216 216 216
3 1202 1138 1137  216 216 216
3 1144 1137 1136  216 216 216
3 1200 1144 1143  216 216 216
3 1150 1143 1142  216 216 216
3 1196 1156 1155  216 216 216
3 1162 1155 1154  216 216 216
3 1194 1162 1161  216 216 216
3 1168 1161 1160  216 216 216
3 1192 1168 1167  216 216 216
3 1174 1167 1166  216 216 216
3 1190 1174 1173  216 216 216
3 1180 1173 1172  216 216 216
3 1187 1180 1179  216 216 216
3 1185 1179 1178  216 216 216
3 1210 1211 1212  216 216 216
3 1211 1210 1213  216 216 216
3 1211 1213 1214  216 216 216
3 1211 1214 1215  216 216 216
3 1211 1215 1216  216 216 216
3 1211 1216 1212  216 216 216
3 1217 1218 1219  216 216 216
3 1218 1217 1220  216 216 216
3 1218 1220 1221  216 216 216
3 1218 1221 1222  216 216 216
3 1218 1222 1213  216 216 216
3 1218 1213 1219  216 216 216
3 1223 1224 1225  216 216 216
3 1224 1223 1226  216 216 216
3 1224 1226 1227  216 216 216
3 1224 1227 1228  216 216 216
3 1224 1228 1220  216 216 216
3 1224 1220 1225  216 216 216
3 1229 1230 1231  216 216 216
3 1230 1229 1232  216 216 216
3 1230 1232 1233  216 216 216
3 1230 1233 1234  216 216 216
3 1230 1234 1226  216 216 216
3 1230 1226 1231  216 216 216
3 1235 1236 1237  216 216 216
3 1236 1235 1238  216 216 216
3 1236 1238 1239  216 216 216
3 1236 1239 1240  216 216 216
3 1236 1240 1232  216 216 216
3 1236 1232 1237  216 216 216
3 1241 1242 1243  216 216 216
3 1242 1241 1244  216 216 216
3 1242 1244 1245  216 216 216
3 1242 1245 1246  216 216 216
3 1242 1246 1238  216 216 216
3 1242 1238 1243  216 216 216
3 1247 1248 1249  216 216 216
3 1248 1247 1250  216 216 216
3 1248 1250 1251  216 216 216
3 1248 1251 1252  216 216 216
3 1248 1252 1244  216 216 216
3 1248 1244 1249  216 216 216
3 1253 1254 1255  216 216 216
3 1254 1253 1256  216 216 216
3 1254 1256 1257  216 216 216
3 1254 1257 1258  216 216 216
3 1254 1258 1250  216 216 216
3 1254 1250 1255  216 216 216
3 1259 1260 1261  216 216 216
3 1260 1259 1262  216 216 216
3 1260 1262 1263  216 216 216
3 1260 1263 1264  216 216 216
3 1260 1264 1256  216 216 216
3 1260 1256 1261  216 216 216
3 1265 1266 1267  216 216 216
3 1266 1265 1268  216 216 216
3 1266 1268 1269  216 216 216
3 1266 1269 1270  216 216 216
3 1266 1270 1262  216 216 216
3 1266 1262 1267  216 216 216
3 1271 1272 1273  216 216 216
3 1272 1271 1274  216 216 216
3 1272 1274 1275  216 216 216
3 1272 1275 1276  216 216 216
3 1272 1276 1268  216 216 216
3 1272 1268 1273  216 216 216
3 1277 1278 1279  216 216 216
3 1278 1277 1216  216 216 216
3 1278 1216 1280  216 216 216
3 1278 1280 1281  216 216 216
3 1278 1281 1274  216 216 216
3 1278 1274 1279  216 216 216
3 1181 1282 1116  216 216 216
3 1282 1181 1283  216 216 216
3 1282 1283 1284  216 216 216
3 1282 1284 1285  216 216 216
3 1282 1285 1286  216 216 216
3 1282 1286 1116  216 216 216
3 1175 1287 1183  216 216 216
3 1287 1175 1288  216 216 216
3 1287 1288 1289  216 216 216
3 1287 1289 1290  216 216 216
3 1287 1290 1283  216 216 216
3 1287 1283 1183  216 216 216
3 1169 1291 1177  216 216 216
3 1291 1169 1292  216 216 216
3 1291 1292 1293  216 216 216
3 1291 1293 1294  216 216 216
3 1291 1294 1288  216 216 216
3 1291 1288 1177  216 216 216
3 1163 1295 1171  216 216 216
3 1295 1163 1296  216 216 216
3 1295 1296 1297  216 216 216
3 1295 1297 1298  216 216 216
3 1295 1298 1292  216 216 216
3 1295 1292 1171  216 216 216
3 1157 1299 1165  216 216 216
3 1299 1157 1300  216 216 216
3 1299 1300 1301  216 216 216
3 1299 1301 1302  216 216 216
3 1299 1302 1296  216 216 216
3 1299 1296 1165  216 216 216
3 1151 1303 1159  216 216 216
3 1303 1151 1304  216 216 216
3 1303 1304 1305  216 216 216
3 1303 1305 1306  216 216 216
3 1303 1306 1300  216 216 216
3 1303 1300 1159  216 216 216
3 1145 1307 1153  216 216 216
3 1307 1145 1308  216 216 216
3 1307 1308 1309  216 216 216
3 1307 1309 1310  216 216 216
3 1307 1310 1304  216 216 216
3 1307 1304 1153  216 216 216
3 1139 1311 1147  216 216 216
3 1311 1139 1312  216 216 216
3 1311 1312 1313  216 216 216
3 1311 1313 1314  216 216 216
3 1311 1314 1308  216 216 216
3 1311 1308 1147  216 216 216
3 1133 1315 1141  216 216 216
3 1315 1133 1316  216 216 216
3 1315 1316 1317  216 216 216
3 1315 1317 1318  216 216 216
3 1315 1318 1312  216 216 216
3 1315 1312 1141  216 216 216
3 1127 1319 1135  216 216 216
3 1319 1127 1320  216 216 216
3 1319 1320 1321  216 216 216
3 1319 1321 1322  216 216 216
3 1319 1322 1316  216 216 216
3 1319 1316 1135  216 216 216
3 1121 1323 1129  216 216 216
3 1323 1121 1324  216 216 216
3 1323 1324 1325  216 216 216
3 1323 1325 1326  216 216 216
3 1323 1326 1320  216 216 216
3 1323 1320 1129  216 216 216
3 1114 1327 1123  216 216 216
3 1327 1114 1286  216 216 216
3 1327 1286 1328  216 216 216
3 1327 1328 1329  216 216 216
3 1327 1329 1324  216 216 216
3 1327 1324 1123  216 216 216
3 1249 1244 1241  216 216 216
3 1153 1304 1151  216 216 216
3 1245 1330 1246  216 216 216
3 1244 1252 1245  216 216 216
3 1330 1331 1332  216 216 216
3 1330 1332 1246  216 216 216
3 1330 1245 1333  216 216 216
3 1330 1333 1334  216 216 216
3 1330 1334 1331  216 216 216
3 1331 1335 1336  216 216 216
3 1331 1336 1332  216 216 216
3 1335 1305 1337  216 216 216
3 1335 1337 1336  216 216 216
3 1335 1331 1338  216 216 216
3 1335 1338 1306  216 216 216
3 1335 1306 1305  216 216 216
3 1337 1305 1310  216 216 216
3 1337 1310 1339  216 216 216
3 1337 1339 1340  216 216 216
3 1337 1340 1336  216 216 216
3 1310 1305 1304  216 216 216
3 1159 1300 1157  216 216 216
3 1255 1250 1247  216 216 216
3 1165 1296 1163  216 216 216
3 1261 1256 1253  216 216 216
3 1171 1292 1169  216 216 216
3 1267 1262 1259  216 216 216
3 1177 1288 1175  216 216 216
3 1273 1268 1265  216 216 216
3 1183 1283 1181  216 216 216
3 1279 1274 1271  216 216 216
3 1116 1286 1114  216 216 216
3 1212 1216 1277  216 216 216
3 1123 1324 1121  216 216 216
3 1219 1213 1210  216 216 216
3 1129 1320 1127  216 216 216
3 1225 1220 1217  216 216 216
3 1135 1316 1133  216 216 216
3 1231 1226 1223  216 216 216
3 1141 1312 1139  216 216 216
3 1237 1232 1229  216 216 216
3 1147 1308 1145  216 216 216
3 1243 1238 1235  216 216 216
3 1280 1216 1215  216 216 216
3 1280 1215 1341  216 216 216
3 1280 1341 1342  216 216 216
3 1280 1342 1281  216 216 216
3 1341 1343 1342  216 216 216
3 1341 1215 1344  216 216 216
3 1341 1344 1345  216 216 216
3 1341 1345 1343  216 216 216
3 1343 1346 1347  216 216 216
3 1343 1347 1342  216 216 216
3 1346 1329 1348  216 216 216
3 1346 1348 1347  216 216 216
3 1346 1343 1349  216 216 216
3 1346 1349 1325  216 216 216
3 1346 1325 1329  216 216 216
3 1348 1329 1328  216 216 216
3 1348 1328 1350  216 216 216
3 1348 1350 1351  216 216 216
3 1348 1351 1347  216 216 216
3 1324 1329 1325  216 216 216
3 1350 1328 1285  216 216 216
3 1350 1285 1352  216 216 216
3 1350 1352 1353  216 216 216
3 1350 1353 1351  216 216 216
3 1342 1347 1354  216 216 216
3 1342 1354 1281  216 216 216
3 1285 1328 1286  216 216 216
3 1215 1214 1344  216 216 216
3 1213 1222 1214  216 216 216
3 1344 1214 1355  216 216 216
3 1344 1355 1356  216 216 216
3 1344 1356 1345  216 216 216
3 1343 1345 1349  216 216 216
3 1326 1325 1349  216 216 216
3 1326 1349 1357  216 216 216
3 1326 1357 1321  216 216 216
3 1326 1321 1320  216 216 216
3 1349 1345 1357  216 216 216
3 1214 1222 1355  216 216 216
3 1355 1222 1358  216 216 216
3 1355 1358 1359  216 216 216
3 1355 1359 1356  216 216 216
3 1345 1356 1357  216 216 216
3 1357 1356 1360  216 216 216
3 1357 1360 1321  216 216 216
3 1222 1221 1358  216 216 216
3 1220 1228 1221  216 216 216
3 1358 1221 1361  216 216 216
3 1358 1361 1362  216 216 216
3 1358 1362 1359  216 216 216
3 1356 1359 1360  216 216 216
3 1322 1321 1360  216 216 216
3 1322 1360 1363  216 216 216
3 1322 1363 1317  216 216 216
3 1322 1317 1316  216 216 216
3 1360 1359 1363  216 216 216
3 1221 1228 1361  216 216 216
3 1361 1228 1364  216 216 216
3 1361 1364 1365  216 216 216
3 1361 1365 1362  216 216 216
3 1359 1362 1363  216 216 216
3 1363 1362 1366  216 216 216
3 1363 1366 1317  216 216 216
3 1228 1227 1364  216 216 216
3 1226 1234 1227  216 216 216
3 1364 1227 1367  216 216 216
3 1364 1367 1368  216 216 216
3 1364 1368 1365  216 216 216
3 1362 1365 1366  216 216 216
3 1318 1317 1366  216 216 216
3 1318 1366 1369  216 216 216
3 1318 1369 1313  216 216 216
3 1318 1313 1312  216 216 216
3 1366 1365 1369  216 216 216
3 1227 1234 1367  216 216 216
3 1367 1234 1370  216 216 216
3 1367 1370 1371  216 216 216
3 1367 1371 1368  216 216 216
3 1365 1368 1369  216 216 216
3 1369 1368 1372  216 216 216
3 1369 1372 1313  216 216 216
3 1234 1233 1370  216 216 216
3 1232 1240 1233  216 216 216
3 1370 1233 1373  216 216 216
3 1370 1373 1374  216 216 216
3 1370 1374 1371  216 216 216
3 1368 1371 1372  216 216 216
3 1314 1313 1372  216 216 216
3 1314 1372 1375  216 216 216
3 1314 1375 1309  216 216 216
3 1314 1309 1308  216 216 216
3 1372 1371 1375  216 216 216
3 1233 1240 1373  216 216 216
3 1373 1240 1376  216 216 216
3 1373 1376 1340  216 216 216
3 1373 1340 1374  216 216 216
3 1371 1374 1375  216 216 216
3 1340 1339 1374  216 216 216
3 1240 1239 1376  216 216 216
3 1238 1246 1239  216 216 216
3 1336 1340 1376  216 216 216
3 1336 1376 1332  216 216 216
3 1246 1332 1239  216 216 216
3 1375 1374 1339  216 216 216
3 1375 1339 1309  216 216 216
3 1310 1309 1339  216 216 216
3 1332 1376 1239  216 216 216
3 1245 1252 1333  216 216 216
3 1333 1252 1377  216 216 216
3 1333 1377 1378  216 216 216
3 1333 1378 1334  216 216 216
3 1331 1334 1338  216 216 216
3 1338 1334 1379  216 216 216
3 1338 1379 1301  216 216 216
3 1338 1301 1306  216 216 216
3 1300 1306 1301  216 216 216
3 1252 1251 1377  216 216 216
3 1250 1258 1251  216 216 216
3 1377 1251 1380  216 216 216
3 1377 1380 1381  216 216 216
3 1377 1381 1378  216 216 216
3 1334 1378 1379  216 216 216
3 1302 1301 1379  216 216 216
3 1302 1379 1382  216 216 216
3 1302 1382 1297  216 216 216
3 1302 1297 1296  216 216 216
3 1379 1378 1382  216 216 216
3 1251 1258 1380  216 216 216
3 1380 1258 1383  216 216 216
3 1380 1383 1384  216 216 216
3 1380 1384 1381  216 216 216
3 1378 1381 1382  216 216 216
3 1382 1381 1385  216 216 216
3 1382 1385 1297  216 216 216
3 1258 1257 1383  216 216 216
3 1256 1264 1257  216 216 216
3 1383 1257 1386  216 216 216
3 1383 1386 1387  216 216 216
3 1383 1387 1384  216 216 216
3 1381 1384 1385  216 216 216
3 1298 1297 1385  216 216 216
3 1298 1385 1388  216 216 216
3 1298 1388 1293  216 216 216
3 1298 1293 1292  216 216 216
3 1385 1384 1388  216 216 216
3 1257 1264 1386  216 216 216
3 1386 1264 1389  216 216 216
3 1386 1389 1390  216 216 216
3 1386 1390 1387  216 216 216
3 1384 1387 1388  216 216 216
3 1388 1387 1391  216 216 216
3 1388 1391 1293  216 216 216
3 1264 1263 1389  216 216 216
3 1262 1270 1263  216 216 216
3 1389 1263 1392  216 216 216
3 1389 1392 1393  216 216 216
3 1389 1393 1390  216 216 216
3 1387 1390 1391  216 216 216
3 1294 1293 1391  216 216 216
3 1294 1391 1394  216 216 216
3 1294 1394 1289  216 216 216
3 1294 1289 1288  216 216 216
3 1391 1390 1394  216 216 216
3 1263 1270 1392  216 216 216
3 1392 1270 1395  216 216 216
3 1392 1395 1396  216 216 216
3 1392 1396 1393  216 216 216
3 1390 1393 1394  216 216 216
3 1394 1393 1397  216 216 216
3 1394 1397 1289  216 216 216
3 1270 1269 1395  216 216 216
3 1268 1276 1269  216 216 216
3 1395 1269 1398  216 216 216
3 1395 1398 1399  216 216 216
3 1395 1399 1396  216 216 216
3 1393 1396 1397  216 216 216
3 1290 1289 1397  216 216 216
3 1290 1397 1400  216 216 216
3 1290 1400 1284  216 216 216
3 1290 1284 1283  216 216 216
3 1397 1396 1400  216 216 216
3 1269 1276 1398  216 216 216
3 1398 1276 1401  216 216 216
3 1398 1401 1353  216 216 216
3 1398 1353 1399  216 216 216
3 1396 1399 1400  216 216 216
3 1353 1352 1399  216 216 216
3 1276 1275 1401  216 216 216
3 1274 1281 1275  216 216 216
3 1351 1353 1401  216 216 216
3 1351 1401 1354  216 216 216
3 1351 1354 1347  216 216 216
3 1281 1354 1275  216 216 216
3 1400 1399 1352  216 216 216
3 1400 1352 1284  216 216 216
3 1285 1284 1352  216 216 216
3 1354 1401 1275  216 216 216
3 816 1210 823  216 216 216
3 1210 816 1219  216 216 216
3 819 1217 817  216 216 216
3 1217 819 1225  216 216 216
3 779 1223 777  216 216 216
3 1223 779 1231  216 216 216
3 783 1229 781  216 216 216
3 1229 783 1237  216 216 216
3 785 1235 822  216 216 216
3 1235 785 1243  216 216 216
3 789 1241 787  216 216 216
3 1241 789 1249  216 216 216
3 793 1247 791  216 216 216
3 1247 793 1255  216 216 216
3 797 1253 795  216 216 216
3 1253 797 1261  216 216 216
3 801 1259 799  216 216 216
3 1259 801 1267  216 216 216
3 805 1265 803  216 216 216
3 1265 805 1273  216 216 216
3 809 1271 807  216 216 216
3 1271 809 1279  216 216 216
3 813 1277 811  216 216 216
3 1277 813 1212  216 216 216
3 1277 1279 811  216 216 216
3 811 1279 809  216 216 216
3 1271 1273 807  216 216 216
3 807 1273 805  216 216 216
3 1265 1267 803  216 216 216
3 803 1267 801  216 216 216
3 1259 1261 799  216 216 216
3 799 1261 797  216 216 216
3 1253 1255 795  216 216 216
3 795 1255 793  216 216 216
3 1247 1249 791  216 216 216
3 791 1249 789  216 216 216
3 1241 1243 787  216 216 216
3 787 1243 785  216 216 216
3 1235 1237 822  216 216 216
3 822 1237 783  216 216 216
3 1229 1231 781  216 216 216
3 781 1231 779  216 216 216
3 1223 1225 777  216 216 216
3 777 1225 819  216 216 216
3 1217 1219 817  216 216 216
3 817 1219 816  216 216 216
3 1210 1212 823  216 216 216
3 823 1212 813  216 216 216
3 1402 1403 1404  216 216 216
3 1403 1402 1405  216 216 216
3 1406 1407 1408  216 216 216
3 1407 1406 1409  216 216 216
3 1410 1411 1412  216 216 216
3 1411 1410 1413  216 216 216
3 1414 1415 1416  216 216 216
3 1415 1414 1417  216 216 216
3 1418 1419 1420  216 216 216
3 1419 1418 1421  216 216 216
3 1422 1423 1424  216 216 216
3 1423 1422 1425  216 216 216
3 1426 1427 1428  216 216 216
3 1427 1426 1429  216 216 216
3 1430 1431 1432  216 216 216
3 1431 1430 1433  216 216 216
3 1434 1435 1436  216 216 216
3 1435 1434 1437  216 216 216
3 1438 1439 1440  216 216 216
3 1439 1438 1441  216 216 216
3 1442 1443 1444  216 216 216
3 1443 1442 1445  216 216 216
3 1446 1447 1448  216 216 216
3 1447 1446 1449  216 216 216
3 1447 1445 1448  216 216 216
3 1448 1445 1442  216 216 216
3 1443 1441 1444  216 216 216
3 1444 1441 1438  216 216 216
3 1439 1437 1440  216 216 216
3 1440 1437 1434  216 216 216
3 1435 1433 1436  216 216 216
3 1436 1433 1430  216 216 216
3 1431 1429 1432  216 216 216
3 1432 1429 1426  216 216 216
3 1427 1425 1428  216 216 216
3 1428 1425 1422  216 216 216
3 1423 1421 1424  216 216 216
3 1424 1421 1418  216 216 216
3 1419 1417 1420  216 216 216
3 1420 1417 1414  216 216 216
3 1415 1413 1416  216 216 216
3 1416 1413 1410  216 216 216
3 1411 1409 1412  216 216 216
3 1412 1409 1406  216 216 216
3 1407 1405 1408  216 216 216
3 1408 1405 1402  216 216 216
3 1403 1449 1404  216 216 216
3 1404 1449 1446  216 216 216
3 1403 1423 1449  216 216 216
3 1423 1403 1421  216 216 216
3 1407 1419 1405  216 216 216
3 1419 1407 1417  216 216 216
3 1411 1415 1409  216 216 216
3 1411 1413 1415  216 216 216
3 1415 1417 1409  216 216 216
3 1409 1417 1407  216 216 216
3 1419 1421 1405  216 216 216
3 1405 1421 1403  216 216 216
3 1423 1425 1449  216 216 216
3 1449 1425 1447  216 216 216
3 1429 1445 1427  216 216 216
3 1445 1429 1443  216 216 216
3 1433 1441 1431  216 216 216
3 1441 1433 1439  216 216 216
3 1437 1439 1435  216 216 216
3 1435 1439 1433  216 216 216
3 1441 1443 1431  216 216 216
3 1431 1443 1429  216 216 216
3 1445 1447 1427  216 216 216
3 1427 1447 1425  216 216 216
3 821 1430 786  216 216 216
3 1430 821 1436  216 216 216
3 771 1434 769  216 216 216
3 1434 771 1440  216 216 216
3 775 1438 773  216 216 216
3 1438 775 1444  216 216 216
3 820 1442 818  216 216 216
3 1442 820 1448  216 216 216
3 812 1446 815  216 216 216
3 1446 812 1404  216 216 216
3 808 1402 814  216 216 216
3 1402 808 1408  216 216 216
3 804 1406 810  216 216 216
3 806 1410 804  216 216 216
3 1410 806 1416  216 216 216
3 802 1414 800  216 216 216
3 1414 802 1420  216 216 216
3 798 1418 796  216 216 216
3 1418 798 1424  216 216 216
3 794 1422 792  216 216 216
3 1422 794 1428  216 216 216
3 790 1426 788  216 216 216
3 1426 790 1432  216 216 216
3 790 784 1432  216 216 216
3 1446 1448 815  216 216 216
3 815 1448 820  216 216 216
3 1442 1444 818  216 216 216
3 818 1444 775  216 216 216
3 1438 1440 773  216 216 216
3 773 1440 771  216 216 216
3 1434 1436 769  216 216 216
3 769 1436 821  216 216 216
3 1430 1432 786  216 216 216
3 1426 1428 788  216 216 216
3 788 1428 794  216 216 216
3 1422 1424 792  216 216 216
3 792 1424 798  216 216 216
3 1418 1420 796  216 216 216
3 796 1420 802  216 216 216
3 1414 1416 800  216 216 216
3 800 1416 806  216 216 216
3 1410 1412 804  216 216 216
3 1412 1406 804  216 216 216
3 1406 1408 810  216 216 216
3 810 1408 808  216 216 216
3 1402 1404 814  216 216 216
3 1432 784 786  216 216 216
3 814 1404 812  216 216 216
3 739 34 1450  216 216 216
3 739 1450 1451  216 216 216
3 739 1451 1452  216 216 216
3 34 36 1450  216 216 216
3 32 1450 30  216 216 216
3 1450 1453 1451  216 216 216
3 780 782 1453  216 216 216
3 782 776 1453  216 216 216
3 776 778 1453  216 216 216
3 778 1454 1453  216 216 216
3 1453 1454 1455  216 216 216
3 1453 1455 1451  216 216 216
3 1454 1456 1455  216 216 216
3 1457 1455 1458  216 216 216
3 1459 1460 1451  216 216 216
3 1460 1452 1451  216 216 216
3 30 1450 36  216 216 216
3 1458 1455 1456  216 216 216
3 772 1461 778  216 216 216
3 1461 1454 778  216 216 216
3 1462 1463 1464  216 216 216
3 1464 1463 1465  216 216 216
3 1463 1466 1465  216 216 216
3 1467 1468 1469  216 216 216
3 1467 1470 1468  216 216 216
3 1468 1470 1471  216 216 216
3 1472 1473 1474  216 216 216
3 1473 1472 1475  216 216 216
3 1476 1477 1478  216 216 216
3 1477 1476 1479  216 216 216
3 1480 1481 1482  216 216 216
3 1483 1484 1480  216 216 216
3 1484 1481 1480  216 216 216
3 1481 1479 1482  216 216 216
3 1482 1479 1476  216 216 216
3 1477 1475 1478  216 216 216
3 1478 1475 1472  216 216 216
3 1473 1471 1474  216 216 216
3 1474 1471 1470  216 216 216
3 1468 1465 1469  216 216 216
3 1469 1465 1466  216 216 216
3 1485 1486 1487  216 216 216
3 1486 1488 1487  216 216 216
3 1487 1488 1489  216 216 216
3 1483 1490 1491  216 216 216
3 1490 1489 1491  216 216 216
3 1491 1489 1488  216 216 216
3 735 1492 1459  216 216 216
3 736 1493 735  216 216 216
3 1493 736 1494  216 216 216
3 738 1495 737  216 216 216
3 1495 738 1496  216 216 216
3 1452 1497 739  216 216 216
3 1497 1452 1498  216 216 216
3 1459 1499 1460  216 216 216
3 1500 1501 1502  216 216 216
3 1501 1500 1503  216 216 216
3 1504 1505 1506  216 216 216
3 1505 1504 1507  216 216 216
3 1508 1509 1510  216 216 216
3 1509 1508 1511  216 216 216
3 1512 1513 1514  216 216 216
3 1513 1512 1515  216 216 216
3 1516 1517 1518  216 216 216
3 1517 1516 1519  216 216 216
3 1520 1521 1522  216 216 216
3 1521 1520 1523  216 216 216
3 1524 1525 1526  216 216 216
3 1525 1524 1527  216 216 216
3 1528 1529 1530  216 216 216
3 1531 1532 1528  216 216 216
3 1532 1531 1533  216 216 216
3 1534 1535 1536  216 216 216
3 1535 1534 739  216 216 216
3 1535 739 1497  216 216 216
3 1495 1494 737  216 216 216
3 737 1494 736  216 216 216
3 1493 1537 735  216 216 216
3 1502 1538 1537  216 216 216
3 1532 1539 1528  216 216 216
3 1529 1527 1530  216 216 216
3 1530 1527 1524  216 216 216
3 1525 1523 1526  216 216 216
3 1526 1523 1520  216 216 216
3 1521 1519 1522  216 216 216
3 1522 1519 1516  216 216 216
3 1517 1515 1518  216 216 216
3 1518 1515 1512  216 216 216
3 1513 1511 1514  216 216 216
3 1514 1511 1508  216 216 216
3 1509 1507 1510  216 216 216
3 1510 1507 1504  216 216 216
3 1505 1503 1506  216 216 216
3 1506 1503 1500  216 216 216
3 1501 1538 1502  216 216 216
3 1538 1540 1537  216 216 216
3 1537 1540 735  216 216 216
3 1492 1499 1459  216 216 216
3 1499 1498 1460  216 216 216
3 1460 1498 1452  216 216 216
3 1535 1533 1536  216 216 216
3 1536 1533 1531  216 216 216
3 1534 1496 739  216 216 216
3 1528 1539 1529  216 216 216
3 739 1496 738  216 216 216
3 1492 735 1540  216 216 216
3 1541 1476 1542  216 216 216
3 1476 1541 1482  216 216 216
3 1543 1483 1544  216 216 216
3 1483 1543 1490  216 216 216
3 1545 1489 1546  216 216 216
3 1489 1545 1487  216 216 216
3 1547 1485 1548  216 216 216
3 1485 1547 1549  216 216 216
3 1550 1551 1552  216 216 216
3 1551 1550 1553  216 216 216
3 1554 1555 1556  216 216 216
3 1555 1554 1557  216 216 216
3 1558 1559 1560  216 216 216
3 1559 1558 1561  216 216 216
3 1562 1563 1564  216 216 216
3 1563 1562 1565  216 216 216
3 1566 1567 1568  216 216 216
3 1567 1566 1462  216 216 216
3 1569 1463 1570  216 216 216
3 1571 1469 1569  216 216 216
3 1572 1470 1571  216 216 216
3 1470 1572 1474  216 216 216
3 1573 1472 1574  216 216 216
3 1472 1573 1478  216 216 216
3 1567 1565 1568  216 216 216
3 1568 1565 1562  216 216 216
3 1563 1561 1564  216 216 216
3 1564 1561 1558  216 216 216
3 1559 1557 1560  216 216 216
3 1560 1557 1554  216 216 216
3 1555 1553 1556  216 216 216
3 1556 1553 1550  216 216 216
3 1551 1549 1552  216 216 216
3 1552 1549 1547  216 216 216
3 1485 1487 1548  216 216 216
3 1548 1487 1545  216 216 216
3 1489 1490 1546  216 216 216
3 1546 1490 1543  216 216 216
3 1483 1480 1544  216 216 216
3 1480 1482 1544  216 216 216
3 1544 1482 1541  216 216 216
3 1476 1478 1542  216 216 216
3 1542 1478 1573  216 216 216
3 1472 1474 1574  216 216 216
3 1574 1474 1572  216 216 216
3 1470 1467 1571  216 216 216
3 1467 1469 1571  216 216 216
3 1469 1466 1569  216 216 216
3 1466 1463 1569  216 216 216
3 1463 1462 1570  216 216 216
3 1570 1462 1566  216 216 216
3 1575 1541 1576  216 216 216
3 1541 1575 1544  216 216 216
3 1577 1543 1578  216 216 216
3 1543 1577 1546  216 216 216
3 1579 1545 1580  216 216 216
3 1545 1579 1548  216 216 216
3 1581 1547 1582  216 216 216
3 1547 1581 1552  216 216 216
3 1583 1550 1584  216 216 216
3 1550 1583 1556  216 216 216
3 1585 1554 1586  216 216 216
3 1554 1585 1560  216 216 216
3 1587 1558 1588  216 216 216
3 1558 1587 1564  216 216 216
3 1589 1562 1590  216 216 216
3 1562 1589 1568  216 216 216
3 1591 1566 1592  216 216 216
3 1566 1591 1570  216 216 216
3 1593 1569 1594  216 216 216
3 1569 1593 1571  216 216 216
3 1595 1572 1596  216 216 216
3 1572 1595 1574  216 216 216
3 1597 1573 1598  216 216 216
3 1573 1597 1542  216 216 216
3 1573 1574 1598  216 216 216
3 1598 1574 1595  216 216 216
3 1572 1571 1596  216 216 216
3 1596 1571 1593  216 216 216
3 1569 1570 1594  216 216 216
3 1594 1570 1591  216 216 216
3 1566 1568 1592  216 216 216
3 1592 1568 1589  216 216 216
3 1562 1564 1590  216 216 216
3 1590 1564 1587  216 216 216
3 1558 1560 1588  216 216 216
3 1588 1560 1585  216 216 216
3 1554 1556 1586  216 216 216
3 1586 1556 1583  216 216 216
3 1550 1552 1584  216 216 216
3 1584 1552 1581  216 216 216
3 1547 1548 1582  216 216 216
3 1582 1548 1579  216 216 216
3 1545 1546 1580  216 216 216
3 1580 1546 1577  216 216 216
3 1543 1544 1578  216 216 216
3 1578 1544 1575  216 216 216
3 1541 1542 1576  216 216 216
3 1576 1542 1597  216 216 216
3 1599 1600 1601  216 216 216
3 1600 1599 1602  216 216 216
3 1600 1602 1603  216 216 216
3 1600 1603 1604  216 216 216
3 1600 1604 1605  216 216 216
3 1600 1605 1601  216 216 216
3 1606 1607 1608  216 216 216
3 1607 1606 1609  216 216 216
3 1607 1609 1610  216 216 216
3 1607 1610 1611  216 216 216
3 1607 1611 1602  216 216 216
3 1607 1602 1608  216 216 216
3 1612 1613 1614  216 216 216
3 1613 1612 1615  216 216 216
3 1613 1615 1616  216 216 216
3 1613 1616 1617  216 216 216
3 1613 1617 1609  216 216 216
3 1613 1609 1614  216 216 216
3 1618 1619 1620  216 216 216
3 1619 1618 1621  216 216 216
3 1619 1621 1622  216 216 216
3 1619 1622 1623  216 216 216
3 1619 1623 1615  216 216 216
3 1619 1615 1620  216 216 216
3 1624 1625 1626  216 216 216
3 1625 1624 1627  216 216 216
3 1625 1627 1628  216 216 216
3 1625 1628 1629  216 216 216
3 1625 1629 1621  216 216 216
3 1625 1621 1626  216 216 216
3 1630 1631 1632  216 216 216
3 1631 1630 1633  216 216 216
3 1631 1633 1634  216 216 216
3 1631 1634 1635  216 216 216
3 1631 1635 1627  216 216 216
3 1631 1627 1632  216 216 216
3 1636 1637 1638  216 216 216
3 1637 1636 1639  216 216 216
3 1637 1639 1640  216 216 216
3 1637 1640 1641  216 216 216
3 1637 1641 1633  216 216 216
3 1637 1633 1638  216 216 216
3 1642 1643 1644  216 216 216
3 1643 1642 1645  216 216 216
3 1643 1645 1646  216 216 216
3 1643 1646 1647  216 216 216
3 1643 1647 1639  216 216 216
3 1643 1639 1644  216 216 216
3 1648 1649 1650  216 216 216
3 1649 1648 1651  216 216 216
3 1649 1651 1652  216 216 216
3 1649 1652 1653  216 216 216
3 1649 1653 1645  216 216 216
3 1649 1645 1650  216 216 216
3 1654 1655 1656  216 216 216
3 1655 1654 1657  216 216 216
3 1655 1657 1658  216 216 216
3 1655 1658 1659  216 216 216
3 1655 1659 1651  216 216 216
3 1655 1651 1656  216 216 216
3 1660 1661 1662  216 216 216
3 1661 1660 1663  216 216 216
3 1661 1663 1664  216 216 216
3 1661 1664 1665  216 216 216
3 1661 1665 1657  216 216 216
3 1661 1657 1662  216 216 216
3 1666 1667 1668  216 216 216
3 1667 1666 1605  216 216 216
3 1667 1605 1669  216 216 216
3 1667 1669 1670  216 216 216
3 1667 1670 1663  216 216 216
3 1667 1663 1668  216 216 216
3 1597 1671 1576  216 216 216
3 1671 1597 1672  216 216 216
3 1671 1672 1673  216 216 216
3 1671 1673 1674  216 216 216
3 1671 1674 1675  216 216 216
3 1671 1675 1576  216 216 216
3 1595 1676 1598  216 216 216
3 1676 1595 1677  216 216 216
3 1676 1677 1678  216 216 216
3 1676 1678 1679  216 216 216
3 1676 1679 1672  216 216 216
3 1676 1672 1598  216 216 216
3 1593 1680 1596  216 216 216
3 1680 1593 1681  216 216 216
3 1680 1681 1682  216 216 216
3 1680 1682 1683  216 216 216
3 1680 1683 1677  216 216 216
3 1680 1677 1596  216 216 216
3 1591 1684 1594  216 216 216
3 1684 1591 1685  216 216 216
3 1684 1685 1686  216 216 216
3 1684 1686 1687  216 216 216
3 1684 1687 1681  216 216 216
3 1684 1681 1594  216 216 216
3 1589 1688 1592  216 216 216
3 1688 1589 1689  216 216 216
3 1688 1689 1690  216 216 216
3 1688 1690 1691  216 216 216
3 1688 1691 1685  216 216 216
3 1688 1685 1592  216 216 216
3 1587 1692 1590  216 216 216
3 1692 1587 1693  216 216 216
3 1692 1693 1694  216 216 216
3 1692 1694 1695  216 216 216
3 1692 1695 1689  216 216 216
3 1692 1689 1590  216 216 216
3 1585 1696 1588  216 216 216
3 1696 1585 1697  216 216 216
3 1696 1697 1698  216 216 216
3 1696 1698 1699  216 216 216
3 1696 1699 1693  216 216 216
3 1696 1693 1588  216 216 216
3 1583 1700 1586  216 216 216
3 1700 1583 1701  216 216 216
3 1700 1701 1702  216 216 216
3 1700 1702 1703  216 216 216
3 1700 1703 1697  216 216 216
3 1700 1697 1586  216 216 216
3 1581 1704 1584  216 216 216
3 1704 1581 1705  216 216 216
3 1704 1705 1706  216 216 216
3 1704 1706 1707  216 216 216
3 1704 1707 1701  216 216 216
3 1704 1701 1584  216 216 216
3 1579 1708 1582  216 216 216
3 1708 1579 1709  216 216 216
3 1708 1709 1710  216 216 216
3 1708 1710 1711  216 216 216
3 1708 1711 1705  216 216 216
3 1708 1705 1582  216 216 216
3 1577 1712 1580  216 216 216
3 1712 1577 1713  216 216 216
3 1712 1713 1714  216 216 216
3 1712 1714 1715  216 216 216
3 1712 1715 1709  216 216 216
3 1712 1709 1580  216 216 216
3 1575 1716 1578  216 216 216
3 1716 1575 1675  216 216 216
3 1716 1675 1717  216 216 216
3 1716 1717 1718  216 216 216
3 1716 1718 1713  216 216 216
3 1716 1713 1578  216 216 216
3 1638 1633 1630  216 216 216
3 1588 1693 1587  216 216 216
3 1634 1719 1635  216 216 216
3 1633 1641 1634  216 216 216
3 1719 1720 1721  216 216 216
3 1719 1721 1635  216 216 216
3 1719 1634 1722  216 216 216
3 1719 1722 1723  216 216 216
3 1719 1723 1720  216 216 216
3 1720 1694 1724  216 216 216
3 1720 1724 1721  216 216 216
3 1724 1694 1699  216 216 216
3 1724 1699 1725  216 216 216
3 1724 1725 1726  216 216 216
3 1724 1726 1721  216 216 216
3 1694 1720 1695  216 216 216
3 1699 1694 1693  216 216 216
3 1590 1689 1589  216 216 216
3 1644 1639 1636  216 216 216
3 1592 1685 1591  216 216 216
3 1650 1645 1642  216 216 216
3 1594 1681 1593  216 216 216
3 1656 1651 1648  216 216 216
3 1596 1677 1595  216 216 216
3 1662 1657 1654  216 216 216
3 1598 1672 1597  216 216 216
3 1668 1663 1660  216 216 216
3 1576 1675 1575  216 216 216
3 1601 1605 1666  216 216 216
3 1578 1713 1577  216 216 216
3 1608 1602 1599  216 216 216
3 1580 1709 1579  216 216 216
3 1614 1609 1606  216 216 216
3 1582 1705 1581  216 216 216
3 1620 1615 1612  216 216 216
3 1584 1701 1583  216 216 216
3 1626 1621 1618  216 216 216
3 1586 1697 1585  216 216 216
3 1632 1627 1624  216 216 216
3 1669 1605 1604  216 216 216
3 1669 1604 1727  216 216 216
3 1669 1727 1728  216 216 216
3 1669 1728 1670  216 216 216
3 1727 1729 1728  216 216 216
3 1727 1604 1730  216 216 216
3 1727 1730 1731  216 216 216
3 1727 1731 1729  216 216 216
3 1729 1718 1732  216 216 216
3 1729 1732 1728  216 216 216
3 1732 1718 1717  216 216 216
3 1732 1717 1733  216 216 216
3 1732 1733 1734  216 216 216
3 1732 1734 1728  216 216 216
3 1718 1729 1714  216 216 216
3 1718 1714 1713  216 216 216
3 1733 1717 1674  216 216 216
3 1733 1674 1735  216 216 216
3 1733 1735 1736  216 216 216
3 1733 1736 1734  216 216 216
3 1670 1728 1734  216 216 216
3 1670 1734 1664  216 216 216
3 1670 1664 1663  216 216 216
3 1674 1717 1675  216 216 216
3 1604 1603 1730  216 216 216
3 1602 1611 1603  216 216 216
3 1730 1603 1737  216 216 216
3 1730 1737 1738  216 216 216
3 1730 1738 1731  216 216 216
3 1715 1714 1731  216 216 216
3 1715 1731 1738  216 216 216
3 1715 1738 1710  216 216 216
3 1715 1710 1709  216 216 216
3 1729 1731 1714  216 216 216
3 1603 1611 1737  216 216 216
3 1737 1611 1739  216 216 216
3 1737 1739 1740  216 216 216
3 1737 1740 1738  216 216 216
3 1710 1738 1740  216 216 216
3 1710 1740 1711  216 216 216
3 1611 1610 1739  216 216 216
3 1609 1617 1610  216 216 216
3 1739 1610 1741  216 216 216
3 1739 1741 1742  216 216 216
3 1739 1742 1740  216 216 216
3 1711 1740 1742  216 216 216
3 1711 1742 1706  216 216 216
3 1711 1706 1705  216 216 216
3 1610 1617 1741  216 216 216
3 1741 1617 1743  216 216 216
3 1741 1743 1744  216 216 216
3 1741 1744 1742  216 216 216
3 1706 1742 1744  216 216 216
3 1706 1744 1707  216 216 216
3 1617 1616 1743  216 216 216
3 1615 1623 1616  216 216 216
3 1743 1616 1745  216 216 216
3 1743 1745 1746  216 216 216
3 1743 1746 1744  216 216 216
3 1707 1744 1746  216 216 216
3 1707 1746 1702  216 216 216
3 1707 1702 1701  216 216 216
3 1616 1623 1745  216 216 216
3 1745 1623 1747  216 216 216
3 1745 1747 1748  216 216 216
3 1745 1748 1746  216 216 216
3 1702 1746 1748  216 216 216
3 1702 1748 1703  216 216 216
3 1623 1622 1747  216 216 216
3 1621 1629 1622  216 216 216
3 1747 1622 1749  216 216 216
3 1747 1749 1750  216 216 216
3 1747 1750 1748  216 216 216
3 1703 1748 1750  216 216 216
3 1703 1750 1698  216 216 216
3 1703 1698 1697  216 216 216
3 1622 1629 1749  216 216 216
3 1749 1629 1726  216 216 216
3 1749 1726 1725  216 216 216
3 1749 1725 1750  216 216 216
3 1698 1750 1725  216 216 216
3 1698 1725 1699  216 216 216
3 1721 1726 1628  216 216 216
3 1721 1628 1635  216 216 216
3 1628 1627 1635  216 216 216
3 1629 1628 1726  216 216 216
3 1634 1641 1722  216 216 216
3 1722 1641 1751  216 216 216
3 1722 1751 1752  216 216 216
3 1722 1752 1723  216 216 216
3 1720 1723 1695  216 216 216
3 1695 1723 1690  216 216 216
3 1695 1690 1689  216 216 216
3 1641 1640 1751  216 216 216
3 1639 1647 1640  216 216 216
3 1751 1640 1753  216 216 216
3 1751 1753 1754  216 216 216
3 1751 1754 1752  216 216 216
3 1691 1690 1752  216 216 216
3 1691 1752 1754  216 216 216
3 1691 1754 1686  216 216 216
3 1691 1686 1685  216 216 216
3 1723 1752 1690  216 216 216
3 1640 1647 1753  216 216 216
3 1753 1647 1755  216 216 216
3 1753 1755 1756  216 216 216
3 1753 1756 1754  216 216 216
3 1686 1754 1756  216 216 216
3 1686 1756 1687  216 216 216
3 1647 1646 1755  216 216 216
3 1645 1653 1646  216 216 216
3 1755 1646 1757  216 216 216
3 1755 1757 1758  216 216 216
3 1755 1758 1756  216 216 216
3 1687 1756 1758  216 216 216
3 1687 1758 1682  216 216 216
3 1687 1682 1681  216 216 216
3 1646 1653 1757  216 216 216
3 1757 1653 1759  216 216 216
3 1757 1759 1760  216 216 216
3 1757 1760 1758  216 216 216
3 1682 1758 1760  216 216 216
3 1682 1760 1683  216 216 216
3 1653 1652 1759  216 216 216
3 1651 1659 1652  216 216 216
3 1759 1652 1761  216 216 216
3 1759 1761 1762  216 216 216
3 1759 1762 1760  216 216 216
3 1683 1760 1762  216 216 216
3 1683 1762 1678  216 216 216
3 1683 1678 1677  216 216 216
3 1652 1659 1761  216 216 216
3 1761 1659 1763  216 216 216
3 1761 1763 1764  216 216 216
3 1761 1764 1762  216 216 216
3 1678 1762 1764  216 216 216
3 1678 1764 1679  216 216 216
3 1659 1658 1763  216 216 216
3 1657 1665 1658  216 216 216
3 1763 1658 1765  216 216 216
3 1763 1765 1766  216 216 216
3 1763 1766 1764  216 216 216
3 1679 1764 1766  216 216 216
3 1679 1766 1673  216 216 216
3 1679 1673 1672  216 216 216
3 1658 1665 1765  216 216 216
3 1765 1665 1736  216 216 216
3 1765 1736 1735  216 216 216
3 1765 1735 1766  216 216 216
3 1673 1766 1735  216 216 216
3 1673 1735 1674  216 216 216
3 1734 1736 1664  216 216 216
3 1665 1664 1736  216 216 216
3 1767 1768 1769  216 216 216
3 1768 1767 1770  216 216 216
3 1768 1770 1771  216 216 216
3 1768 1771 1772  216 216 216
3 1768 1772 1773  216 216 216
3 1768 1773 1769  216 216 216
3 1774 1775 1776  216 216 216
3 1775 1774 1777  216 216 216
3 1775 1777 1778  216 216 216
3 1775 1778 1779  216 216 216
3 1775 1779 1770  216 216 216
3 1775 1770 1776  216 216 216
3 1780 1781 1782  216 216 216
3 1781 1780 1783  216 216 216
3 1781 1783 1784  216 216 216
3 1781 1784 1785  216 216 216
3 1781 1785 1777  216 216 216
3 1781 1777 1782  216 216 216
3 1786 1787 1788  216 216 216
3 1787 1786 1789  216 216 216
3 1787 1789 1790  216 216 216
3 1787 1790 1791  216 216 216
3 1787 1791 1783  216 216 216
3 1787 1783 1788  216 216 216
3 1792 1793 1794  216 216 216
3 1793 1792 1795  216 216 216
3 1793 1795 1796  216 216 216
3 1793 1796 1797  216 216 216
3 1793 1797 1789  216 216 216
3 1793 1789 1794  216 216 216
3 1798 1799 1800  216 216 216
3 1799 1798 1801  216 216 216
3 1799 1801 1802  216 216 216
3 1799 1802 1803  216 216 216
3 1799 1803 1795  216 216 216
3 1799 1795 1800  216 216 216
3 1804 1805 1806  216 216 216
3 1805 1804 1807  216 216 216
3 1805 1807 1808  216 216 216
3 1805 1808 1809  216 216 216
3 1805 1809 1810  216 216 216
3 1805 1810 1806  216 216 216
3 1811 1812 1813  216 216 216
3 1812 1811 1814  216 216 216
3 1812 1814 1815  216 216 216
3 1812 1815 1816  216 216 216
3 1812 1816 1807  216 216 216
3 1812 1807 1813  216 216 216
3 1817 1818 1819  216 216 216
3 1818 1817 1820  216 216 216
3 1818 1820 1821  216 216 216
3 1818 1821 1822  216 216 216
3 1818 1822 1814  216 216 216
3 1818 1814 1819  216 216 216
3 1823 1824 1825  216 216 216
3 1824 1823 1826  216 216 216
3 1824 1826 1827  216 216 216
3 1824 1827 1828  216 216 216
3 1824 1828 1820  216 216 216
3 1824 1820 1825  216 216 216
3 1829 1830 1831  216 216 216
3 1830 1829 1832  216 216 216
3 1830 1832 1833  216 216 216
3 1830 1833 1834  216 216 216
3 1830 1834 1826  216 216 216
3 1830 1826 1831  216 216 216
3 1835 1836 1837  216 216 216
3 1836 1835 1773  216 216 216
3 1836 1773 1838  216 216 216
3 1836 1838 1839  216 216 216
3 1836 1839 1832  216 216 216
3 1836 1832 1837  216 216 216
3 1666 1838 1601  216 216 216
3 1838 1666 1839  216 216 216
3 1660 1833 1668  216 216 216
3 1833 1660 1834  216 216 216
3 1654 1827 1662  216 216 216
3 1827 1654 1828  216 216 216
3 1648 1821 1656  216 216 216
3 1821 1648 1822  216 216 216
3 1642 1815 1650  216 216 216
3 1815 1642 1816  216 216 216
3 1636 1808 1644  216 216 216
3 1808 1636 1809  216 216 216
3 1630 1802 1638  216 216 216
3 1802 1630 1803  216 216 216
3 1624 1796 1632  216 216 216
3 1796 1624 1797  216 216 216
3 1618 1790 1626  216 216 216
3 1790 1618 1791  216 216 216
3 1612 1784 1620  216 216 216
3 1784 1612 1785  216 216 216
3 1606 1778 1614  216 216 216
3 1778 1606 1779  216 216 216
3 1599 1771 1608  216 216 216
3 1771 1599 1772  216 216 216
3 1810 1809 1840  216 216 216
3 1810 1840 1801  216 216 216
3 1810 1801 1806  216 216 216
3 1801 1840 1802  216 216 216
3 1798 1806 1801  216 216 216
3 1638 1802 1840  216 216 216
3 1638 1840 1809  216 216 216
3 1638 1809 1636  216 216 216
3 1632 1796 1803  216 216 216
3 1632 1803 1630  216 216 216
3 1795 1803 1796  216 216 216
3 1626 1790 1797  216 216 216
3 1626 1797 1624  216 216 216
3 1789 1797 1790  216 216 216
3 1620 1784 1791  216 216 216
3 1620 1791 1618  216 216 216
3 1783 1791 1784  216 216 216
3 1614 1778 1785  216 216 216
3 1614 1785 1612  216 216 216
3 1777 1785 1778  216 216 216
3 1608 1771 1779  216 216 216
3 1608 1779 1606  216 216 216
3 1770 1779 1771  216 216 216
3 1601 1838 1772  216 216 216
3 1601 1772 1599  216 216 216
3 1773 1772 1838  216 216 216
3 1668 1833 1839  216 216 216
3 1668 1839 1666  216 216 216
3 1832 1839 1833  216 216 216
3 1662 1827 1834  216 216 216
3 1662 1834 1660  216 216 216
3 1826 1834 1827  216 216 216
3 1656 1821 1828  216 216 216
3 1656 1828 1654  216 216 216
3 1820 1828 1821  216 216 216
3 1650 1815 1822  216 216 216
3 1650 1822 1648  216 216 216
3 1814 1822 1815  216 216 216
3 1644 1808 1816  216 216 216
3 1644 1816 1642  216 216 216
3 1807 1816 1808  216 216 216
3 1835 1769 1773  216 216 216
3 1776 1770 1767  216 216 216
3 1782 1777 1774  216 216 216
3 1788 1783 1780  216 216 216
3 1794 1789 1786  216 216 216
3 1800 1795 1792  216 216 216
3 1813 1807 1804  216 216 216
3 1819 1814 1811  216 216 216
3 1825 1820 1817  216 216 216
3 1831 1826 1823  216 216 216
3 1837 1832 1829  216 216 216
3 1841 1842 1843  216 216 216
3 1842 1841 1844  216 216 216
3 1842 1844 1845  216 216 216
3 1842 1845 1846  216 216 216
3 1842 1846 1847  216 216 216
3 1842 1847 1843  216 216 216
3 1848 1849 1850  216 216 216
3 1849 1848 1851  216 216 216
3 1849 1851 1852  216 216 216
3 1849 1852 1853  216 216 216
3 1849 1853 1844  216 216 216
3 1849 1844 1850  216 216 216
3 1854 1855 1856  216 216 216
3 1855 1854 1857  216 216 216
3 1855 1857 1858  216 216 216
3 1855 1858 1859  216 216 216
3 1855 1859 1851  216 216 216
3 1855 1851 1856  216 216 216
3 1860 1861 1862  216 216 216
3 1861 1860 1863  216 216 216
3 1861 1863 1864  216 216 216
3 1861 1864 1865  216 216 216
3 1861 1865 1857  216 216 216
3 1861 1857 1862  216 216 216
3 1866 1867 1868  216 216 216
3 1867 1866 1869  216 216 216
3 1867 1869 1870  216 216 216
3 1867 1870 1871  216 216 216
3 1867 1871 1863  216 216 216
3 1867 1863 1868  216 216 216
3 1872 1873 1874  216 216 216
3 1873 1872 1875  216 216 216
3 1873 1875 1876  216 216 216
3 1873 1876 1877  216 216 216
3 1873 1877 1869  216 216 216
3 1873 1869 1874  216 216 216
3 1878 1879 1880  216 216 216
3 1879 1878 1881  216 216 216
3 1879 1881 1882  216 216 216
3 1879 1882 1883  216 216 216
3 1879 1883 1875  216 216 216
3 1879 1875 1880  216 216 216
3 1884 1885 1886  216 216 216
3 1885 1884 1887  216 216 216
3 1885 1887 1888  216 216 216
3 1885 1888 1889  216 216 216
3 1885 1889 1881  216 216 216
3 1885 1881 1886  216 216 216
3 1890 1891 1892  216 216 216
3 1891 1890 1893  216 216 216
3 1891 1893 1894  216 216 216
3 1891 1894 1895  216 216 216
3 1891 1895 1887  216 216 216
3 1891 1887 1892  216 216 216
3 1896 1897 1898  216 216 216
3 1897 1896 1899  216 216 216
3 1897 1899 1900  216 216 216
3 1897 1900 1901  216 216 216
3 1897 1901 1893  216 216 216
3 1897 1893 1898  216 216 216
3 1902 1903 1904  216 216 216
3 1903 1902 1905  216 216 216
3 1903 1905 1906  216 216 216
3 1903 1906 1907  216 216 216
3 1903 1907 1899  216 216 216
3 1903 1899 1904  216 216 216
3 1908 1909 1910  216 216 216
3 1909 1908 1847  216 216 216
3 1909 1847 1911  216 216 216
3 1909 1911 1912  216 216 216
3 1909 1912 1905  216 216 216
3 1909 1905 1910  216 216 216
3 1835 1913 1769  216 216 216
3 1913 1835 1914  216 216 216
3 1913 1914 1906  216 216 216
3 1913 1906 1912  216 216 216
3 1913 1912 1915  216 216 216
3 1913 1915 1769  216 216 216
3 1829 1916 1837  216 216 216
3 1916 1829 1917  216 216 216
3 1916 1917 1900  216 216 216
3 1916 1900 1907  216 216 216
3 1916 1907 1914  216 216 216
3 1916 1914 1837  216 216 216
3 1823 1918 1831  216 216 216
3 1918 1823 1919  216 216 216
3 1918 1919 1894  216 216 216
3 1918 1894 1901  216 216 216
3 1918 1901 1917  216 216 216
3 1918 1917 1831  216 216 216
3 1817 1920 1825  216 216 216
3 1920 1817 1921  216 216 216
3 1920 1921 1888  216 216 216
3 1920 1888 1895  216 216 216
3 1920 1895 1919  216 216 216
3 1920 1919 1825  216 216 216
3 1811 1922 1819  216 216 216
3 1922 1811 1923  216 216 216
3 1922 1923 1882  216 216 216
3 1922 1882 1889  216 216 216
3 1922 1889 1921  216 216 216
3 1922 1921 1819  216 216 216
3 1804 1924 1813  216 216 216
3 1924 1804 1925  216 216 216
3 1924 1925 1876  216 216 216
3 1924 1876 1883  216 216 216
3 1924 1883 1923  216 216 216
3 1924 1923 1813  216 216 216
3 1798 1926 1806  216 216 216
3 1926 1798 1927  216 216 216
3 1926 1927 1870  216 216 216
3 1926 1870 1877  216 216 216
3 1926 1877 1925  216 216 216
3 1926 1925 1806  216 216 216
3 1792 1928 1800  216 216 216
3 1928 1792 1929  216 216 216
3 1928 1929 1864  216 216 216
3 1928 1864 1871  216 216 216
3 1928 1871 1927  216 216 216
3 1928 1927 1800  216 216 216
3 1786 1930 1794  216 216 216
3 1930 1786 1931  216 216 216
3 1930 1931 1858  216 216 216
3 1930 1858 1865  216 216 216
3 1930 1865 1929  216 216 216
3 1930 1929 1794  216 216 216
3 1780 1932 1788  216 216 216
3 1932 1780 1933  216 216 216
3 1932 1933 1852  216 216 216
3 1932 1852 1859  216 216 216
3 1932 1859 1931  216 216 216
3 1932 1931 1788  216 216 216
3 1774 1934 1782  216 216 216
3 1934 1774 1935  216 216 216
3 1934 1935 1845  216 216 216
3 1934 1845 1853  216 216 216
3 1934 1853 1933  216 216 216
3 1934 1933 1782  216 216 216
3 1767 1936 1776  216 216 216
3 1936 1767 1915  216 216 216
3 1936 1915 1911  216 216 216
3 1936 1911 1846  216 216 216
3 1936 1846 1935  216 216 216
3 1936 1935 1776  216 216 216
3 1880 1875 1872  216 216 216
3 1806 1925 1804  216 216 216
3 1883 1876 1875  216 216 216
3 1876 1925 1877  216 216 216
3 1813 1923 1811  216 216 216
3 1886 1881 1878  216 216 216
3 1819 1921 1817  216 216 216
3 1892 1887 1884  216 216 216
3 1825 1919 1823  216 216 216
3 1898 1893 1890  216 216 216
3 1831 1917 1829  216 216 216
3 1904 1899 1896  216 216 216
3 1837 1914 1835  216 216 216
3 1910 1905 1902  216 216 216
3 1769 1915 1767  216 216 216
3 1843 1847 1908  216 216 216
3 1776 1935 1774  216 216 216
3 1850 1844 1841  216 216 216
3 1782 1933 1780  216 216 216
3 1856 1851 1848  216 216 216
3 1788 1931 1786  216 216 216
3 1862 1857 1854  216 216 216
3 1794 1929 1792  216 216 216
3 1868 1863 1860  216 216 216
3 1800 1927 1798  216 216 216
3 1874 1869 1866  216 216 216
3 1911 1847 1846  216 216 216
3 1935 1846 1845  216 216 216
3 1912 1911 1915  216 216 216
3 1853 1845 1844  216 216 216
3 1933 1853 1852  216 216 216
3 1859 1852 1851  216 216 216
3 1931 1859 1858  216 216 216
3 1865 1858 1857  216 216 216
3 1929 1865 1864  216 216 216
3 1871 1864 1863  216 216 216
3 1927 1871 1870  216 216 216
3 1877 1870 1869  216 216 216
3 1923 1883 1882  216 216 216
3 1889 1882 1881  216 216 216
3 1921 1889 1888  216 216 216
3 1895 1888 1887  216 216 216
3 1919 1895 1894  216 216 216
3 1901 1894 1893  216 216 216
3 1917 1901 1900  216 216 216
3 1907 1900 1899  216 216 216
3 1914 1907 1906  216 216 216
3 1912 1906 1905  216 216 216
3 1937 1938 1939  216 216 216
3 1938 1937 1940  216 216 216
3 1938 1940 1941  216 216 216
3 1938 1941 1942  216 216 216
3 1938 1942 1943  216 216 216
3 1938 1943 1939  216 216 216
3 1944 1945 1946  216 216 216
3 1945 1944 1947  216 216 216
3 1945 1947 1948  216 216 216
3 1945 1948 1949  216 216 216
3 1945 1949 1940  216 216 216
3 1945 1940 1946  216 216 216
3 1950 1951 1952  216 216 216
3 1951 1950 1953  216 216 216
3 1951 1953 1954  216 216 216
3 1951 1954 1955  216 216 216
3 1951 1955 1947  216 216 216
3 1951 1947 1952  216 216 216
3 1956 1957 1958  216 216 216
3 1957 1956 1959  216 216 216
3 1957 1959 1960  216 216 216
3 1957 1960 1961  216 216 216
3 1957 1961 1953  216 216 216
3 1957 1953 1958  216 216 216
3 1962 1963 1964  216 216 216
3 1963 1962 1965  216 216 216
3 1963 1965 1966  216 216 216
3 1963 1966 1967  216 216 216
3 1963 1967 1959  216 216 216
3 1963 1959 1964  216 216 216
3 1968 1969 1970  216 216 216
3 1969 1968 1971  216 216 216
3 1969 1971 1972  216 216 216
3 1969 1972 1973  216 216 216
3 1969 1973 1965  216 216 216
3 1969 1965 1970  216 216 216
3 1974 1975 1976  216 216 216
3 1975 1974 1977  216 216 216
3 1975 1977 1978  216 216 216
3 1975 1978 1979  216 216 216
3 1975 1979 1971  216 216 216
3 1975 1971 1976  216 216 216
3 1980 1981 1982  216 216 216
3 1981 1980 1983  216 216 216
3 1981 1983 1984  216 216 216
3 1981 1984 1985  216 216 216
3 1981 1985 1977  216 216 216
3 1981 1977 1982  216 216 216
3 1986 1987 1988  216 216 216
3 1987 1986 1989  216 216 216
3 1987 1989 1990  216 216 216
3 1987 1990 1991  216 216 216
3 1987 1991 1983  216 216 216
3 1987 1983 1988  216 216 216
3 1992 1993 1994  216 216 216
3 1993 1992 1995  216 216 216
3 1993 1995 1996  216 216 216
3 1993 1996 1997  216 216 216
3 1993 1997 1989  216 216 216
3 1993 1989 1994  216 216 216
3 1998 1999 2000  216 216 216
3 1999 1998 2001  216 216 216
3 1999 2001 2002  216 216 216
3 1999 2002 2003  216 216 216
3 1999 2003 1995  216 216 216
3 1999 1995 2000  216 216 216
3 2004 2005 2006  216 216 216
3 2005 2004 1943  216 216 216
3 2005 1943 2007  216 216 216
3 2005 2007 2008  216 216 216
3 2005 2008 2001  216 216 216
3 2005 2001 2006  216 216 216
3 1908 2009 1843  216 216 216
3 2009 1908 2010  216 216 216
3 2009 2010 2011  216 216 216
3 2009 2011 2012  216 216 216
3 2009 2012 2013  216 216 216
3 2009 2013 1843  216 216 216
3 1902 2014 1910  216 216 216
3 2014 1902 2015  216 216 216
3 2014 2015 2016  216 216 216
3 2014 2016 2017  216 216 216
3 2014 2017 2010  216 216 216
3 2014 2010 1910  216 216 216
3 1896 2018 1904  216 216 216
3 2018 1896 2019  216 216 216
3 2018 2019 2020  216 216 216
3 2018 2020 2021  216 216 216
3 2018 2021 2015  216 216 216
3 2018 2015 1904  216 216 216
3 1890 2022 1898  216 216 216
3 2022 1890 2023  216 216 216
3 2022 2023 2024  216 216 216
3 2022 2024 2025  216 216 216
3 2022 2025 2019  216 216 216
3 2022 2019 1898  216 216 216
3 1884 2026 1892  216 216 216
3 2026 1884 2027  216 216 216
3 2026 2027 2028  216 216 216
3 2026 2028 2029  216 216 216
3 2026 2029 2023  216 216 216
3 2026 2023 1892  216 216 216
3 1878 2030 1886  216 216 216
3 2030 1878 2031  216 216 216
3 2030 2031 2032  216 216 216
3 2030 2032 2033  216 216 216
3 2030 2033 2027  216 216 216
3 2030 2027 1886  216 216 216
3 1872 2034 1880  216 216 216
3 2034 1872 2035  216 216 216
3 2034 2035 2036  216 216 216
3 2034 2036 2037  216 216 216
3 2034 2037 2031  216 216 216
3 2034 2031 1880  216 216 216
3 1866 2038 1874  216 216 216
3 2038 1866 2039  216 216 216
3 2038 2039 2040  216 216 216
3 2038 2040 2041  216 216 216
3 2038 2041 2035  216 216 216
3 2038 2035 1874  216 216 216
3 1860 2042 1868  216 216 216
3 2042 1860 2043  216 216 216
3 2042 2043 2044  216 216 216
3 2042 2044 2045  216 216 216
3 2042 2045 2039  216 216 216
3 2042 2039 1868  216 216 216
3 1854 2046 1862  216 216 216
3 2046 1854 2047  216 216 216
3 2046 2047 2048  216 216 216
3 2046 2048 2049  216 216 216
3 2046 2049 2043  216 216 216
3 2046 2043 1862  216 216 216
3 1848 2050 1856  216 216 216
3 2050 1848 2051  216 216 216
3 2050 2051 2052  216 216 216
3 2050 2052 2053  216 216 216
3 2050 2053 2047  216 216 216
3 2050 2047 1856  216 216 216
3 1841 2054 1850  216 216 216
3 2054 1841 2013  216 216 216
3 2054 2013 2055  216 216 216
3 2054 2055 2056  216 216 216
3 2054 2056 2051  216 216 216
3 2054 2051 1850  216 216 216
3 1976 1971 1968  216 216 216
3 1880 2031 1878  216 216 216
3 1972 2057 1973  216 216 216
3 1971 1979 1972  216 216 216
3 2057 2058 2059  216 216 216
3 2057 2059 1973  216 216 216
3 2057 1972 2060  216 216 216
3 2057 2060 2061  216 216 216
3 2057 2061 2058  216 216 216
3 2058 2062 2063  216 216 216
3 2058 2063 2059  216 216 216
3 2062 2032 2064  216 216 216
3 2062 2064 2063  216 216 216
3 2062 2058 2065  216 216 216
3 2062 2065 2033  216 216 216
3 2062 2033 2032  216 216 216
3 2064 2032 2037  216 216 216
3 2064 2037 2066  216 216 216
3 2064 2066 2067  216 216 216
3 2064 2067 2063  216 216 216
3 2037 2032 2031  216 216 216
3 1886 2027 1884  216 216 216
3 1982 1977 1974  216 216 216
3 1892 2023 1890  216 216 216
3 1988 1983 1980  216 216 216
3 1898 2019 1896  216 216 216
3 1994 1989 1986  216 216 216
3 1904 2015 1902  216 216 216
3 2000 1995 1992  216 216 216
3 1910 2010 1908  216 216 216
3 2006 2001 1998  216 216 216
3 1843 2013 1841  216 216 216
3 1939 1943 2004  216 216 216
3 1850 2051 1848  216 216 216
3 1946 1940 1937  216 216 216
3 1856 2047 1854  216 216 216
3 1952 1947 1944  216 216 216
3 1862 2043 1860  216 216 216
3 1958 1953 1950  216 216 216
3 1868 2039 1866  216 216 216
3 1964 1959 1956  216 216 216
3 1874 2035 1872  216 216 216
3 1970 1965 1962  216 216 216
3 2007 1943 1942  216 216 216
3 2007 1942 2068  216 216 216
3 2007 2068 2069  216 216 216
3 2007 2069 2008  216 216 216
3 2068 2070 2069  216 216 216
3 2068 1942 2071  216 216 216
3 2068 2071 2072  216 216 216
3 2068 2072 2070  216 216 216
3 2070 2073 2074  216 216 216
3 2070 2074 2069  216 216 216
3 2073 2056 2075  216 216 216
3 2073 2075 2074  216 216 216
3 2073 2070 2076  216 216 216
3 2073 2076 2052  216 216 216
3 2073 2052 2056  216 216 216
3 2075 2056 2055  216 216 216
3 2075 2055 2077  216 216 216
3 2075 2077 2078  216 216 216
3 2075 2078 2074  216 216 216
3 2051 2056 2052  216 216 216
3 2077 2055 2012  216 216 216
3 2077 2012 2079  216 216 216
3 2077 2079 2080  216 216 216
3 2077 2080 2078  216 216 216
3 2069 2074 2081  216 216 216
3 2069 2081 2008  216 216 216
3 2012 2055 2013  216 216 216
3 1942 1941 2071  216 216 216
3 1940 1949 1941  216 216 216
3 2071 1941 2082  216 216 216
3 2071 2082 2083  216 216 216
3 2071 2083 2072  216 216 216
3 2070 2072 2076  216 216 216
3 2053 2052 2076  216 216 216
3 2053 2076 2084  216 216 216
3 2053 2084 2048  216 216 216
3 2053 2048 2047  216 216 216
3 2076 2072 2084  216 216 216
3 1941 1949 2082  216 216 216
3 2082 1949 2085  216 216 216
3 2082 2085 2086  216 216 216
3 2082 2086 2083  216 216 216
3 2072 2083 2084  216 216 216
3 2084 2083 2087  216 216 216
3 2084 2087 2048  216 216 216
3 1949 1948 2085  216 216 216
3 1947 1955 1948  216 216 216
3 2085 1948 2088  216 216 216
3 2085 2088 2089  216 216 216
3 2085 2089 2086  216 216 216
3 2083 2086 2087  216 216 216
3 2049 2048 2087  216 216 216
3 2049 2087 2090  216 216 216
3 2049 2090 2044  216 216 216
3 2049 2044 2043  216 216 216
3 2087 2086 2090  216 216 216
3 1948 1955 2088  216 216 216
3 2088 1955 2091  216 216 216
3 2088 2091 2092  216 216 216
3 2088 2092 2089  216 216 216
3 2086 2089 2090  216 216 216
3 2090 2089 2093  216 216 216
3 2090 2093 2044  216 216 216
3 1955 1954 2091  216 216 216
3 1953 1961 1954  216 216 216
3 2091 1954 2094  216 216 216
3 2091 2094 2095  216 216 216
3 2091 2095 2092  216 216 216
3 2089 2092 2093  216 216 216
3 2045 2044 2093  216 216 216
3 2045 2093 2096  216 216 216
3 2045 2096 2040  216 216 216
3 2045 2040 2039  216 216 216
3 2093 2092 2096  216 216 216
3 1954 1961 2094  216 216 216
3 2094 1961 2097  216 216 216
3 2094 2097 2098  216 216 216
3 2094 2098 2095  216 216 216
3 2092 2095 2096  216 216 216
3 2096 2095 2099  216 216 216
3 2096 2099 2040  216 216 216
3 1961 1960 2097  216 216 216
3 1959 1967 1960  216 216 216
3 2097 1960 2100  216 216 216
3 2097 2100 2101  216 216 216
3 2097 2101 2098  216 216 216
3 2095 2098 2099  216 216 216
3 2041 2040 2099  216 216 216
3 2041 2099 2102  216 216 216
3 2041 2102 2036  216 216 216
3 2041 2036 2035  216 216 216
3 2099 2098 2102  216 216 216
3 1960 1967 2100  216 216 216
3 2100 1967 2103  216 216 216
3 2100 2103 2067  216 216 216
3 2100 2067 2101  216 216 216
3 2098 2101 2102  216 216 216
3 2067 2066 2101  216 216 216
3 1967 1966 2103  216 216 216
3 1965 1973 1966  216 216 216
3 2063 2067 2103  216 216 216
3 2063 2103 2059  216 216 216
3 1973 2059 1966  216 216 216
3 2102 2101 2066  216 216 216
3 2102 2066 2036  216 216 216
3 2037 2036 2066  216 216 216
3 2059 2103 1966  216 216 216
3 1972 1979 2060  216 216 216
3 2060 1979 2104  216 216 216
3 2060 2104 2105  216 216 216
3 2060 2105 2061  216 216 216
3 2058 2061 2065  216 216 216
3 2065 2061 2106  216 216 216
3 2065 2106 2028  216 216 216
3 2065 2028 2033  216 216 216
3 2027 2033 2028  216 216 216
3 1979 1978 2104  216 216 216
3 1977 1985 1978  216 216 216
3 2104 1978 2107  216 216 216
3 2104 2107 2108  216 216 216
3 2104 2108 2105  216 216 216
3 2061 2105 2106  216 216 216
3 2029 2028 2106  216 216 216
3 2029 2106 2109  216 216 216
3 2029 2109 2024  216 216 216
3 2029 2024 2023  216 216 216
3 2106 2105 2109  216 216 216
3 1978 1985 2107  216 216 216
3 2107 1985 2110  216 216 216
3 2107 2110 2111  216 216 216
3 2107 2111 2108  216 216 216
3 2105 2108 2109  216 216 216
3 2109 2108 2112  216 216 216
3 2109 2112 2024  216 216 216
3 1985 1984 2110  216 216 216
3 1983 1991 1984  216 216 216
3 2110 1984 2113  216 216 216
3 2110 2113 2114  216 216 216
3 2110 2114 2111  216 216 216
3 2108 2111 2112  216 216 216
3 2025 2024 2112  216 216 216
3 2025 2112 2115  216 216 216
3 2025 2115 2020  216 216 216
3 2025 2020 2019  216 216 216
3 2112 2111 2115  216 216 216
3 1984 1991 2113  216 216 216
3 2113 1991 2116  216 216 216
3 2113 2116 2117  216 216 216
3 2113 2117 2114  216 216 216
3 2111 2114 2115  216 216 216
3 2115 2114 2118  216 216 216
3 2115 2118 2020  216 216 216
3 1991 1990 2116  216 216 216
3 1989 1997 1990  216 216 216
3 2116 1990 2119  216 216 216
3 2116 2119 2120  216 216 216
3 2116 2120 2117  216 216 216
3 2114 2117 2118  216 216 216
3 2021 2020 2118  216 216 216
3 2021 2118 2121  216 216 216
3 2021 2121 2016  216 216 216
3 2021 2016 2015  216 216 216
3 2118 2117 2121  216 216 216
3 1990 1997 2119  216 216 216
3 2119 1997 2122  216 216 216
3 2119 2122 2123  216 216 216
3 2119 2123 2120  216 216 216
3 2117 2120 2121  216 216 216
3 2121 2120 2124  216 216 216
3 2121 2124 2016  216 216 216
3 1997 1996 2122  216 216 216
3 1995 2003 1996  216 216 216
3 2122 1996 2125  216 216 216
3 2122 2125 2126  216 216 216
3 2122 2126 2123  216 216 216
3 2120 2123 2124  216 216 216
3 2017 2016 2124  216 216 216
3 2017 2124 2127  216 216 216
3 2017 2127 2011  216 216 216
3 2017 2011 2010  216 216 216
3 2124 2123 2127  216 216 216
3 1996 2003 2125  216 216 216
3 2125 2003 2128  216 216 216
3 2125 2128 2080  216 216 216
3 2125 2080 2126  216 216 216
3 2123 2126 2127  216 216 216
3 2080 2079 2126  216 216 216
3 2003 2002 2128  216 216 216
3 2001 2008 2002  216 216 216
3 2078 2080 2128  216 216 216
3 2078 2128 2081  216 216 216
3 2078 2081 2074  216 216 216
3 2008 2081 2002  216 216 216
3 2127 2126 2079  216 216 216
3 2127 2079 2011  216 216 216
3 2012 2011 2079  216 216 216
3 2081 2128 2002  216 216 216
3 1532 1937 1539  216 216 216
3 1937 1532 1946  216 216 216
3 1535 1944 1533  216 216 216
3 1944 1535 1952  216 216 216
3 1498 1950 1497  216 216 216
3 1950 1498 1958  216 216 216
3 1498 1499 1958  216 216 216
3 1540 1956 1492  216 216 216
3 1956 1540 1964  216 216 216
3 1501 1962 1538  216 216 216
3 1962 1501 1970  216 216 216
3 1505 1968 1503  216 216 216
3 1968 1505 1976  216 216 216
3 1509 1974 1507  216 216 216
3 1974 1509 1982  216 216 216
3 1513 1980 1511  216 216 216
3 1980 1513 1988  216 216 216
3 1517 1986 1515  216 216 216
3 1986 1517 1994  216 216 216
3 1521 1992 1519  216 216 216
3 1992 1521 2000  216 216 216
3 1525 1998 1523  216 216 216
3 1998 1525 2006  216 216 216
3 1529 2004 1527  216 216 216
3 2004 1529 1939  216 216 216
3 2004 2006 1527  216 216 216
3 1527 2006 1525  216 216 216
3 1998 2000 1523  216 216 216
3 1523 2000 1521  216 216 216
3 1992 1994 1519  216 216 216
3 1519 1994 1517  216 216 216
3 1986 1988 1515  216 216 216
3 1515 1988 1513  216 216 216
3 1980 1982 1511  216 216 216
3 1511 1982 1509  216 216 216
3 1974 1976 1507  216 216 216
3 1507 1976 1505  216 216 216
3 1968 1970 1503  216 216 216
3 1503 1970 1501  216 216 216
3 1962 1964 1538  216 216 216
3 1538 1964 1540  216 216 216
3 1956 1958 1492  216 216 216
3 1950 1952 1497  216 216 216
3 1497 1952 1535  216 216 216
3 1944 1946 1533  216 216 216
3 1533 1946 1532  216 216 216
3 1937 1939 1539  216 216 216
3 1539 1939 1529  216 216 216
3 1958 1499 1492  216 216 216
3 2129 2130 2131  216 216 216
3 2130 2129 2132  216 216 216
3 2133 2134 2135  216 216 216
3 2134 2133 2136  216 216 216
3 2137 2138 2139  216 216 216
3 2138 2137 2140  216 216 216
3 2141 2142 2143  216 216 216
3 2142 2141 2144  216 216 216
3 2145 2146 2147  216 216 216
3 2146 2145 2148  216 216 216
3 2149 2150 2151  216 216 216
3 2150 2149 2152  216 216 216
3 2153 2154 2155  216 216 216
3 2154 2153 2156  216 216 216
3 2157 2158 2159  216 216 216
3 2158 2157 2160  216 216 216
3 2161 2162 2163  216 216 216
3 2162 2161 2164  216 216 216
3 2165 2166 2167  216 216 216
3 2166 2165 2168  216 216 216
3 2169 2170 2171  216 216 216
3 2170 2169 2172  216 216 216
3 2173 2174 2175  216 216 216
3 2174 2173 2176  216 216 216
3 2174 2172 2175  216 216 216
3 2175 2172 2169  216 216 216
3 2170 2168 2171  216 216 216
3 2171 2168 2165  216 216 216
3 2166 2164 2167  216 216 216
3 2167 2164 2161  216 216 216
3 2162 2160 2163  216 216 216
3 2163 2160 2157  216 216 216
3 2158 2156 2159  216 216 216
3 2159 2156 2153  216 216 216
3 2154 2152 2155  216 216 216
3 2155 2152 2149  216 216 216
3 2150 2148 2151  216 216 216
3 2151 2148 2145  216 216 216
3 2146 2144 2147  216 216 216
3 2147 2144 2141  216 216 216
3 2142 2140 2143  216 216 216
3 2143 2140 2137  216 216 216
3 2138 2136 2139  216 216 216
3 2139 2136 2133  216 216 216
3 2134 2132 2135  216 216 216
3 2135 2132 2129  216 216 216
3 2130 2176 2131  216 216 216
3 2131 2176 2173  216 216 216
3 2130 2150 2176  216 216 216
3 2150 2130 2148  216 216 216
3 2134 2146 2132  216 216 216
3 2146 2134 2144  216 216 216
3 2138 2142 2136  216 216 216
3 2138 2140 2142  216 216 216
3 2142 2144 2136  216 216 216
3 2136 2144 2134  216 216 216
3 2146 2148 2132  216 216 216
3 2132 2148 2130  216 216 216
3 2150 2152 2176  216 216 216
3 2176 2152 2174  216 216 216
3 2156 2172 2154  216 216 216
3 2172 2156 2170  216 216 216
3 2160 2168 2158  216 216 216
3 2168 2160 2166  216 216 216
3 2164 2166 2162  216 216 216
3 2162 2166 2160  216 216 216
3 2168 2170 2158  216 216 216
3 2158 2170 2156  216 216 216
3 2172 2174 2154  216 216 216
3 2154 2174 2152  216 216 216
3 1537 2133 1502  216 216 216
3 2133 1537 2139  216 216 216
3 1494 2137 1493  216 216 216
3 2137 1494 2143  216 216 216
3 1496 2141 1495  216 216 216
3 2141 1496 2147  216 216 216
3 1536 2145 1534  216 216 216
3 2145 1536 2151  216 216 216
3 1528 2149 1531  216 216 216
3 2149 1528 2155  216 216 216
3 1524 2153 1530  216 216 216
3 2153 1524 2159  216 216 216
3 1520 2157 1526  216 216 216
3 1522 2161 1520  216 216 216
3 2161 1522 2167  216 216 216
3 1518 2165 1516  216 216 216
3 2165 1518 2171  216 216 216
3 1514 2169 1512  216 216 216
3 2169 1514 2175  216 216 216
3 1510 2173 1508  216 216 216
3 2173 1510 2131  216 216 216
3 1506 2129 1504  216 216 216
3 2129 1506 2135  216 216 216
3 1506 1500 2135  216 216 216
3 2173 2175 1508  216 216 216
3 1508 2175 1514  216 216 216
3 2169 2171 1512  216 216 216
3 1512 2171 1518  216 216 216
3 2165 2167 1516  216 216 216
3 1516 2167 1522  216 216 216
3 2161 2163 1520  216 216 216
3 2163 2157 1520  216 216 216
3 2157 2159 1526  216 216 216
3 1526 2159 1524  216 216 216
3 2153 2155 1530  216 216 216
3 1530 2155 1528  216 216 216
3 2149 2151 1531  216 216 216
3 1531 2151 1536  216 216 216
3 2145 2147 1534  216 216 216
3 1534 2147 1496  216 216 216
3 2141 2143 1495  216 216 216
3 1495 2143 1494  216 216 216
3 2137 2139 1493  216 216 216
3 1493 2139 1537  216 216 216
3 2133 2135 1502  216 216 216
3 2129 2131 1504  216 216 216
3 1502 2135 1500  216 216 216
3 1504 2131 1510  216 216 216
3 2177 1485 2178  216 216 216
3 1551 2179 1549  216 216 216
3 2179 1551 2180  216 216 216
3 1555 2181 1553  216 216 216
3 2181 1555 2182  216 216 216
3 1559 2183 1557  216 216 216
3 2183 1559 2184  216 216 216
3 1563 2185 1561  216 216 216
3 2185 1563 2186  216 216 216
3 1567 2187 1565  216 216 216
3 1462 2188 1567  216 216 216
3 2188 2187 1567  216 216 216
3 2187 2186 1565  216 216 216
3 1565 2186 1563  216 216 216
3 2185 2184 1561  216 216 216
3 1561 2184 1559  216 216 216
3 2183 2182 1557  216 216 216
3 1557 2182 1555  216 216 216
3 2181 2180 1553  216 216 216
3 1553 2180 1551  216 216 216
3 2179 2178 1549  216 216 216
3 1549 2178 1485  216 216 216
3 2189 2190 2191  216 216 216
3 2190 2189 2192  216 216 216
3 2193 2194 2195  216 216 216
3 2194 2193 2196  216 216 216
3 2197 2198 2199  216 216 216
3 2197 2200 2198  216 216 216
3 2198 2196 2199  216 216 216
3 2199 2196 2193  216 216 216
3 2194 2192 2195  216 216 216
3 2195 2192 2189  216 216 216
3 2190 2201 2191  216 216 216
3 2191 2201 2202  216 216 216
3 2203 2204 2205  216 216 216
3 2203 2206 2204  216 216 216
3 2204 2206 2207  216 216 216
3 2206 2208 2207  216 216 216
3 2188 2209 2210  216 216 216
3 2209 2207 2210  216 216 216
3 2204 2202 2205  216 216 216
3 2205 2202 2201  216 216 216
3 2207 2208 2210  216 216 216
3 1458 2211 1457  216 216 216
3 2211 1458 2212  216 216 216
3 1454 2213 1456  216 216 216
3 1461 2214 1454  216 216 216
3 2214 1461 2215  216 216 216
3 2216 2217 2218  216 216 216
3 2217 2216 2219  216 216 216
3 1457 2220 2221  216 216 216
3 2222 2223 2224  216 216 216
3 2219 2221 2222  216 216 216
3 2221 2219 2216  216 216 216
3 2217 2215 2218  216 216 216
3 2218 2215 1461  216 216 216
3 2214 2225 1454  216 216 216
3 1454 2225 2226  216 216 216
3 1454 2226 2213  216 216 216
3 2227 2228 2229  216 216 216
3 2228 2227 2230  216 216 216
3 2231 2232 2233  216 216 216
3 2232 2231 2234  216 216 216
3 2235 2236 2237  216 216 216
3 2236 2235 2238  216 216 216
3 2239 2240 2241  216 216 216
3 2240 2239 2242  216 216 216
3 2243 2244 2245  216 216 216
3 2244 2243 2246  216 216 216
3 2247 2248 2249  216 216 216
3 2248 2247 2250  216 216 216
3 2251 2252 2253  216 216 216
3 2252 2251 2254  216 216 216
3 2255 2256 2257  216 216 216
3 2256 2255 2258  216 216 216
3 2224 2259 2260  216 216 216
3 2232 2261 2233  216 216 216
3 2228 2226 2229  216 216 216
3 2213 2212 1456  216 216 216
3 1456 2212 1458  216 216 216
3 2211 2220 1457  216 216 216
3 2221 2220 2222  216 216 216
3 2223 2259 2224  216 216 216
3 2259 2258 2260  216 216 216
3 2260 2258 2255  216 216 216
3 2256 2254 2257  216 216 216
3 2257 2254 2251  216 216 216
3 2252 2250 2253  216 216 216
3 2253 2250 2247  216 216 216
3 2248 2246 2249  216 216 216
3 2249 2246 2243  216 216 216
3 2244 2242 2245  216 216 216
3 2245 2242 2239  216 216 216
3 2240 2238 2241  216 216 216
3 2241 2238 2235  216 216 216
3 2236 2234 2237  216 216 216
3 2237 2234 2231  216 216 216
3 2229 2226 2225  216 216 216
3 2261 2230 2233  216 216 216
3 2223 2222 2220  216 216 216
3 2233 2230 2227  216 216 216
3 2177 2262 2263  216 216 216
3 2263 2262 2264  216 216 216
3 2265 2266 2267  216 216 216
3 2265 2200 2266  216 216 216
3 2266 2264 2267  216 216 216
3 2267 2264 2262  216 216 216
3 2268 2192 2269  216 216 216
3 2192 2268 2190  216 216 216
3 2270 2201 2271  216 216 216
3 2201 2270 2205  216 216 216
3 2272 2206 2273  216 216 216
3 2274 2210 2272  216 216 216
3 2210 2274 2188  216 216 216
3 2275 2187 2276  216 216 216
3 2187 2275 2186  216 216 216
3 2277 2185 2278  216 216 216
3 2185 2277 2184  216 216 216
3 2279 2183 2280  216 216 216
3 2183 2279 2182  216 216 216
3 2281 2181 2282  216 216 216
3 2181 2281 2180  216 216 216
3 2283 2179 2284  216 216 216
3 2179 2283 2178  216 216 216
3 2285 2177 2286  216 216 216
3 2177 2285 2262  216 216 216
3 2287 2267 2288  216 216 216
3 2267 2287 2265  216 216 216
3 2289 2200 2290  216 216 216
3 2291 2196 2289  216 216 216
3 2196 2291 2194  216 216 216
3 2177 2178 2286  216 216 216
3 2286 2178 2283  216 216 216
3 2179 2180 2284  216 216 216
3 2284 2180 2281  216 216 216
3 2181 2182 2282  216 216 216
3 2282 2182 2279  216 216 216
3 2183 2184 2280  216 216 216
3 2280 2184 2277  216 216 216
3 2185 2186 2278  216 216 216
3 2278 2186 2275  216 216 216
3 2187 2188 2276  216 216 216
3 2276 2188 2274  216 216 216
3 2210 2208 2272  216 216 216
3 2208 2206 2272  216 216 216
3 2206 2203 2273  216 216 216
3 2203 2205 2273  216 216 216
3 2273 2205 2270  216 216 216
3 2201 2190 2271  216 216 216
3 2271 2190 2268  216 216 216
3 2192 2194 2269  216 216 216
3 2269 2194 2291  216 216 216
3 2196 2198 2289  216 216 216
3 2198 2200 2289  216 216 216
3 2200 2265 2290  216 216 216
3 2290 2265 2287  216 216 216
3 2267 2262 2288  216 216 216
3 2288 2262 2285  216 216 216
3 2292 2268 2293  216 216 216
3 2268 2292 2271  216 216 216
3 2294 2270 2295  216 216 216
3 2270 2294 2273  216 216 216
3 2296 2272 2297  216 216 216
3 2272 2296 2274  216 216 216
3 2298 2276 2299  216 216 216
3 2276 2298 2275  216 216 216
3 2300 2278 2301  216 216 216
3 2278 2300 2277  216 216 216
3 2302 2280 2303  216 216 216
3 2280 2302 2279  216 216 216
3 2304 2282 2305  216 216 216
3 2282 2304 2281  216 216 216
3 2306 2284 2307  216 216 216
3 2284 2306 2283  216 216 216
3 2308 2286 2309  216 216 216
3 2286 2308 2285  216 216 216
3 2310 2288 2311  216 216 216
3 2288 2310 2287  216 216 216
3 2312 2290 2313  216 216 216
3 2290 2312 2289  216 216 216
3 2314 2291 2315  216 216 216
3 2291 2314 2269  216 216 216
3 2291 2289 2315  216 216 216
3 2315 2289 2312  216 216 216
3 2290 2287 2313  216 216 216
3 2313 2287 2310  216 216 216
3 2288 2285 2311  216 216 216
3 2311 2285 2308  216 216 216
3 2286 2283 2309  216 216 216
3 2309 2283 2306  216 216 216
3 2284 2281 2307  216 216 216
3 2307 2281 2304  216 216 216
3 2282 2279 2305  216 216 216
3 2305 2279 2302  216 216 216
3 2280 2277 2303  216 216 216
3 2303 2277 2300  216 216 216
3 2278 2275 2301  216 216 216
3 2301 2275 2298  216 216 216
3 2276 2274 2299  216 216 216
3 2299 2274 2296  216 216 216
3 2272 2273 2297  216 216 216
3 2297 2273 2294  216 216 216
3 2270 2271 2295  216 216 216
3 2295 2271 2292  216 216 216
3 2268 2269 2293  216 216 216
3 2293 2269 2314  216 216 216
3 2316 2317 2318  216 216 216
3 2317 2316 2319  216 216 216
3 2317 2319 2320  216 216 216
3 2317 2320 2321  216 216 216
3 2317 2321 2322  216 216 216
3 2317 2322 2318  216 216 216
3 2323 2324 2325  216 216 216
3 2324 2323 2326  216 216 216
3 2324 2326 2327  216 216 216
3 2324 2327 2328  216 216 216
3 2324 2328 2319  216 216 216
3 2324 2319 2325  216 216 216
3 2329 2330 2331  216 216 216
3 2330 2329 2332  216 216 216
3 2330 2332 2333  216 216 216
3 2330 2333 2334  216 216 216
3 2330 2334 2326  216 216 216
3 2330 2326 2331  216 216 216
3 2335 2336 2337  216 216 216
3 2336 2335 2338  216 216 216
3 2336 2338 2339  216 216 216
3 2336 2339 2340  216 216 216
3 2336 2340 2332  216 216 216
3 2336 2332 2337  216 216 216
3 2341 2342 2343  216 216 216
3 2342 2341 2344  216 216 216
3 2342 2344 2345  216 216 216
3 2342 2345 2346  216 216 216
3 2342 2346 2338  216 216 216
3 2342 2338 2343  216 216 216
3 2347 2348 2349  216 216 216
3 2348 2347 2350  216 216 216
3 2348 2350 2351  216 216 216
3 2348 2351 2352  216 216 216
3 2348 2352 2344  216 216 216
3 2348 2344 2349  216 216 216
3 2353 2354 2355  216 216 216
3 2354 2353 2356  216 216 216
3 2354 2356 2357  216 216 216
3 2354 2357 2358  216 216 216
3 2354 2358 2350  216 216 216
3 2354 2350 2355  216 216 216
3 2359 2360 2361  216 216 216
3 2360 2359 2362  216 216 216
3 2360 2362 2363  216 216 216
3 2360 2363 2364  216 216 216
3 2360 2364 2356  216 216 216
3 2360 2356 2361  216 216 216
3 2365 2366 2367  216 216 216
3 2366 2365 2368  216 216 216
3 2366 2368 2369  216 216 216
3 2366 2369 2370  216 216 216
3 2366 2370 2362  216 216 216
3 2366 2362 2367  216 216 216
3 2371 2372 2373  216 216 216
3 2372 2371 2374  216 216 216
3 2372 2374 2375  216 216 216
3 2372 2375 2376  216 216 216
3 2372 2376 2368  216 216 216
3 2372 2368 2373  216 216 216
3 2377 2378 2379  216 216 216
3 2378 2377 2380  216 216 216
3 2378 2380 2381  216 216 216
3 2378 2381 2382  216 216 216
3 2378 2382 2374  216 216 216
3 2378 2374 2379  216 216 216
3 2383 2384 2385  216 216 216
3 2384 2383 2322  216 216 216
3 2384 2322 2386  216 216 216
3 2384 2386 2387  216 216 216
3 2384 2387 2380  216 216 216
3 2384 2380 2385  216 216 216
3 2314 2388 2293  216 216 216
3 2388 2314 2389  216 216 216
3 2388 2389 2390  216 216 216
3 2388 2390 2391  216 216 216
3 2388 2391 2392  216 216 216
3 2388 2392 2293  216 216 216
3 2312 2393 2315  216 216 216
3 2393 2312 2394  216 216 216
3 2393 2394 2395  216 216 216
3 2393 2395 2396  216 216 216
3 2393 2396 2389  216 216 216
3 2393 2389 2315  216 216 216
3 2310 2397 2313  216 216 216
3 2397 2310 2398  216 216 216
3 2397 2398 2399  216 216 216
3 2397 2399 2400  216 216 216
3 2397 2400 2394  216 216 216
3 2397 2394 2313  216 216 216
3 2308 2401 2311  216 216 216
3 2401 2308 2402  216 216 216
3 2401 2402 2403  216 216 216
3 2401 2403 2404  216 216 216
3 2401 2404 2398  216 216 216
3 2401 2398 2311  216 216 216
3 2306 2405 2309  216 216 216
3 2405 2306 2406  216 216 216
3 2405 2406 2407  216 216 216
3 2405 2407 2408  216 216 216
3 2405 2408 2402  216 216 216
3 2405 2402 2309  216 216 216
3 2304 2409 2307  216 216 216
3 2409 2304 2410  216 216 216
3 2409 2410 2411  216 216 216
3 2409 2411 2412  216 216 216
3 2409 2412 2406  216 216 216
3 2409 2406 2307  216 216 216
3 2302 2413 2305  216 216 216
3 2413 2302 2414  216 216 216
3 2413 2414 2415  216 216 216
3 2413 2415 2416  216 216 216
3 2413 2416 2410  216 216 216
3 2413 2410 2305  216 216 216
3 2300 2417 2303  216 216 216
3 2417 2300 2418  216 216 216
3 2417 2418 2419  216 216 216
3 2417 2419 2420  216 216 216
3 2417 2420 2414  216 216 216
3 2417 2414 2303  216 216 216
3 2298 2421 2301  216 216 216
3 2421 2298 2422  216 216 216
3 2421 2422 2423  216 216 216
3 2421 2423 2424  216 216 216
3 2421 2424 2418  216 216 216
3 2421 2418 2301  216 216 216
3 2296 2425 2299  216 216 216
3 2425 2296 2426  216 216 216
3 2425 2426 2427  216 216 216
3 2425 2427 2428  216 216 216
3 2425 2428 2422  216 216 216
3 2425 2422 2299  216 216 216
3 2294 2429 2297  216 216 216
3 2429 2294 2430  216 216 216
3 2429 2430 2431  216 216 216
3 2429 2431 2432  216 216 216
3 2429 2432 2426  216 216 216
3 2429 2426 2297  216 216 216
3 2292 2433 2295  216 216 216
3 2433 2292 2392  216 216 216
3 2433 2392 2434  216 216 216
3 2433 2434 2435  216 216 216
3 2433 2435 2430  216 216 216
3 2433 2430 2295  216 216 216
3 2305 2410 2304  216 216 216
3 2355 2350 2347  216 216 216
3 2351 2436 2352  216 216 216
3 2350 2358 2351  216 216 216
3 2436 2437 2438  216 216 216
3 2436 2438 2352  216 216 216
3 2436 2351 2439  216 216 216
3 2436 2439 2440  216 216 216
3 2436 2440 2437  216 216 216
3 2437 2411 2441  216 216 216
3 2437 2441 2438  216 216 216
3 2441 2411 2416  216 216 216
3 2441 2416 2442  216 216 216
3 2441 2442 2443  216 216 216
3 2441 2443 2438  216 216 216
3 2411 2437 2412  216 216 216
3 2416 2411 2410  216 216 216
3 2349 2344 2341  216 216 216
3 2303 2414 2302  216 216 216
3 2343 2338 2335  216 216 216
3 2301 2418 2300  216 216 216
3 2337 2332 2329  216 216 216
3 2299 2422 2298  216 216 216
3 2331 2326 2323  216 216 216
3 2297 2426 2296  216 216 216
3 2325 2319 2316  216 216 216
3 2295 2430 2294  216 216 216
3 2318 2322 2383  216 216 216
3 2293 2392 2292  216 216 216
3 2385 2380 2377  216 216 216
3 2315 2389 2314  216 216 216
3 2379 2374 2371  216 216 216
3 2313 2394 2312  216 216 216
3 2373 2368 2365  216 216 216
3 2311 2398 2310  216 216 216
3 2367 2362 2359  216 216 216
3 2309 2402 2308  216 216 216
3 2361 2356 2353  216 216 216
3 2307 2406 2306  216 216 216
3 2386 2322 2321  216 216 216
3 2386 2321 2444  216 216 216
3 2386 2444 2445  216 216 216
3 2386 2445 2387  216 216 216
3 2444 2446 2445  216 216 216
3 2444 2321 2447  216 216 216
3 2444 2447 2448  216 216 216
3 2444 2448 2446  216 216 216
3 2446 2435 2449  216 216 216
3 2446 2449 2445  216 216 216
3 2449 2435 2434  216 216 216
3 2449 2434 2450  216 216 216
3 2449 2450 2451  216 216 216
3 2449 2451 2445  216 216 216
3 2435 2446 2431  216 216 216
3 2435 2431 2430  216 216 216
3 2450 2434 2391  216 216 216
3 2450 2391 2452  216 216 216
3 2450 2452 2453  216 216 216
3 2450 2453 2451  216 216 216
3 2387 2445 2451  216 216 216
3 2387 2451 2381  216 216 216
3 2387 2381 2380  216 216 216
3 2391 2434 2392  216 216 216
3 2321 2320 2447  216 216 216
3 2319 2328 2320  216 216 216
3 2447 2320 2454  216 216 216
3 2447 2454 2455  216 216 216
3 2447 2455 2448  216 216 216
3 2432 2431 2448  216 216 216
3 2432 2448 2455  216 216 216
3 2432 2455 2427  216 216 216
3 2432 2427 2426  216 216 216
3 2446 2448 2431  216 216 216
3 2320 2328 2454  216 216 216
3 2454 2328 2456  216 216 216
3 2454 2456 2457  216 216 216
3 2454 2457 2455  216 216 216
3 2427 2455 2457  216 216 216
3 2427 2457 2428  216 216 216
3 2328 2327 2456  216 216 216
3 2326 2334 2327  216 216 216
3 2456 2327 2458  216 216 216
3 2456 2458 2459  216 216 216
3 2456 2459 2457  216 216 216
3 2428 2457 2459  216 216 216
3 2428 2459 2423  216 216 216
3 2428 2423 2422  216 216 216
3 2327 2334 2458  216 216 216
3 2458 2334 2460  216 216 216
3 2458 2460 2461  216 216 216
3 2458 2461 2459  216 216 216
3 2423 2459 2461  216 216 216
3 2423 2461 2424  216 216 216
3 2334 2333 2460  216 216 216
3 2332 2340 2333  216 216 216
3 2460 2333 2462  216 216 216
3 2460 2462 2463  216 216 216
3 2460 2463 2461  216 216 216
3 2424 2461 2463  216 216 216
3 2424 2463 2419  216 216 216
3 2424 2419 2418  216 216 216
3 2333 2340 2462  216 216 216
3 2462 2340 2464  216 216 216
3 2462 2464 2465  216 216 216
3 2462 2465 2463  216 216 216
3 2419 2463 2465  216 216 216
3 2419 2465 2420  216 216 216
3 2340 2339 2464  216 216 216
3 2338 2346 2339  216 216 216
3 2464 2339 2466  216 216 216
3 2464 2466 2467  216 216 216
3 2464 2467 2465  216 216 216
3 2420 2465 2467  216 216 216
3 2420 2467 2415  216 216 216
3 2420 2415 2414  216 216 216
3 2339 2346 2466  216 216 216
3 2466 2346 2443  216 216 216
3 2466 2443 2442  216 216 216
3 2466 2442 2467  216 216 216
3 2415 2467 2442  216 216 216
3 2415 2442 2416  216 216 216
3 2438 2443 2345  216 216 216
3 2438 2345 2352  216 216 216
3 2345 2344 2352  216 216 216
3 2346 2345 2443  216 216 216
3 2351 2358 2439  216 216 216
3 2439 2358 2468  216 216 216
3 2439 2468 2469  216 216 216
3 2439 2469 2440  216 216 216
3 2437 2440 2412  216 216 216
3 2412 2440 2407  216 216 216
3 2412 2407 2406  216 216 216
3 2358 2357 2468  216 216 216
3 2356 2364 2357  216 216 216
3 2468 2357 2470  216 216 216
3 2468 2470 2471  216 216 216
3 2468 2471 2469  216 216 216
3 2408 2407 2469  216 216 216
3 2408 2469 2471  216 216 216
3 2408 2471 2403  216 216 216
3 2408 2403 2402  216 216 216
3 2440 2469 2407  216 216 216
3 2357 2364 2470  216 216 216
3 2470 2364 2472  216 216 216
3 2470 2472 2473  216 216 216
3 2470 2473 2471  216 216 216
3 2403 2471 2473  216 216 216
3 2403 2473 2404  216 216 216
3 2364 2363 2472  216 216 216
3 2362 2370 2363  216 216 216
3 2472 2363 2474  216 216 216
3 2472 2474 2475  216 216 216
3 2472 2475 2473  216 216 216
3 2404 2473 2475  216 216 216
3 2404 2475 2399  216 216 216
3 2404 2399 2398  216 216 216
3 2363 2370 2474  216 216 216
3 2474 2370 2476  216 216 216
3 2474 2476 2477  216 216 216
3 2474 2477 2475  216 216 216
3 2399 2475 2477  216 216 216
3 2399 2477 2400  216 216 216
3 2370 2369 2476  216 216 216
3 2368 2376 2369  216 216 216
3 2476 2369 2478  216 216 216
3 2476 2478 2479  216 216 216
3 2476 2479 2477  216 216 216
3 2400 2477 2479  216 216 216
3 2400 2479 2395  216 216 216
3 2400 2395 2394  216 216 216
3 2369 2376 2478  216 216 216
3 2478 2376 2480  216 216 216
3 2478 2480 2481  216 216 216
3 2478 2481 2479  216 216 216
3 2395 2479 2481  216 216 216
3 2395 2481 2396  216 216 216
3 2376 2375 2480  216 216 216
3 2374 2382 2375  216 216 216
3 2480 2375 2482  216 216 216
3 2480 2482 2483  216 216 216
3 2480 2483 2481  216 216 216
3 2396 2481 2483  216 216 216
3 2396 2483 2390  216 216 216
3 2396 2390 2389  216 216 216
3 2375 2382 2482  216 216 216
3 2482 2382 2453  216 216 216
3 2482 2453 2452  216 216 216
3 2482 2452 2483  216 216 216
3 2390 2483 2452  216 216 216
3 2390 2452 2391  216 216 216
3 2451 2453 2381  216 216 216
3 2382 2381 2453  216 216 216
3 2484 2485 2486  216 216 216
3 2485 2484 2487  216 216 216
3 2485 2487 2488  216 216 216
3 2485 2488 2489  216 216 216
3 2485 2489 2490  216 216 216
3 2485 2490 2486  216 216 216
3 2491 2492 2493  216 216 216
3 2492 2491 2494  216 216 216
3 2492 2494 2495  216 216 216
3 2492 2495 2496  216 216 216
3 2492 2496 2487  216 216 216
3 2492 2487 2493  216 216 216
3 2497 2498 2499  216 216 216
3 2498 2497 2500  216 216 216
3 2498 2500 2501  216 216 216
3 2498 2501 2502  216 216 216
3 2498 2502 2494  216 216 216
3 2498 2494 2499  216 216 216
3 2503 2504 2505  216 216 216
3 2504 2503 2506  216 216 216
3 2504 2506 2507  216 216 216
3 2504 2507 2508  216 216 216
3 2504 2508 2500  216 216 216
3 2504 2500 2505  216 216 216
3 2509 2510 2511  216 216 216
3 2510 2509 2512  216 216 216
3 2510 2512 2513  216 216 216
3 2510 2513 2514  216 216 216
3 2510 2514 2506  216 216 216
3 2510 2506 2511  216 216 216
3 2515 2516 2517  216 216 216
3 2516 2515 2518  216 216 216
3 2516 2518 2519  216 216 216
3 2516 2519 2520  216 216 216
3 2516 2520 2512  216 216 216
3 2516 2512 2517  216 216 216
3 2521 2522 2523  216 216 216
3 2522 2521 2524  216 216 216
3 2522 2524 2525  216 216 216
3 2522 2525 2526  216 216 216
3 2522 2526 2527  216 216 216
3 2522 2527 2523  216 216 216
3 2528 2529 2530  216 216 216
3 2529 2528 2531  216 216 216
3 2529 2531 2532  216 216 216
3 2529 2532 2533  216 216 216
3 2529 2533 2524  216 216 216
3 2529 2524 2530  216 216 216
3 2534 2535 2536  216 216 216
3 2535 2534 2537  216 216 216
3 2535 2537 2538  216 216 216
3 2535 2538 2539  216 216 216
3 2535 2539 2531  216 216 216
3 2535 2531 2536  216 216 216
3 2540 2541 2542  216 216 216
3 2541 2540 2543  216 216 216
3 2541 2543 2544  216 216 216
3 2541 2544 2545  216 216 216
3 2541 2545 2537  216 216 216
3 2541 2537 2542  216 216 216
3 2546 2547 2548  216 216 216
3 2547 2546 2549  216 216 216
3 2547 2549 2550  216 216 216
3 2547 2550 2551  216 216 216
3 2547 2551 2543  216 216 216
3 2547 2543 2548  216 216 216
3 2552 2553 2554  216 216 216
3 2553 2552 2490  216 216 216
3 2553 2490 2555  216 216 216
3 2553 2555 2556  216 216 216
3 2553 2556 2549  216 216 216
3 2553 2549 2554  216 216 216
3 2383 2555 2318  216 216 216
3 2555 2383 2556  216 216 216
3 2377 2550 2385  216 216 216
3 2550 2377 2551  216 216 216
3 2371 2544 2379  216 216 216
3 2544 2371 2545  216 216 216
3 2365 2538 2373  216 216 216
3 2538 2365 2539  216 216 216
3 2359 2532 2367  216 216 216
3 2532 2359 2533  216 216 216
3 2353 2525 2361  216 216 216
3 2525 2353 2526  216 216 216
3 2347 2519 2355  216 216 216
3 2519 2347 2520  216 216 216
3 2341 2513 2349  216 216 216
3 2513 2341 2514  216 216 216
3 2335 2507 2343  216 216 216
3 2507 2335 2508  216 216 216
3 2329 2501 2337  216 216 216
3 2501 2329 2502  216 216 216
3 2323 2495 2331  216 216 216
3 2495 2323 2496  216 216 216
3 2316 2488 2325  216 216 216
3 2488 2316 2489  216 216 216
3 2523 2527 2518  216 216 216
3 2523 2518 2515  216 216 216
3 2527 2526 2557  216 216 216
3 2527 2557 2518  216 216 216
3 2353 2355 2526  216 216 216
3 2518 2557 2519  216 216 216
3 2519 2557 2355  216 216 216
3 2526 2355 2557  216 216 216
3 2349 2513 2520  216 216 216
3 2349 2520 2347  216 216 216
3 2512 2520 2513  216 216 216
3 2343 2507 2514  216 216 216
3 2343 2514 2341  216 216 216
3 2506 2514 2507  216 216 216
3 2337 2501 2508  216 216 216
3 2337 2508 2335  216 216 216
3 2500 2508 2501  216 216 216
3 2331 2495 2502  216 216 216
3 2331 2502 2329  216 216 216
3 2494 2502 2495  216 216 216
3 2325 2488 2496  216 216 216
3 2325 2496 2323  216 216 216
3 2487 2496 2488  216 216 216
3 2318 2555 2489  216 216 216
3 2318 2489 2316  216 216 216
3 2490 2489 2555  216 216 216
3 2385 2550 2556  216 216 216
3 2385 2556 2383  216 216 216
3 2549 2556 2550  216 216 216
3 2379 2544 2551  216 216 216
3 2379 2551 2377  216 216 216
3 2543 2551 2544  216 216 216
3 2373 2538 2545  216 216 216
3 2373 2545 2371  216 216 216
3 2537 2545 2538  216 216 216
3 2367 2532 2539  216 216 216
3 2367 2539 2365  216 216 216
3 2531 2539 2532  216 216 216
3 2361 2525 2533  216 216 216
3 2361 2533 2359  216 216 216
3 2524 2533 2525  216 216 216
3 2552 2486 2490  216 216 216
3 2493 2487 2484  216 216 216
3 2499 2494 2491  216 216 216
3 2505 2500 2497  216 216 216
3 2511 2506 2503  216 216 216
3 2517 2512 2509  216 216 216
3 2530 2524 2521  216 216 216
3 2536 2531 2528  216 216 216
3 2542 2537 2534  216 216 216
3 2548 2543 2540  216 216 216
3 2554 2549 2546  216 216 216
3 2558 2559 2560  216 216 216
3 2559 2558 2561  216 216 216
3 2559 2561 2562  216 216 216
3 2559 2562 2563  216 216 216
3 2559 2563 2564  216 216 216
3 2559 2564 2560  216 216 216
3 2565 2566 2567  216 216 216
3 2566 2565 2568  216 216 216
3 2566 2568 2569  216 216 216
3 2566 2569 2570  216 216 216
3 2566 2570 2561  216 216 216
3 2566 2561 2567  216 216 216
3 2571 2572 2573  216 216 216
3 2572 2571 2574  216 216 216
3 2572 2574 2575  216 216 216
3 2572 2575 2576  216 216 216
3 2572 2576 2568  216 216 216
3 2572 2568 2573  216 216 216
3 2577 2578 2579  216 216 216
3 2578 2577 2580  216 216 216
3 2578 2580 2581  216 216 216
3 2578 2581 2582  216 216 216
3 2578 2582 2574  216 216 216
3 2578 2574 2579  216 216 216
3 2583 2584 2585  216 216 216
3 2584 2583 2586  216 216 216
3 2584 2586 2587  216 216 216
3 2584 2587 2588  216 216 216
3 2584 2588 2580  216 216 216
3 2584 2580 2585  216 216 216
3 2589 2590 2591  216 216 216
3 2590 2589 2592  216 216 216
3 2590 2592 2593  216 216 216
3 2590 2593 2594  216 216 216
3 2590 2594 2586  216 216 216
3 2590 2586 2591  216 216 216
3 2595 2596 2597  216 216 216
3 2596 2595 2598  216 216 216
3 2596 2598 2599  216 216 216
3 2596 2599 2600  216 216 216
3 2596 2600 2592  216 216 216
3 2596 2592 2597  216 216 216
3 2601 2602 2603  216 216 216
3 2602 2601 2604  216 216 216
3 2602 2604 2605  216 216 216
3 2602 2605 2606  216 216 216
3 2602 2606 2598  216 216 216
3 2602 2598 2603  216 216 216
3 2607 2608 2609  216 216 216
3 2608 2607 2610  216 216 216
3 2608 2610 2611  216 216 216
3 2608 2611 2612  216 216 216
3 2608 2612 2604  216 216 216
3 2608 2604 2609  216 216 216
3 2613 2614 2615  216 216 216
3 2614 2613 2616  216 216 216
3 2614 2616 2617  216 216 216
3 2614 2617 2618  216 216 216
3 2614 2618 2610  216 216 216
3 2614 2610 2615  216 216 216
3 2619 2620 2621  216 216 216
3 2620 2619 2622  216 216 216
3 2620 2622 2623  216 216 216
3 2620 2623 2624  216 216 216
3 2620 2624 2616  216 216 216
3 2620 2616 2621  216 216 216
3 2625 2626 2627  216 216 216
3 2626 2625 2564  216 216 216
3 2626 2564 2628  216 216 216
3 2626 2628 2629  216 216 216
3 2626 2629 2622  216 216 216
3 2626 2622 2627  216 216 216
3 2552 2630 2486  216 216 216
3 2630 2552 2631  216 216 216
3 2630 2631 2623  216 216 216
3 2630 2623 2629  216 216 216
3 2630 2629 2632  216 216 216
3 2630 2632 2486  216 216 216
3 2546 2633 2554  216 216 216
3 2633 2546 2634  216 216 216
3 2633 2634 2617  216 216 216
3 2633 2617 2624  216 216 216
3 2633 2624 2631  216 216 216
3 2633 2631 2554  216 216 216
3 2540 2635 2548  216 216 216
3 2635 2540 2636  216 216 216
3 2635 2636 2611  216 216 216
3 2635 2611 2618  216 216 216
3 2635 2618 2634  216 216 216
3 2635 2634 2548  216 216 216
3 2534 2637 2542  216 216 216
3 2637 2534 2638  216 216 216
3 2637 2638 2605  216 216 216
3 2637 2605 2612  216 216 216
3 2637 2612 2636  216 216 216
3 2637 2636 2542  216 216 216
3 2528 2639 2536  216 216 216
3 2639 2528 2640  216 216 216
3 2639 2640 2599  216 216 216
3 2639 2599 2606  216 216 216
3 2639 2606 2638  216 216 216
3 2639 2638 2536  216 216 216
3 2521 2641 2530  216 216 216
3 2641 2521 2642  216 216 216
3 2641 2642 2593  216 216 216
3 2641 2593 2600  216 216 216
3 2641 2600 2640  216 216 216
3 2641 2640 2530  216 216 216
3 2515 2643 2523  216 216 216
3 2643 2515 2644  216 216 216
3 2643 2644 2587  216 216 216
3 2643 2587 2594  216 216 216
3 2643 2594 2642  216 216 216
3 2643 2642 2523  216 216 216
3 2509 2645 2517  216 216 216
3 2645 2509 2646  216 216 216
3 2645 2646 2581  216 216 216
3 2645 2581 2588  216 216 216
3 2645 2588 2644  216 216 216
3 2645 2644 2517  216 216 216
3 2503 2647 2511  216 216 216
3 2647 2503 2648  216 216 216
3 2647 2648 2575  216 216 216
3 2647 2575 2582  216 216 216
3 2647 2582 2646  216 216 216
3 2647 2646 2511  216 216 216
3 2497 2649 2505  216 216 216
3 2649 2497 2650  216 216 216
3 2649 2650 2569  216 216 216
3 2649 2569 2576  216 216 216
3 2649 2576 2648  216 216 216
3 2649 2648 2505  216 216 216
3 2491 2651 2499  216 216 216
3 2651 2491 2652  216 216 216
3 2651 2652 2562  216 216 216
3 2651 2562 2570  216 216 216
3 2651 2570 2650  216 216 216
3 2651 2650 2499  216 216 216
3 2484 2653 2493  216 216 216
3 2653 2484 2632  216 216 216
3 2653 2632 2628  216 216 216
3 2653 2628 2563  216 216 216
3 2653 2563 2652  216 216 216
3 2653 2652 2493  216 216 216
3 2523 2642 2521  216 216 216
3 2597 2592 2589  216 216 216
3 2600 2593 2592  216 216 216
3 2593 2642 2594  216 216 216
3 2591 2586 2583  216 216 216
3 2517 2644 2515  216 216 216
3 2585 2580 2577  216 216 216
3 2511 2646 2509  216 216 216
3 2579 2574 2571  216 216 216
3 2505 2648 2503  216 216 216
3 2573 2568 2565  216 216 216
3 2499 2650 2497  216 216 216
3 2567 2561 2558  216 216 216
3 2493 2652 2491  216 216 216
3 2560 2564 2625  216 216 216
3 2486 2632 2484  216 216 216
3 2627 2622 2619  216 216 216
3 2554 2631 2552  216 216 216
3 2621 2616 2613  216 216 216
3 2548 2634 2546  216 216 216
3 2615 2610 2607  216 216 216
3 2542 2636 2540  216 216 216
3 2609 2604 2601  216 216 216
3 2536 2638 2534  216 216 216
3 2603 2598 2595  216 216 216
3 2530 2640 2528  216 216 216
3 2628 2564 2563  216 216 216
3 2652 2563 2562  216 216 216
3 2629 2628 2632  216 216 216
3 2570 2562 2561  216 216 216
3 2650 2570 2569  216 216 216
3 2576 2569 2568  216 216 216
3 2648 2576 2575  216 216 216
3 2582 2575 2574  216 216 216
3 2646 2582 2581  216 216 216
3 2588 2581 2580  216 216 216
3 2644 2588 2587  216 216 216
3 2594 2587 2586  216 216 216
3 2640 2600 2599  216 216 216
3 2606 2599 2598  216 216 216
3 2638 2606 2605  216 216 216
3 2612 2605 2604  216 216 216
3 2636 2612 2611  216 216 216
3 2618 2611 2610  216 216 216
3 2634 2618 2617  216 216 216
3 2624 2617 2616  216 216 216
3 2631 2624 2623  216 216 216
3 2629 2623 2622  216 216 216
3 2654 2655 2656  216 216 216
3 2655 2654 2657  216 216 216
3 2655 2657 2658  216 216 216
3 2655 2658 2659  216 216 216
3 2655 2659 2660  216 216 216
3 2655 2660 2656  216 216 216
3 2661 2662 2663  216 216 216
3 2662 2661 2664  216 216 216
3 2662 2664 2665  216 216 216
3 2662 2665 2666  216 216 216
3 2662 2666 2657  216 216 216
3 2662 2657 2663  216 216 216
3 2667 2668 2669  216 216 216
3 2668 2667 2670  216 216 216
3 2668 2670 2671  216 216 216
3 2668 2671 2672  216 216 216
3 2668 2672 2664  216 216 216
3 2668 2664 2669  216 216 216
3 2673 2674 2675  216 216 216
3 2674 2673 2676  216 216 216
3 2674 2676 2677  216 216 216
3 2674 2677 2678  216 216 216
3 2674 2678 2670  216 216 216
3 2674 2670 2675  216 216 216
3 2679 2680 2681  216 216 216
3 2680 2679 2682  216 216 216
3 2680 2682 2683  216 216 216
3 2680 2683 2684  216 216 216
3 2680 2684 2676  216 216 216
3 2680 2676 2681  216 216 216
3 2685 2686 2687  216 216 216
3 2686 2685 2688  216 216 216
3 2686 2688 2689  216 216 216
3 2686 2689 2690  216 216 216
3 2686 2690 2682  216 216 216
3 2686 2682 2687  216 216 216
3 2691 2692 2693  216 216 216
3 2692 2691 2694  216 216 216
3 2692 2694 2695  216 216 216
3 2692 2695 2696  216 216 216
3 2692 2696 2688  216 216 216
3 2692 2688 2693  216 216 216
3 2697 2698 2699  216 216 216
3 2698 2697 2700  216 216 216
3 2698 2700 2701  216 216 216
3 2698 2701 2702  216 216 216
3 2698 2702 2694  216 216 216
3 2698 2694 2699  216 216 216
3 2703 2704 2705  216 216 216
3 2704 2703 2706  216 216 216
3 2704 2706 2707  216 216 216
3 2704 2707 2708  216 216 216
3 2704 2708 2700  216 216 216
3 2704 2700 2705  216 216 216
3 2709 2710 2711  216 216 216
3 2710 2709 2712  216 216 216
3 2710 2712 2713  216 216 216
3 2710 2713 2714  216 216 216
3 2710 2714 2706  216 216 216
3 2710 2706 2711  216 216 216
3 2715 2716 2717  216 216 216
3 2716 2715 2718  216 216 216
3 2716 2718 2719  216 216 216
3 2716 2719 2720  216 216 216
3 2716 2720 2712  216 216 216
3 2716 2712 2717  216 216 216
3 2721 2722 2723  216 216 216
3 2722 2721 2660  216 216 216
3 2722 2660 2724  216 216 216
3 2722 2724 2725  216 216 216
3 2722 2725 2718  216 216 216
3 2722 2718 2723  216 216 216
3 2625 2726 2560  216 216 216
3 2726 2625 2727  216 216 216
3 2726 2727 2728  216 216 216
3 2726 2728 2729  216 216 216
3 2726 2729 2730  216 216 216
3 2726 2730 2560  216 216 216
3 2619 2731 2627  216 216 216
3 2731 2619 2732  216 216 216
3 2731 2732 2733  216 216 216
3 2731 2733 2734  216 216 216
3 2731 2734 2727  216 216 216
3 2731 2727 2627  216 216 216
3 2613 2735 2621  216 216 216
3 2735 2613 2736  216 216 216
3 2735 2736 2737  216 216 216
3 2735 2737 2738  216 216 216
3 2735 2738 2732  216 216 216
3 2735 2732 2621  216 216 216
3 2607 2739 2615  216 216 216
3 2739 2607 2740  216 216 216
3 2739 2740 2741  216 216 216
3 2739 2741 2742  216 216 216
3 2739 2742 2736  216 216 216
3 2739 2736 2615  216 216 216
3 2601 2743 2609  216 216 216
3 2743 2601 2744  216 216 216
3 2743 2744 2745  216 216 216
3 2743 2745 2746  216 216 216
3 2743 2746 2740  216 216 216
3 2743 2740 2609  216 216 216
3 2595 2747 2603  216 216 216
3 2747 2595 2748  216 216 216
3 2747 2748 2749  216 216 216
3 2747 2749 2750  216 216 216
3 2747 2750 2744  216 216 216
3 2747 2744 2603  216 216 216
3 2589 2751 2597  216 216 216
3 2751 2589 2752  216 216 216
3 2751 2752 2753  216 216 216
3 2751 2753 2754  216 216 216
3 2751 2754 2748  216 216 216
3 2751 2748 2597  216 216 216
3 2583 2755 2591  216 216 216
3 2755 2583 2756  216 216 216
3 2755 2756 2757  216 216 216
3 2755 2757 2758  216 216 216
3 2755 2758 2752  216 216 216
3 2755 2752 2591  216 216 216
3 2577 2759 2585  216 216 216
3 2759 2577 2760  216 216 216
3 2759 2760 2761  216 216 216
3 2759 2761 2762  216 216 216
3 2759 2762 2756  216 216 216
3 2759 2756 2585  216 216 216
3 2571 2763 2579  216 216 216
3 2763 2571 2764  216 216 216
3 2763 2764 2765  216 216 216
3 2763 2765 2766  216 216 216
3 2763 2766 2760  216 216 216
3 2763 2760 2579  216 216 216
3 2565 2767 2573  216 216 216
3 2767 2565 2768  216 216 216
3 2767 2768 2769  216 216 216
3 2767 2769 2770  216 216 216
3 2767 2770 2764  216 216 216
3 2767 2764 2573  216 216 216
3 2558 2771 2567  216 216 216
3 2771 2558 2730  216 216 216
3 2771 2730 2772  216 216 216
3 2771 2772 2773  216 216 216
3 2771 2773 2768  216 216 216
3 2771 2768 2567  216 216 216
3 2597 2748 2595  216 216 216
3 2693 2688 2685  216 216 216
3 2689 2774 2690  216 216 216
3 2688 2696 2689  216 216 216
3 2774 2775 2776  216 216 216
3 2774 2776 2690  216 216 216
3 2774 2689 2777  216 216 216
3 2774 2777 2778  216 216 216
3 2774 2778 2775  216 216 216
3 2775 2779 2780  216 216 216
3 2775 2780 2776  216 216 216
3 2779 2749 2781  216 216 216
3 2779 2781 2780  216 216 216
3 2779 2775 2782  216 216 216
3 2779 2782 2750  216 216 216
3 2779 2750 2749  216 216 216
3 2781 2749 2754  216 216 216
3 2781 2754 2783  216 216 216
3 2781 2783 2784  216 216 216
3 2781 2784 2780  216 216 216
3 2754 2749 2748  216 216 216
3 2687 2682 2679  216 216 216
3 2591 2752 2589  216 216 216
3 2681 2676 2673  216 216 216
3 2585 2756 2583  216 216 216
3 2675 2670 2667  216 216 216
3 2579 2760 2577  216 216 216
3 2669 2664 2661  216 216 216
3 2573 2764 2571  216 216 216
3 2663 2657 2654  216 216 216
3 2567 2768 2565  216 216 216
3 2656 2660 2721  216 216 216
3 2560 2730 2558  216 216 216
3 2723 2718 2715  216 216 216
3 2627 2727 2625  216 216 216
3 2717 2712 2709  216 216 216
3 2621 2732 2619  216 216 216
3 2711 2706 2703  216 216 216
3 2615 2736 2613  216 216 216
3 2705 2700 2697  216 216 216
3 2609 2740 2607  216 216 216
3 2699 2694 2691  216 216 216
3 2603 2744 2601  216 216 216
3 2724 2660 2659  216 216 216
3 2724 2659 2785  216 216 216
3 2724 2785 2786  216 216 216
3 2724 2786 2725  216 216 216
3 2785 2787 2786  216 216 216
3 2785 2659 2788  216 216 216
3 2785 2788 2789  216 216 216
3 2785 2789 2787  216 216 216
3 2787 2790 2791  216 216 216
3 2787 2791 2786  216 216 216
3 2790 2773 2792  216 216 216
3 2790 2792 2791  216 216 216
3 2790 2787 2793  216 216 216
3 2790 2793 2769  216 216 216
3 2790 2769 2773  216 216 216
3 2792 2773 2772  216 216 216
3 2792 2772 2794  216 216 216
3 2792 2794 2795  216 216 216
3 2792 2795 2791  216 216 216
3 2768 2773 2769  216 216 216
3 2794 2772 2729  216 216 216
3 2794 2729 2796  216 216 216
3 2794 2796 2797  216 216 216
3 2794 2797 2795  216 216 216
3 2786 2791 2798  216 216 216
3 2786 2798 2725  216 216 216
3 2729 2772 2730  216 216 216
3 2659 2658 2788  216 216 216
3 2657 2666 2658  216 216 216
3 2788 2658 2799  216 216 216
3 2788 2799 2800  216 216 216
3 2788 2800 2789  216 216 216
3 2787 2789 2793  216 216 216
3 2770 2769 2793  216 216 216
3 2770 2793 2801  216 216 216
3 2770 2801 2765  216 216 216
3 2770 2765 2764  216 216 216
3 2793 2789 2801  216 216 216
3 2658 2666 2799  216 216 216
3 2799 2666 2802  216 216 216
3 2799 2802 2803  216 216 216
3 2799 2803 2800  216 216 216
3 2789 2800 2801  216 216 216
3 2801 2800 2804  216 216 216
3 2801 2804 2765  216 216 216
3 2666 2665 2802  216 216 216
3 2664 2672 2665  216 216 216
3 2802 2665 2805  216 216 216
3 2802 2805 2806  216 216 216
3 2802 2806 2803  216 216 216
3 2800 2803 2804  216 216 216
3 2766 2765 2804  216 216 216
3 2766 2804 2807  216 216 216
3 2766 2807 2761  216 216 216
3 2766 2761 2760  216 216 216
3 2804 2803 2807  216 216 216
3 2665 2672 2805  216 216 216
3 2805 2672 2808  216 216 216
3 2805 2808 2809  216 216 216
3 2805 2809 2806  216 216 216
3 2803 2806 2807  216 216 216
3 2807 2806 2810  216 216 216
3 2807 2810 2761  216 216 216
3 2672 2671 2808  216 216 216
3 2670 2678 2671  216 216 216
3 2808 2671 2811  216 216 216
3 2808 2811 2812  216 216 216
3 2808 2812 2809  216 216 216
3 2806 2809 2810  216 216 216
3 2762 2761 2810  216 216 216
3 2762 2810 2813  216 216 216
3 2762 2813 2757  216 216 216
3 2762 2757 2756  216 216 216
3 2810 2809 2813  216 216 216
3 2671 2678 2811  216 216 216
3 2811 2678 2814  216 216 216
3 2811 2814 2815  216 216 216
3 2811 2815 2812  216 216 216
3 2809 2812 2813  216 216 216
3 2813 2812 2816  216 216 216
3 2813 2816 2757  216 216 216
3 2678 2677 2814  216 216 216
3 2676 2684 2677  216 216 216
3 2814 2677 2817  216 216 216
3 2814 2817 2818  216 216 216
3 2814 2818 2815  216 216 216
3 2812 2815 2816  216 216 216
3 2758 2757 2816  216 216 216
3 2758 2816 2819  216 216 216
3 2758 2819 2753  216 216 216
3 2758 2753 2752  216 216 216
3 2816 2815 2819  216 216 216
3 2677 2684 2817  216 216 216
3 2817 2684 2820  216 216 216
3 2817 2820 2784  216 216 216
3 2817 2784 2818  216 216 216
3 2815 2818 2819  216 216 216
3 2784 2783 2818  216 216 216
3 2684 2683 2820  216 216 216
3 2682 2690 2683  216 216 216
3 2780 2784 2820  216 216 216
3 2780 2820 2776  216 216 216
3 2690 2776 2683  216 216 216
3 2819 2818 2783  216 216 216
3 2819 2783 2753  216 216 216
3 2754 2753 2783  216 216 216
3 2776 2820 2683  216 216 216
3 2689 2696 2777  216 216 216
3 2777 2696 2821  216 216 216
3 2777 2821 2822  216 216 216
3 2777 2822 2778  216 216 216
3 2775 2778 2782  216 216 216
3 2782 2778 2823  216 216 216
3 2782 2823 2745  216 216 216
3 2782 2745 2750  216 216 216
3 2744 2750 2745  216 216 216
3 2696 2695 2821  216 216 216
3 2694 2702 2695  216 216 216
3 2821 2695 2824  216 216 216
3 2821 2824 2825  216 216 216
3 2821 2825 2822  216 216 216
3 2778 2822 2823  216 216 216
3 2746 2745 2823  216 216 216
3 2746 2823 2826  216 216 216
3 2746 2826 2741  216 216 216
3 2746 2741 2740  216 216 216
3 2823 2822 2826  216 216 216
3 2695 2702 2824  216 216 216
3 2824 2702 2827  216 216 216
3 2824 2827 2828  216 216 216
3 2824 2828 2825  216 216 216
3 2822 2825 2826  216 216 216
3 2826 2825 2829  216 216 216
3 2826 2829 2741  216 216 216
3 2702 2701 2827  216 216 216
3 2700 2708 2701  216 216 216
3 2827 2701 2830  216 216 216
3 2827 2830 2831  216 216 216
3 2827 2831 2828  216 216 216
3 2825 2828 2829  216 216 216
3 2742 2741 2829  216 216 216
3 2742 2829 2832  216 216 216
3 2742 2832 2737  216 216 216
3 2742 2737 2736  216 216 216
3 2829 2828 2832  216 216 216
3 2701 2708 2830  216 216 216
3 2830 2708 2833  216 216 216
3 2830 2833 2834  216 216 216
3 2830 2834 2831  216 216 216
3 2828 2831 2832  216 216 216
3 2832 2831 2835  216 216 216
3 2832 2835 2737  216 216 216
3 2708 2707 2833  216 216 216
3 2706 2714 2707  216 216 216
3 2833 2707 2836  216 216 216
3 2833 2836 2837  216 216 216
3 2833 2837 2834  216 216 216
3 2831 2834 2835  216 216 216
3 2738 2737 2835  216 216 216
3 2738 2835 2838  216 216 216
3 2738 2838 2733  216 216 216
3 2738 2733 2732  216 216 216
3 2835 2834 2838  216 216 216
3 2707 2714 2836  216 216 216
3 2836 2714 2839  216 216 216
3 2836 2839 2840  216 216 216
3 2836 2840 2837  216 216 216
3 2834 2837 2838  216 216 216
3 2838 2837 2841  216 216 216
3 2838 2841 2733  216 216 216
3 2714 2713 2839  216 216 216
3 2712 2720 2713  216 216 216
3 2839 2713 2842  216 216 216
3 2839 2842 2843  216 216 216
3 2839 2843 2840  216 216 216
3 2837 2840 2841  216 216 216
3 2734 2733 2841  216 216 216
3 2734 2841 2844  216 216 216
3 2734 2844 2728  216 216 216
3 2734 2728 2727  216 216 216
3 2841 2840 2844  216 216 216
3 2713 2720 2842  216 216 216
3 2842 2720 2845  216 216 216
3 2842 2845 2797  216 216 216
3 2842 2797 2843  216 216 216
3 2840 2843 2844  216 216 216
3 2797 2796 2843  216 216 216
3 2720 2719 2845  216 216 216
3 2718 2725 2719  216 216 216
3 2795 2797 2845  216 216 216
3 2795 2845 2798  216 216 216
3 2795 2798 2791  216 216 216
3 2725 2798 2719  216 216 216
3 2844 2843 2796  216 216 216
3 2844 2796 2728  216 216 216
3 2729 2728 2796  216 216 216
3 2798 2845 2719  216 216 216
3 2232 2654 2261  216 216 216
3 2654 2232 2663  216 216 216
3 2236 2661 2234  216 216 216
3 2661 2236 2669  216 216 216
3 2240 2667 2238  216 216 216
3 2667 2240 2675  216 216 216
3 2244 2673 2242  216 216 216
3 2673 2244 2681  216 216 216
3 2248 2679 2246  216 216 216
3 2679 2248 2687  216 216 216
3 2252 2685 2250  216 216 216
3 2685 2252 2693  216 216 216
3 2256 2691 2254  216 216 216
3 2691 2256 2699  216 216 216
3 2259 2697 2258  216 216 216
3 2697 2259 2705  216 216 216
3 2220 2703 2223  216 216 216
3 2703 2220 2711  216 216 216
3 2212 2709 2211  216 216 216
3 2709 2212 2717  216 216 216
3 2226 2715 2213  216 216 216
3 2715 2226 2723  216 216 216
3 2230 2721 2228  216 216 216
3 2721 2230 2656  216 216 216
3 2721 2723 2228  216 216 216
3 2228 2723 2226  216 216 216
3 2715 2717 2213  216 216 216
3 2213 2717 2212  216 216 216
3 2709 2711 2211  216 216 216
3 2211 2711 2220  216 216 216
3 2703 2705 2223  216 216 216
3 2223 2705 2259  216 216 216
3 2697 2699 2258  216 216 216
3 2258 2699 2256  216 216 216
3 2691 2693 2254  216 216 216
3 2254 2693 2252  216 216 216
3 2685 2687 2250  216 216 216
3 2250 2687 2248  216 216 216
3 2679 2681 2246  216 216 216
3 2246 2681 2244  216 216 216
3 2673 2675 2242  216 216 216
3 2242 2675 2240  216 216 216
3 2667 2669 2238  216 216 216
3 2238 2669 2236  216 216 216
3 2661 2663 2234  216 216 216
3 2234 2663 2232  216 216 216
3 2654 2656 2261  216 216 216
3 2261 2656 2230  216 216 216
3 2846 2847 2848  216 216 216
3 2847 2846 2849  216 216 216
3 2850 2851 2852  216 216 216
3 2851 2850 2853  216 216 216
3 2854 2855 2856  216 216 216
3 2855 2854 2857  216 216 216
3 2858 2859 2860  216 216 216
3 2859 2858 2861  216 216 216
3 2862 2863 2864  216 216 216
3 2863 2862 2865  216 216 216
3 2866 2867 2868  216 216 216
3 2867 2866 2869  216 216 216
3 2870 2871 2872  216 216 216
3 2871 2870 2873  216 216 216
3 2874 2875 2876  216 216 216
3 2875 2874 2877  216 216 216
3 2878 2879 2880  216 216 216
3 2879 2878 2881  216 216 216
3 2882 2883 2884  216 216 216
3 2883 2882 2885  216 216 216
3 2886 2887 2888  216 216 216
3 2887 2886 2889  216 216 216
3 2890 2891 2892  216 216 216
3 2891 2890 2893  216 216 216
3 2891 2889 2892  216 216 216
3 2892 2889 2886  216 216 216
3 2887 2885 2888  216 216 216
3 2888 2885 2882  216 216 216
3 2883 2881 2884  216 216 216
3 2884 2881 2878  216 216 216
3 2879 2877 2880  216 216 216
3 2880 2877 2874  216 216 216
3 2875 2873 2876  216 216 216
3 2876 2873 2870  216 216 216
3 2871 2869 2872  216 216 216
3 2872 2869 2866  216 216 216
3 2867 2865 2868  216 216 216
3 2868 2865 2862  216 216 216
3 2863 2861 2864  216 216 216
3 2864 2861 2858  216 216 216
3 2859 2857 2860  216 216 216
3 2860 2857 2854  216 216 216
3 2855 2853 2856  216 216 216
3 2856 2853 2850  216 216 216
3 2851 2849 2852  216 216 216
3 2852 2849 2846  216 216 216
3 2847 2893 2848  216 216 216
3 2848 2893 2890  216 216 216
3 2847 2867 2893  216 216 216
3 2867 2847 2865  216 216 216
3 2851 2863 2849  216 216 216
3 2863 2851 2861  216 216 216
3 2855 2859 2853  216 216 216
3 2855 2857 2859  216 216 216
3 2859 2861 2853  216 216 216
3 2853 2861 2851  216 216 216
3 2863 2865 2849  216 216 216
3 2849 2865 2847  216 216 216
3 2867 2869 2893  216 216 216
3 2893 2869 2891  216 216 216
3 2873 2889 2871  216 216 216
3 2889 2873 2887  216 216 216
3 2877 2885 2875  216 216 216
3 2885 2877 2883  216 216 216
3 2881 2883 2879  216 216 216
3 2879 2883 2877  216 216 216
3 2885 2887 2875  216 216 216
3 2875 2887 2873  216 216 216
3 2889 2891 2871  216 216 216
3 2871 2891 2869  216 216 216
3 2260 2868 2224  216 216 216
3 2260 2255 2868  216 216 216
3 2868 2255 2866  216 216 216
3 2251 2872 2257  216 216 216
3 2872 2251 2870  216 216 216
3 2247 2876 2253  216 216 216
3 2876 2247 2874  216 216 216
3 2243 2880 2249  216 216 216
3 2880 2243 2878  216 216 216
3 2239 2884 2245  216 216 216
3 2884 2239 2882  216 216 216
3 2235 2886 2241  216 216 216
3 2886 2235 2892  216 216 216
3 2231 2890 2237  216 216 216
3 2890 2231 2848  216 216 216
3 2227 2846 2233  216 216 216
3 2846 2227 2852  216 216 216
3 2225 2850 2229  216 216 216
3 2850 2225 2856  216 216 216
3 2215 2854 2214  216 216 216
3 2854 2215 2860  216 216 216
3 2219 2858 2217  216 216 216
3 2858 2219 2864  216 216 216
3 2224 2862 2222  216 216 216
3 2890 2892 2237  216 216 216
3 2237 2892 2235  216 216 216
3 2886 2888 2241  216 216 216
3 2888 2882 2241  216 216 216
3 2241 2882 2239  216 216 216
3 2884 2878 2245  216 216 216
3 2245 2878 2243  216 216 216
3 2880 2874 2249  216 216 216
3 2249 2874 2247  216 216 216
3 2876 2870 2253  216 216 216
3 2253 2870 2251  216 216 216
3 2872 2866 2257  216 216 216
3 2257 2866 2255  216 216 216
3 2868 2862 2224  216 216 216
3 2862 2864 2222  216 216 216
3 2222 2864 2219  216 216 216
3 2858 2860 2217  216 216 216
3 2217 2860 2215  216 216 216
3 2854 2856 2214  216 216 216
3 2214 2856 2225  216 216 216
3 2850 2852 2229  216 216 216
3 2229 2852 2227  216 216 216
3 2846 2848 2233  216 216 216
3 2233 2848 2231  216 216 216
3 1461 772 2218  216 216 216
3 768 2216 774  216 216 216
3 768 770 2216  216 216 216
3 770 2221 2216  216 216 216
3 2216 2218 774  216 216 216
3 774 2218 772  216 216 216
3 1450 32 2894  216 216 216
3 32 45 2894  216 216 216
3 1459 2895 735  216 216 216
3 1459 1451 2895  216 216 216
3 2895 2894 735  216 216 216
3 2894 45 735  216 216 216
3 2895 1451 2896  216 216 216
3 1451 1455 2896  216 216 216
3 2221 770 2897  216 216 216
3 2221 2897 2896  216 216 216
3 2221 2896 1457  216 216 216
3 1453 2897 780  216 216 216
3 2896 1455 1457  216 216 216
3 780 2897 770  216 216 216
3 2895 2896 2894  216 216 216
3 2896 2897 2894  216 216 216
3 1450 2894 1453  216 216 216
3 2894 2897 1453  216 216 216
3 2191 2898 2189  216 216 216
3 2899 2195 2900  216 216 216
3 2195 2899 2193  216 216 216
3 2901 2199 2902  216 216 216
3 2199 2901 2197  216 216 216
3 2903 2200 2904  216 216 216
3 2200 2903 2266  216 216 216
3 2905 2264 2906  216 216 216
3 2907 2263 2905  216 216 216
3 2263 2264 2905  216 216 216
3 2264 2266 2906  216 216 216
3 2906 2266 2903  216 216 216
3 2200 2197 2904  216 216 216
3 2904 2197 2901  216 216 216
3 2199 2193 2902  216 216 216
3 2902 2193 2899  216 216 216
3 2195 2189 2900  216 216 216
3 2900 2189 2898  216 216 216
3 2263 2907 2177  216 216 216
3 1486 1485 2908  216 216 216
3 1485 2177 2908  216 216 216
3 2908 2177 2907  216 216 216
3 2908 2909 1486  216 216 216
3 1486 2909 1488  216 216 216
3 2910 1491 2911  216 216 216
3 1491 2910 1483  216 216 216
3 2912 1484 2913  216 216 216
3 1484 2912 1481  216 216 216
3 2914 1479 2915  216 216 216
3 1479 2914 1477  216 216 216
3 2916 1475 2917  216 216 216
3 2916 1473 1475  216 216 216
3 1475 1477 2917  216 216 216
3 2917 1477 2914  216 216 216
3 1479 1481 2915  216 216 216
3 2915 1481 2912  216 216 216
3 1484 1483 2913  216 216 216
3 2913 1483 2910  216 216 216
3 1491 1488 2911  216 216 216
3 2911 1488 2909  216 216 216
3 2918 734 2919  216 216 216
3 2918 762 734  216 216 216
3 734 7 2919  216 216 216
3 7 4 2919  216 216 216
3 2918 2920 762  216 216 216
3 762 2920 764  216 216 216
3 2921 767 2922  216 216 216
3 767 2921 760  216 216 216
3 2923 761 2924  216 216 216
3 761 2923 758  216 216 216
3 2925 756 2926  216 216 216
3 756 2925 754  216 216 216
3 2927 752 2928  216 216 216
3 2927 750 752  216 216 216
3 752 754 2928  216 216 216
3 2928 754 2925  216 216 216
3 756 758 2926  216 216 216
3 2926 758 2923  216 216 216
3 761 760 2924  216 216 216
3 2924 760 2921  216 216 216
3 767 764 2922  216 216 216
3 2922 764 2920  216 216 216
3 19 2929 17  216 216 216
3 2930 23 2931  216 216 216
3 23 2930 21  216 216 216
3 2932 27 2933  216 216 216
3 27 2932 25  216 216 216
3 2934 0 2935  216 216 216
3 0 2934 1  216 216 216
3 2936 6 2937  216 216 216
3 2919 4 2936  216 216 216
3 4 6 2936  216 216 216
3 6 1 2937  216 216 216
3 2937 1 2934  216 216 216
3 0 25 2935  216 216 216
3 2935 25 2932  216 216 216
3 27 21 2933  216 216 216
3 2933 21 2930  216 216 216
3 23 17 2931  216 216 216
3 2931 17 2929  216 216 216
3 9 2938 11  216 216 216
3 2939 12 2940  216 216 216
3 12 2939 14  216 216 216
3 2941 2929 2942  216 216 216
3 2929 2941 2943  216 216 216
3 2944 2945 2946  216 216 216
3 2944 2947 2945  216 216 216
3 2945 2943 2946  216 216 216
3 2946 2943 2941  216 216 216
3 2929 19 2942  216 216 216
3 19 14 2942  216 216 216
3 2942 14 2939  216 216 216
3 12 11 2940  216 216 216
3 2940 11 2938  216 216 216
3 2948 2949 2944  216 216 216
3 2949 2947 2944  216 216 216
3 2949 2948 2950  216 216 216
3 2951 2952 2953  216 216 216
3 2952 2951 2916  216 216 216
3 2954 1471 2955  216 216 216
3 1471 2954 1468  216 216 216
3 2956 1465 2957  216 216 216
3 2956 1464 1465  216 216 216
3 1465 1468 2957  216 216 216
3 2957 1468 2954  216 216 216
3 1471 1473 2955  216 216 216
3 1473 2916 2955  216 216 216
3 2955 2916 2951  216 216 216
3 2952 2950 2953  216 216 216
3 2953 2950 2948  216 216 216
3 2958 2188 2956  216 216 216
3 2958 2209 2188  216 216 216
3 2188 1462 2956  216 216 216
3 1462 1464 2956  216 216 216
3 2209 2958 2207  216 216 216
3 2959 2204 2960  216 216 216
3 2204 2959 2202  216 216 216
3 2961 2898 2962  216 216 216
3 2898 2961 2963  216 216 216
3 2964 2965 2966  216 216 216
3 2964 2967 2965  216 216 216
3 2965 2963 2966  216 216 216
3 2966 2963 2961  216 216 216
3 2898 2191 2962  216 216 216
3 2191 2202 2962  216 216 216
3 2962 2202 2959  216 216 216
3 2204 2207 2960  216 216 216
3 2960 2207 2958  216 216 216
3 2968 2969 2964  216 216 216
3 2969 2967 2964  216 216 216
3 2969 2968 2970  216 216 216
3 2971 2972 2973  216 216 216
3 2972 2971 2927  216 216 216
3 2974 748 2975  216 216 216
3 748 2974 745  216 216 216
3 2976 742 2977  216 216 216
3 2976 741 742  216 216 216
3 742 745 2977  216 216 216
3 2977 745 2974  216 216 216
3 748 750 2975  216 216 216
3 750 2927 2975  216 216 216
3 2975 2927 2971  216 216 216
3 2972 2970 2973  216 216 216
3 2973 2970 2968  216 216 216
3 741 2976 723  216 216 216
3 9 8 2938  216 216 216
3 8 723 2938  216 216 216
3 2938 723 2976  216 216 216
3 2905 2920 2907  216 216 216
3 2920 2905 2922  216 216 216
3 2903 2921 2906  216 216 216
3 2921 2903 2924  216 216 216
3 2901 2923 2904  216 216 216
3 2923 2901 2926  216 216 216
3 2899 2967 2902  216 216 216
3 2967 2899 2965  216 216 216
3 2898 2963 2900  216 216 216
3 2963 2965 2900  216 216 216
3 2900 2965 2899  216 216 216
3 2967 2969 2902  216 216 216
3 2970 2925 2969  216 216 216
3 2925 2970 2928  216 216 216
3 2927 2928 2972  216 216 216
3 2972 2928 2970  216 216 216
3 2925 2926 2969  216 216 216
3 2923 2924 2904  216 216 216
3 2904 2924 2903  216 216 216
3 2921 2922 2906  216 216 216
3 2906 2922 2905  216 216 216
3 2920 2918 2907  216 216 216
3 2918 2919 2907  216 216 216
3 2907 2919 2908  216 216 216
3 2937 2909 2936  216 216 216
3 2909 2937 2911  216 216 216
3 2935 2910 2934  216 216 216
3 2910 2935 2913  216 216 216
3 2933 2912 2932  216 216 216
3 2930 2947 2933  216 216 216
3 2947 2930 2945  216 216 216
3 2929 2943 2931  216 216 216
3 2943 2945 2931  216 216 216
3 2931 2945 2930  216 216 216
3 2933 2947 2915  216 216 216
3 2933 2915 2912  216 216 216
3 2950 2914 2949  216 216 216
3 2914 2950 2917  216 216 216
3 2916 2917 2952  216 216 216
3 2952 2917 2950  216 216 216
3 2914 2915 2949  216 216 216
3 2912 2913 2932  216 216 216
3 2932 2913 2935  216 216 216
3 2910 2911 2934  216 216 216
3 2934 2911 2937  216 216 216
3 2909 2908 2936  216 216 216
3 2936 2908 2919  216 216 216
3 2901 2902 2926  216 216 216
3 2926 2902 2969  216 216 216
3 2949 2915 2947  216 216 216
3 2978 2979 2980  216 216 216
3 2980 2979 2981  216 216 216
3 2982 2983 2984  216 216 216
3 2983 2982 2985  216 216 216
3 2986 2987 2988  216 216 216
3 2987 2986 2989  216 216 216
3 2990 2991 2992  216 216 216
3 2991 2990 2993  216 216 216
3 2994 2995 2996  216 216 216
3 2997 2998 2994  216 216 216
3 2998 2995 2994  216 216 216
3 2995 2993 2996  216 216 216
3 2996 2993 2990  216 216 216
3 2991 2989 2992  216 216 216
3 2992 2989 2986  216 216 216
3 2987 2985 2988  216 216 216
3 2988 2985 2982  216 216 216
3 2983 2981 2984  216 216 216
3 2984 2981 2979  216 216 216
3 2999 3000 3001  216 216 216
3 3002 3003 2999  216 216 216
3 3003 3002 3004  216 216 216
3 3005 3006 3007  216 216 216
3 3006 3005 3008  216 216 216
3 3009 3010 3011  216 216 216
3 3010 3009 3012  216 216 216
3 3013 3014 3015  216 216 216
3 3014 3013 3016  216 216 216
3 3017 3018 3019  216 216 216
3 3017 3020 3018  216 216 216
3 3018 3016 3019  216 216 216
3 3019 3016 3013  216 216 216
3 3014 3012 3015  216 216 216
3 3015 3012 3009  216 216 216
3 3010 3021 3011  216 216 216
3 3021 3008 3011  216 216 216
3 3011 3008 3005  216 216 216
3 3006 3022 3007  216 216 216
3 3022 3004 3007  216 216 216
3 3007 3004 3002  216 216 216
3 3003 3023 2999  216 216 216
3 3023 3024 2999  216 216 216
3 3024 3000 2999  216 216 216
3 3000 3025 3001  216 216 216
3 3025 3026 3001  216 216 216
3 3027 3028 3029  216 216 216
3 3028 3030 3029  216 216 216
3 3030 3031 3029  216 216 216
3 3031 3032 3029  216 216 216
3 3029 3032 3033  216 216 216
3 3029 3033 3034  216 216 216
3 3032 3035 3033  216 216 216
3 3035 3036 3033  216 216 216
3 3036 3037 3033  216 216 216
3 3038 3033 3039  216 216 216
3 3033 3040 3034  216 216 216
3 3041 3042 3040  216 216 216
3 3042 3043 3040  216 216 216
3 3043 3044 3040  216 216 216
3 3044 3045 3040  216 216 216
3 3045 3046 3040  216 216 216
3 3040 3046 3034  216 216 216
3 3046 3047 3034  216 216 216
3 3047 3048 3034  216 216 216
3 3049 3034 3050  216 216 216
3 3050 3034 3048  216 216 216
3 3033 3037 3039  216 216 216
3 3051 3052 3053  216 216 216
3 3052 3054 3053  216 216 216
3 3054 3055 3053  216 216 216
3 3055 3056 3053  216 216 216
3 3056 3057 3053  216 216 216
3 3053 3057 3058  216 216 216
3 3053 3058 3059  216 216 216
3 3057 3060 3058  216 216 216
3 3060 3061 3058  216 216 216
3 3062 3058 3063  216 216 216
3 3058 3064 3059  216 216 216
3 3065 3066 3064  216 216 216
3 3066 3067 3064  216 216 216
3 3067 3068 3064  216 216 216
3 3068 3069 3064  216 216 216
3 3064 3069 3059  216 216 216
3 3069 3070 3059  216 216 216
3 3070 3071 3059  216 216 216
3 3071 3072 3059  216 216 216
3 3073 3059 3074  216 216 216
3 3074 3059 3072  216 216 216
3 3058 3061 3063  216 216 216
3 3075 3076 3077  216 216 216
3 3076 3078 3077  216 216 216
3 3078 3079 3077  216 216 216
3 3077 3079 3080  216 216 216
3 3077 3080 3081  216 216 216
3 3077 3081 3082  216 216 216
3 3079 3083 3080  216 216 216
3 3083 3084 3080  216 216 216
3 3084 3085 3080  216 216 216
3 3085 3086 3080  216 216 216
3 3087 3080 3088  216 216 216
3 3089 3090 3081  216 216 216
3 3090 3091 3081  216 216 216
3 3091 3092 3081  216 216 216
3 3081 3092 3082  216 216 216
3 3092 3093 3082  216 216 216
3 3093 3094 3082  216 216 216
3 3094 3095 3082  216 216 216
3 3095 3096 3082  216 216 216
3 3097 3082 3098  216 216 216
3 3088 3080 3086  216 216 216
3 3098 3082 3096  216 216 216
3 3099 3100 3101  216 216 216
3 3100 3102 3101  216 216 216
3 3102 3103 3101  216 216 216
3 3103 3104 3101  216 216 216
3 3101 3104 3105  216 216 216
3 3101 3105 3106  216 216 216
3 3101 3106 3107  216 216 216
3 3104 3108 3105  216 216 216
3 3108 3109 3105  216 216 216
3 3109 3110 3105  216 216 216
3 3111 3105 3112  216 216 216
3 3113 3114 3106  216 216 216
3 3114 3115 3106  216 216 216
3 3115 3116 3106  216 216 216
3 3116 3117 3106  216 216 216
3 3106 3117 3107  216 216 216
3 3117 3118 3107  216 216 216
3 3118 3119 3107  216 216 216
3 3119 3120 3107  216 216 216
3 3121 3107 3122  216 216 216
3 3105 3110 3112  216 216 216
3 3122 3107 3120  216 216 216
3 3123 3124 3125  216 216 216
3 3123 3125 3126  216 216 216
3 3123 3126 3127  216 216 216
3 3123 3127 3128  216 216 216
3 3041 3129 3130  216 216 216
3 3041 3040 3129  216 216 216
3 3040 3033 3129  216 216 216
3 3129 3033 3131  216 216 216
3 3129 3131 3132  216 216 216
3 3129 3132 3130  216 216 216
3 3133 3134 3038  216 216 216
3 3133 3113 3134  216 216 216
3 3113 3106 3134  216 216 216
3 3134 3106 3135  216 216 216
3 3134 3135 3136  216 216 216
3 3134 3136 3137  216 216 216
3 3134 3137 3131  216 216 216
3 3134 3131 3038  216 216 216
3 3111 3138 3105  216 216 216
3 3111 3139 3138  216 216 216
3 3139 3075 3138  216 216 216
3 3138 3075 3140  216 216 216
3 3138 3140 3141  216 216 216
3 3138 3141 3142  216 216 216
3 3138 3142 3135  216 216 216
3 3138 3135 3105  216 216 216
3 3075 3077 3140  216 216 216
3 3097 3143 3082  216 216 216
3 3143 3097 3144  216 216 216
3 3143 3144 3145  216 216 216
3 3143 3145 3146  216 216 216
3 3143 3146 3140  216 216 216
3 3143 3140 3082  216 216 216
3 3097 3147 3144  216 216 216
3 3147 3051 3144  216 216 216
3 3059 3148 3053  216 216 216
3 3059 3073 3148  216 216 216
3 3073 3149 3148  216 216 216
3 3148 3149 3150  216 216 216
3 3148 3150 3151  216 216 216
3 3148 3151 3144  216 216 216
3 3148 3144 3053  216 216 216
3 3152 3153 3154  216 216 216
3 3153 3152 3155  216 216 216
3 3153 3155 3150  216 216 216
3 3153 3150 3154  216 216 216
3 3156 3157 3158  216 216 216
3 3157 3156 3159  216 216 216
3 3157 3159 3145  216 216 216
3 3157 3145 3151  216 216 216
3 3157 3151 3155  216 216 216
3 3157 3155 3158  216 216 216
3 3160 3161 3162  216 216 216
3 3161 3160 3163  216 216 216
3 3161 3163 3141  216 216 216
3 3161 3141 3146  216 216 216
3 3161 3146 3159  216 216 216
3 3161 3159 3162  216 216 216
3 3149 3154 3150  216 216 216
3 3126 3125 3137  216 216 216
3 3126 3137 3136  216 216 216
3 3126 3136 3127  216 216 216
3 3160 3128 3163  216 216 216
3 3163 3127 3142  216 216 216
3 3163 3142 3141  216 216 216
3 3156 3162 3159  216 216 216
3 3145 3159 3146  216 216 216
3 3152 3158 3155  216 216 216
3 3150 3155 3151  216 216 216
3 3163 3128 3127  216 216 216
3 3051 3053 3144  216 216 216
3 3145 3144 3151  216 216 216
3 3077 3082 3140  216 216 216
3 3141 3140 3146  216 216 216
3 3106 3105 3135  216 216 216
3 3136 3135 3142  216 216 216
3 3136 3142 3127  216 216 216
3 3033 3038 3131  216 216 216
3 3132 3131 3137  216 216 216
3 3132 3137 3125  216 216 216
3 3132 3125 3130  216 216 216
3 3124 3130 3125  216 216 216
3 3149 2998 3154  216 216 216
3 2998 2997 3154  216 216 216
3 2997 3001 3154  216 216 216
3 3001 3026 3154  216 216 216
3 3164 3165 3026  216 216 216
3 3165 3154 3026  216 216 216
3 3165 3164 3166  216 216 216
3 3165 3166 3167  216 216 216
3 3164 3168 3166  216 216 216
3 3169 3170 3171  216 216 216
3 3169 3172 3170  216 216 216
3 3170 3172 3173  216 216 216
3 3170 3173 3174  216 216 216
3 3170 3174 3175  216 216 216
3 3170 3175 3166  216 216 216
3 3170 3166 3171  216 216 216
3 3172 3176 3173  216 216 216
3 3177 3178 3179  216 216 216
3 3177 3180 3178  216 216 216
3 3178 3180 3181  216 216 216
3 3178 3181 3182  216 216 216
3 3178 3182 3183  216 216 216
3 3178 3183 3173  216 216 216
3 3178 3173 3179  216 216 216
3 3180 3184 3181  216 216 216
3 3185 3186 3187  216 216 216
3 3186 3185 3188  216 216 216
3 3186 3188 3189  216 216 216
3 3186 3189 3190  216 216 216
3 3186 3190 3181  216 216 216
3 3186 3181 3187  216 216 216
3 3185 3191 3188  216 216 216
3 3192 3193 3194  216 216 216
3 3192 3195 3193  216 216 216
3 3195 3196 3193  216 216 216
3 3197 3198 3196  216 216 216
3 3196 3198 3193  216 216 216
3 3189 3188 3199  216 216 216
3 3190 3200 3181  216 216 216
3 3200 3182 3181  216 216 216
3 3183 3174 3173  216 216 216
3 3175 3167 3166  216 216 216
3 3191 3194 3188  216 216 216
3 3198 3199 3193  216 216 216
3 3184 3187 3181  216 216 216
3 3176 3179 3173  216 216 216
3 3168 3171 3166  216 216 216
3 3188 3194 3193  216 216 216
3 3188 3193 3199  216 216 216
3 3196 3020 3197  216 216 216
3 3020 3017 3197  216 216 216
3 3197 3017 3201  216 216 216
3 3017 2978 3201  216 216 216
3 3202 3201 2980  216 216 216
3 3201 2978 2980  216 216 216
3 3203 3204 3205  216 216 216
3 3203 3206 3204  216 216 216
3 3204 3206 3207  216 216 216
3 3204 3207 3208  216 216 216
3 3204 3208 3205  216 216 216
3 3209 3210 3211  216 216 216
3 3210 3209 3212  216 216 216
3 3210 3212 3213  216 216 216
3 3210 3213 3214  216 216 216
3 3210 3214 3215  216 216 216
3 3210 3215 3211  216 216 216
3 3216 3217 3218  216 216 216
3 3219 3220 3216  216 216 216
3 3220 3219 3221  216 216 216
3 3220 3221 3222  216 216 216
3 3220 3222 3223  216 216 216
3 3220 3223 3224  216 216 216
3 3220 3224 3216  216 216 216
3 3202 3065 3201  216 216 216
3 3065 3064 3201  216 216 216
3 3058 3225 3064  216 216 216
3 3225 3058 3226  216 216 216
3 3225 3226 3227  216 216 216
3 3225 3227 3064  216 216 216
3 3228 3229 3062  216 216 216
3 3228 3089 3229  216 216 216
3 3089 3081 3229  216 216 216
3 3229 3081 3230  216 216 216
3 3229 3230 3223  216 216 216
3 3229 3223 3222  216 216 216
3 3229 3222 3226  216 216 216
3 3229 3226 3062  216 216 216
3 3087 3231 3080  216 216 216
3 3087 3232 3231  216 216 216
3 3232 3099 3231  216 216 216
3 3099 3101 3231  216 216 216
3 3231 3101 3233  216 216 216
3 3231 3233 3234  216 216 216
3 3231 3234 3235  216 216 216
3 3231 3235 3230  216 216 216
3 3231 3230 3080  216 216 216
3 3121 3236 3107  216 216 216
3 3121 3237 3236  216 216 216
3 3237 3027 3236  216 216 216
3 3236 3027 3238  216 216 216
3 3236 3238 3214  216 216 216
3 3236 3214 3213  216 216 216
3 3236 3213 3233  216 216 216
3 3236 3233 3107  216 216 216
3 3034 3239 3029  216 216 216
3 3034 3049 3239  216 216 216
3 3049 3205 3239  216 216 216
3 3219 3201 3221  216 216 216
3 3027 3029 3238  216 216 216
3 3238 3239 3240  216 216 216
3 3238 3240 3214  216 216 216
3 3101 3107 3233  216 216 216
3 3234 3233 3213  216 216 216
3 3234 3213 3212  216 216 216
3 3234 3212 3217  216 216 216
3 3234 3217 3235  216 216 216
3 3081 3080 3230  216 216 216
3 3223 3230 3235  216 216 216
3 3223 3235 3224  216 216 216
3 3058 3062 3226  216 216 216
3 3227 3226 3222  216 216 216
3 3227 3222 3221  216 216 216
3 3227 3221 3064  216 216 216
3 3201 3064 3221  216 216 216
3 3029 3239 3238  216 216 216
3 3217 3216 3224  216 216 216
3 3217 3224 3235  216 216 216
3 3209 3218 3212  216 216 216
3 3218 3217 3212  216 216 216
3 3206 3211 3207  216 216 216
3 3214 3240 3215  216 216 216
3 3239 3205 3208  216 216 216
3 3239 3208 3240  216 216 216
3 3240 3208 3207  216 216 216
3 3240 3207 3215  216 216 216
3 3207 3211 3215  216 216 216
3 3075 3139 3241  216 216 216
3 3111 3242 3139  216 216 216
3 3242 3243 3139  216 216 216
3 3243 3241 3139  216 216 216
3 3099 3232 3244  216 216 216
3 3087 3245 3232  216 216 216
3 3245 3244 3232  216 216 216
3 3051 3147 3246  216 216 216
3 3097 3247 3147  216 216 216
3 3247 3248 3147  216 216 216
3 3248 3246 3147  216 216 216
3 3089 3228 3249  216 216 216
3 3062 3250 3228  216 216 216
3 3250 3251 3228  216 216 216
3 3251 3249 3228  216 216 216
3 3113 3133 3252  216 216 216
3 3038 3253 3133  216 216 216
3 3253 3254 3133  216 216 216
3 3254 3252 3133  216 216 216
3 3049 3255 3205  216 216 216
3 3255 3256 3205  216 216 216
3 3256 3257 3205  216 216 216
3 3257 3258 3205  216 216 216
3 3041 3130 3259  216 216 216
3 3260 3261 3130  216 216 216
3 3261 3262 3130  216 216 216
3 3262 3259 3130  216 216 216
3 3001 2997 3263  216 216 216
3 2997 3264 3263  216 216 216
3 3065 3202 3265  216 216 216
3 2980 3266 3202  216 216 216
3 3266 3265 3202  216 216 216
3 3020 3196 3267  216 216 216
3 3195 3268 3196  216 216 216
3 3192 3269 3195  216 216 216
3 3194 3270 3192  216 216 216
3 3191 3271 3194  216 216 216
3 3271 3191 3272  216 216 216
3 3187 3273 3185  216 216 216
3 3273 3187 3274  216 216 216
3 3180 3275 3184  216 216 216
3 3275 3180 3276  216 216 216
3 3179 3277 3177  216 216 216
3 3176 3278 3179  216 216 216
3 3278 3176 3279  216 216 216
3 3169 3280 3172  216 216 216
3 3280 3169 3281  216 216 216
3 3169 3171 3281  216 216 216
3 3164 3282 3168  216 216 216
3 3026 3283 3164  216 216 216
3 3283 3284 3164  216 216 216
3 3284 3282 3164  216 216 216
3 3282 3281 3168  216 216 216
3 3280 3279 3172  216 216 216
3 3172 3279 3176  216 216 216
3 3278 3285 3179  216 216 216
3 3285 3277 3179  216 216 216
3 3277 3276 3177  216 216 216
3 3177 3276 3180  216 216 216
3 3275 3274 3184  216 216 216
3 3184 3274 3187  216 216 216
3 3273 3272 3185  216 216 216
3 3185 3272 3191  216 216 216
3 3271 3286 3194  216 216 216
3 3286 3270 3194  216 216 216
3 3270 3287 3192  216 216 216
3 3287 3269 3192  216 216 216
3 3269 3288 3195  216 216 216
3 3288 3268 3195  216 216 216
3 3268 3289 3196  216 216 216
3 3289 3267 3196  216 216 216
3 3168 3281 3171  216 216 216
3 3290 3291 3292  216 216 216
3 3293 3294 3295  216 216 216
3 3294 3293 3296  216 216 216
3 3297 3298 3299  216 216 216
3 3298 3297 3300  216 216 216
3 3301 3302 3303  216 216 216
3 3302 3301 3304  216 216 216
3 3305 3306 3307  216 216 216
3 3306 3305 3308  216 216 216
3 3309 3310 3311  216 216 216
3 3312 3313 3309  216 216 216
3 3313 3310 3309  216 216 216
3 3310 3314 3311  216 216 216
3 3314 3315 3311  216 216 216
3 3315 3308 3311  216 216 216
3 3311 3308 3305  216 216 216
3 3306 3316 3307  216 216 216
3 3316 3304 3307  216 216 216
3 3307 3304 3301  216 216 216
3 3302 3317 3303  216 216 216
3 3317 3300 3303  216 216 216
3 3303 3300 3297  216 216 216
3 3298 3296 3299  216 216 216
3 3299 3296 3293  216 216 216
3 3294 3292 3295  216 216 216
3 3295 3292 3291  216 216 216
3 3318 3319 3320  216 216 216
3 3320 3319 3321  216 216 216
3 3322 3323 3324  216 216 216
3 3323 3322 3325  216 216 216
3 3326 3327 3328  216 216 216
3 3327 3326 3329  216 216 216
3 3330 3331 3332  216 216 216
3 3331 3330 3333  216 216 216
3 3334 3335 3336  216 216 216
3 3337 3338 3334  216 216 216
3 3338 3335 3334  216 216 216
3 3335 3333 3336  216 216 216
3 3336 3333 3330  216 216 216
3 3331 3329 3332  216 216 216
3 3332 3329 3326  216 216 216
3 3327 3325 3328  216 216 216
3 3328 3325 3322  216 216 216
3 3323 3321 3324  216 216 216
3 3324 3321 3319  216 216 216
3 3339 3340 3341  216 216 216
3 3340 3342 3341  216 216 216
3 3342 3343 3341  216 216 216
3 3343 3344 3341  216 216 216
3 3344 3345 3341  216 216 216
3 3341 3345 3346  216 216 216
3 3341 3346 3347  216 216 216
3 3345 3348 3346  216 216 216
3 3348 3349 3346  216 216 216
3 3350 3346 3351  216 216 216
3 3346 3352 3347  216 216 216
3 3353 3354 3352  216 216 216
3 3354 3355 3352  216 216 216
3 3355 3356 3352  216 216 216
3 3356 3357 3352  216 216 216
3 3357 3358 3352  216 216 216
3 3352 3358 3347  216 216 216
3 3358 3359 3347  216 216 216
3 3359 3360 3347  216 216 216
3 3361 3347 3362  216 216 216
3 3347 3360 3362  216 216 216
3 3351 3346 3349  216 216 216
3 3363 3364 3365  216 216 216
3 3364 3366 3365  216 216 216
3 3366 3367 3365  216 216 216
3 3367 3368 3365  216 216 216
3 3368 3369 3365  216 216 216
3 3369 3370 3365  216 216 216
3 3365 3370 3371  216 216 216
3 3365 3371 3372  216 216 216
3 3370 3373 3371  216 216 216
3 3374 3371 3375  216 216 216
3 3371 3376 3372  216 216 216
3 3377 3378 3376  216 216 216
3 3378 3379 3376  216 216 216
3 3379 3380 3376  216 216 216
3 3380 3381 3376  216 216 216
3 3381 3382 3376  216 216 216
3 3382 3383 3376  216 216 216
3 3376 3383 3372  216 216 216
3 3383 3384 3372  216 216 216
3 3385 3372 3386  216 216 216
3 3372 3384 3386  216 216 216
3 3375 3371 3373  216 216 216
3 3387 3388 3389  216 216 216
3 3388 3390 3389  216 216 216
3 3390 3391 3389  216 216 216
3 3391 3392 3389  216 216 216
3 3389 3392 3393  216 216 216
3 3389 3393 3394  216 216 216
3 3389 3394 3395  216 216 216
3 3392 3396 3393  216 216 216
3 3396 3397 3393  216 216 216
3 3397 3398 3393  216 216 216
3 3399 3393 3400  216 216 216
3 3401 3402 3394  216 216 216
3 3402 3403 3394  216 216 216
3 3403 3404 3394  216 216 216
3 3404 3405 3394  216 216 216
3 3405 3406 3394  216 216 216
3 3394 3406 3395  216 216 216
3 3406 3407 3395  216 216 216
3 3407 3408 3395  216 216 216
3 3409 3395 3410  216 216 216
3 3393 3398 3400  216 216 216
3 3410 3395 3408  216 216 216
3 3124 3411 3130  216 216 216
3 3124 3412 3411  216 216 216
3 3411 3412 3413  216 216 216
3 3411 3413 3414  216 216 216
3 3411 3414 3130  216 216 216
3 3415 3416 3417  216 216 216
3 3416 3415 3418  216 216 216
3 3416 3418 3419  216 216 216
3 3416 3419 3420  216 216 216
3 3416 3420 3421  216 216 216
3 3416 3421 3417  216 216 216
3 3422 3423 3424  216 216 216
3 3423 3422 3425  216 216 216
3 3423 3425 3426  216 216 216
3 3423 3426 3427  216 216 216
3 3423 3427 3418  216 216 216
3 3423 3418 3424  216 216 216
3 3428 3429 3430  216 216 216
3 3429 3428 3431  216 216 216
3 3429 3431 3432  216 216 216
3 3429 3432 3433  216 216 216
3 3429 3433 3425  216 216 216
3 3429 3425 3430  216 216 216
3 3428 3434 3431  216 216 216
3 3401 3435 3436  216 216 216
3 3401 3394 3435  216 216 216
3 3394 3393 3435  216 216 216
3 3435 3393 3437  216 216 216
3 3435 3437 3438  216 216 216
3 3435 3438 3436  216 216 216
3 3393 3399 3437  216 216 216
3 3399 3439 3437  216 216 216
3 3365 3440 3363  216 216 216
3 3440 3365 3441  216 216 216
3 3440 3441 3433  216 216 216
3 3440 3433 3432  216 216 216
3 3440 3432 3437  216 216 216
3 3440 3437 3363  216 216 216
3 3365 3372 3441  216 216 216
3 3442 3443 3385  216 216 216
3 3442 3339 3443  216 216 216
3 3339 3341 3443  216 216 216
3 3443 3341 3444  216 216 216
3 3443 3444 3427  216 216 216
3 3443 3427 3426  216 216 216
3 3443 3426 3441  216 216 216
3 3443 3441 3385  216 216 216
3 3361 3445 3347  216 216 216
3 3361 3446 3445  216 216 216
3 3446 3447 3445  216 216 216
3 3445 3447 3448  216 216 216
3 3445 3448 3420  216 216 216
3 3445 3420 3419  216 216 216
3 3445 3419 3444  216 216 216
3 3445 3444 3347  216 216 216
3 3447 3449 3448  216 216 216
3 3260 3450 3451  216 216 216
3 3260 3130 3450  216 216 216
3 3449 3451 3448  216 216 216
3 3448 3450 3452  216 216 216
3 3448 3452 3420  216 216 216
3 3341 3347 3444  216 216 216
3 3427 3444 3419  216 216 216
3 3427 3419 3418  216 216 216
3 3372 3385 3441  216 216 216
3 3433 3441 3426  216 216 216
3 3433 3426 3425  216 216 216
3 3439 3363 3437  216 216 216
3 3438 3437 3432  216 216 216
3 3438 3432 3431  216 216 216
3 3438 3431 3436  216 216 216
3 3434 3436 3431  216 216 216
3 3451 3450 3448  216 216 216
3 3422 3430 3425  216 216 216
3 3415 3424 3418  216 216 216
3 3412 3417 3413  216 216 216
3 3420 3452 3421  216 216 216
3 3450 3130 3414  216 216 216
3 3450 3414 3452  216 216 216
3 3452 3414 3413  216 216 216
3 3452 3413 3421  216 216 216
3 3413 3417 3421  216 216 216
3 3258 3453 3454  216 216 216
3 3453 3455 3454  216 216 216
3 3455 3456 3454  216 216 216
3 3456 3457 3454  216 216 216
3 3454 3457 3451  216 216 216
3 3454 3451 3449  216 216 216
3 3454 3449 3458  216 216 216
3 3457 3459 3451  216 216 216
3 3459 3460 3451  216 216 216
3 3460 3461 3451  216 216 216
3 3260 3451 3462  216 216 216
3 3447 3463 3449  216 216 216
3 3463 3464 3449  216 216 216
3 3464 3465 3449  216 216 216
3 3465 3466 3449  216 216 216
3 3466 3467 3449  216 216 216
3 3449 3467 3458  216 216 216
3 3467 3468 3458  216 216 216
3 3468 3469 3458  216 216 216
3 3470 3458 3471  216 216 216
3 3471 3458 3469  216 216 216
3 3451 3461 3462  216 216 216
3 3436 3434 3320  216 216 216
3 3472 3312 3434  216 216 216
3 3472 3473 3312  216 216 216
3 3312 3309 3434  216 216 216
3 3309 3318 3434  216 216 216
3 3318 3320 3434  216 216 216
3 3474 3475 3476  216 216 216
3 3476 3475 3477  216 216 216
3 3476 3477 3478  216 216 216
3 3475 3479 3477  216 216 216
3 3480 3481 3482  216 216 216
3 3480 3483 3481  216 216 216
3 3481 3483 3484  216 216 216
3 3481 3484 3485  216 216 216
3 3481 3485 3486  216 216 216
3 3481 3486 3477  216 216 216
3 3481 3477 3482  216 216 216
3 3487 3488 3489  216 216 216
3 3487 3490 3488  216 216 216
3 3488 3490 3491  216 216 216
3 3488 3491 3492  216 216 216
3 3488 3492 3493  216 216 216
3 3488 3493 3494  216 216 216
3 3488 3494 3484  216 216 216
3 3488 3484 3489  216 216 216
3 3490 3495 3491  216 216 216
3 3496 3497 3498  216 216 216
3 3496 3499 3497  216 216 216
3 3497 3499 3500  216 216 216
3 3497 3500 3501  216 216 216
3 3497 3501 3502  216 216 216
3 3497 3502 3491  216 216 216
3 3497 3491 3498  216 216 216
3 3499 3503 3500  216 216 216
3 3504 3505 3506  216 216 216
3 3504 3473 3505  216 216 216
3 3473 3472 3505  216 216 216
3 3472 3507 3505  216 216 216
3 3507 3508 3505  216 216 216
3 3505 3508 3500  216 216 216
3 3505 3500 3506  216 216 216
3 3502 3492 3491  216 216 216
3 3494 3485 3484  216 216 216
3 3486 3478 3477  216 216 216
3 3503 3506 3500  216 216 216
3 3501 3500 3508  216 216 216
3 3495 3498 3491  216 216 216
3 3483 3489 3484  216 216 216
3 3479 3482 3477  216 216 216
3 3474 3476 3290  216 216 216
3 3290 3476 3291  216 216 216
3 3509 3338 3510  216 216 216
3 3338 3337 3510  216 216 216
3 3337 3291 3510  216 216 216
3 3510 3291 3476  216 216 216
3 3511 3203 3512  216 216 216
3 3511 3512 3513  216 216 216
3 3511 3513 3514  216 216 216
3 3511 3514 3515  216 216 216
3 3203 3205 3512  216 216 216
3 3205 3258 3512  216 216 216
3 3458 3516 3454  216 216 216
3 3516 3458 3517  216 216 216
3 3516 3517 3518  216 216 216
3 3516 3518 3454  216 216 216
3 3458 3470 3517  216 216 216
3 3353 3519 3520  216 216 216
3 3353 3352 3519  216 216 216
3 3519 3352 3521  216 216 216
3 3519 3521 3522  216 216 216
3 3519 3522 3523  216 216 216
3 3519 3523 3517  216 216 216
3 3519 3517 3520  216 216 216
3 3352 3346 3521  216 216 216
3 3524 3525 3350  216 216 216
3 3524 3377 3525  216 216 216
3 3377 3376 3525  216 216 216
3 3525 3376 3526  216 216 216
3 3525 3526 3527  216 216 216
3 3525 3527 3528  216 216 216
3 3525 3528 3521  216 216 216
3 3525 3521 3350  216 216 216
3 3374 3529 3371  216 216 216
3 3374 3530 3529  216 216 216
3 3530 3387 3529  216 216 216
3 3529 3387 3531  216 216 216
3 3529 3531 3532  216 216 216
3 3529 3532 3533  216 216 216
3 3529 3533 3526  216 216 216
3 3529 3526 3371  216 216 216
3 3395 3534 3389  216 216 216
3 3395 3409 3534  216 216 216
3 3409 3509 3534  216 216 216
3 3509 3510 3534  216 216 216
3 3535 3536 3510  216 216 216
3 3536 3535 3537  216 216 216
3 3536 3537 3538  216 216 216
3 3536 3538 3510  216 216 216
3 3539 3540 3541  216 216 216
3 3540 3539 3542  216 216 216
3 3540 3542 3533  216 216 216
3 3540 3533 3532  216 216 216
3 3540 3532 3543  216 216 216
3 3540 3543 3541  216 216 216
3 3515 3544 3545  216 216 216
3 3544 3515 3514  216 216 216
3 3544 3514 3528  216 216 216
3 3544 3528 3527  216 216 216
3 3544 3527 3542  216 216 216
3 3544 3542 3545  216 216 216
3 3534 3510 3538  216 216 216
3 3534 3538 3546  216 216 216
3 3534 3546 3531  216 216 216
3 3534 3531 3389  216 216 216
3 3513 3512 3523  216 216 216
3 3513 3523 3522  216 216 216
3 3513 3522 3514  216 216 216
3 3528 3514 3522  216 216 216
3 3528 3522 3521  216 216 216
3 3539 3545 3542  216 216 216
3 3533 3542 3527  216 216 216
3 3533 3527 3526  216 216 216
3 3535 3541 3537  216 216 216
3 3537 3543 3546  216 216 216
3 3537 3546 3538  216 216 216
3 3537 3541 3543  216 216 216
3 3387 3389 3531  216 216 216
3 3532 3531 3546  216 216 216
3 3532 3546 3543  216 216 216
3 3376 3371 3526  216 216 216
3 3346 3350 3521  216 216 216
3 3470 3520 3517  216 216 216
3 3518 3517 3523  216 216 216
3 3518 3523 3512  216 216 216
3 3518 3512 3454  216 216 216
3 3258 3454 3512  216 216 216
3 3363 3439 3547  216 216 216
3 3399 3548 3439  216 216 216
3 3548 3549 3439  216 216 216
3 3549 3547 3439  216 216 216
3 3387 3530 3550  216 216 216
3 3374 3551 3530  216 216 216
3 3551 3552 3530  216 216 216
3 3552 3550 3530  216 216 216
3 3339 3442 3553  216 216 216
3 3385 3554 3442  216 216 216
3 3554 3555 3442  216 216 216
3 3555 3553 3442  216 216 216
3 3377 3524 3556  216 216 216
3 3350 3557 3524  216 216 216
3 3557 3556 3524  216 216 216
3 3309 3558 3318  216 216 216
3 3558 3559 3318  216 216 216
3 3401 3436 3560  216 216 216
3 3320 3561 3436  216 216 216
3 3561 3562 3436  216 216 216
3 3562 3560 3436  216 216 216
3 3312 3473 3563  216 216 216
3 3504 3564 3473  216 216 216
3 3564 3504 3565  216 216 216
3 3503 3566 3506  216 216 216
3 3503 3499 3566  216 216 216
3 3496 3567 3499  216 216 216
3 3567 3496 3568  216 216 216
3 3495 3569 3498  216 216 216
3 3569 3495 3570  216 216 216
3 3487 3571 3490  216 216 216
3 3571 3487 3572  216 216 216
3 3483 3573 3489  216 216 216
3 3573 3483 3574  216 216 216
3 3482 3575 3480  216 216 216
3 3479 3576 3482  216 216 216
3 3475 3577 3479  216 216 216
3 3474 3578 3475  216 216 216
3 3290 3579 3474  216 216 216
3 3579 3580 3474  216 216 216
3 3580 3578 3474  216 216 216
3 3578 3581 3475  216 216 216
3 3581 3577 3475  216 216 216
3 3577 3582 3479  216 216 216
3 3582 3576 3479  216 216 216
3 3576 3583 3482  216 216 216
3 3583 3575 3482  216 216 216
3 3575 3574 3480  216 216 216
3 3480 3574 3483  216 216 216
3 3573 3572 3489  216 216 216
3 3489 3572 3487  216 216 216
3 3571 3570 3490  216 216 216
3 3490 3570 3495  216 216 216
3 3569 3568 3498  216 216 216
3 3498 3568 3496  216 216 216
3 3567 3584 3499  216 216 216
3 3584 3566 3499  216 216 216
3 3566 3565 3506  216 216 216
3 3506 3565 3504  216 216 216
3 3564 3585 3473  216 216 216
3 3585 3563 3473  216 216 216
3 3353 3520 3586  216 216 216
3 3470 3587 3520  216 216 216
3 3587 3586 3520  216 216 216
3 3447 3446 3588  216 216 216
3 3361 3589 3446  216 216 216
3 3589 3590 3446  216 216 216
3 3590 3588 3446  216 216 216
3 3591 3592 3593  216 216 216
3 3592 3594 3593  216 216 216
3 3595 3596 3291  216 216 216
3 3596 3595 3597  216 216 216
3 3337 3598 3599  216 216 216
3 3337 3334 3598  216 216 216
3 3598 3334 3600  216 216 216
3 3330 3601 3336  216 216 216
3 3601 3330 3602  216 216 216
3 3326 3603 3332  216 216 216
3 3603 3326 3604  216 216 216
3 3322 3605 3328  216 216 216
3 3605 3322 3606  216 216 216
3 3319 3607 3324  216 216 216
3 3607 3319 3608  216 216 216
3 3559 3591 3318  216 216 216
3 3591 3559 3592  216 216 216
3 3309 3594 3558  216 216 216
3 3594 3309 3593  216 216 216
3 3305 3609 3311  216 216 216
3 3609 3305 3610  216 216 216
3 3301 3611 3307  216 216 216
3 3611 3301 3612  216 216 216
3 3297 3613 3303  216 216 216
3 3613 3297 3614  216 216 216
3 3293 3615 3299  216 216 216
3 3615 3293 3616  216 216 216
3 3291 3617 3295  216 216 216
3 3591 3608 3318  216 216 216
3 3318 3608 3319  216 216 216
3 3607 3606 3324  216 216 216
3 3324 3606 3322  216 216 216
3 3605 3604 3328  216 216 216
3 3328 3604 3326  216 216 216
3 3603 3602 3332  216 216 216
3 3332 3602 3330  216 216 216
3 3601 3600 3336  216 216 216
3 3336 3600 3334  216 216 216
3 3598 3597 3599  216 216 216
3 3599 3597 3595  216 216 216
3 3596 3617 3291  216 216 216
3 3617 3616 3295  216 216 216
3 3295 3616 3293  216 216 216
3 3615 3614 3299  216 216 216
3 3299 3614 3297  216 216 216
3 3613 3612 3303  216 216 216
3 3303 3612 3301  216 216 216
3 3611 3610 3307  216 216 216
3 3307 3610 3305  216 216 216
3 3609 3593 3311  216 216 216
3 3311 3593 3309  216 216 216
3 3594 3592 3558  216 216 216
3 3558 3592 3559  216 216 216
3 3291 3337 3595  216 216 216
3 3337 3599 3595  216 216 216
3 3618 3619 3620  216 216 216
3 3618 3620 3621  216 216 216
3 3618 3621 3622  216 216 216
3 3619 3623 3620  216 216 216
3 3623 3624 3620  216 216 216
3 3624 3625 3620  216 216 216
3 3626 3627 3628  216 216 216
3 3627 3626 3629  216 216 216
3 3627 3629 3630  216 216 216
3 3627 3630 3631  216 216 216
3 3627 3631 3632  216 216 216
3 3627 3632 3633  216 216 216
3 3627 3633 3634  216 216 216
3 3627 3634 3635  216 216 216
3 3627 3635 3636  216 216 216
3 3627 3636 3637  216 216 216
3 3638 3639 3640  216 216 216
3 3639 3638 3641  216 216 216
3 3642 3643 3644  216 216 216
3 3643 3642 3645  216 216 216
3 3646 3647 3648  216 216 216
3 3646 3649 3647  216 216 216
3 3649 3650 3647  216 216 216
3 3650 3651 3647  216 216 216
3 3651 3652 3647  216 216 216
3 3647 3652 3653  216 216 216
3 3652 3654 3653  216 216 216
3 3654 3655 3653  216 216 216
3 3656 3621 3657  216 216 216
3 3656 3658 3621  216 216 216
3 3658 3659 3621  216 216 216
3 3659 3622 3621  216 216 216
3 3660 3661 3662  216 216 216
3 3660 3662 3663  216 216 216
3 3660 3663 3664  216 216 216
3 3661 3665 3662  216 216 216
3 3665 3666 3662  216 216 216
3 3666 3667 3662  216 216 216
3 3668 3669 3670  216 216 216
3 3669 3668 3671  216 216 216
3 3669 3671 3672  216 216 216
3 3669 3672 3673  216 216 216
3 3669 3673 3674  216 216 216
3 3669 3674 3675  216 216 216
3 3669 3675 3676  216 216 216
3 3669 3676 3677  216 216 216
3 3669 3677 3678  216 216 216
3 3679 3680 3681  216 216 216
3 3682 3683 3679  216 216 216
3 3682 3684 3683  216 216 216
3 3684 3685 3683  216 216 216
3 3685 3686 3683  216 216 216
3 3686 3687 3683  216 216 216
3 3687 3688 3683  216 216 216
3 3683 3688 3689  216 216 216
3 3688 3690 3689  216 216 216
3 3690 3691 3689  216 216 216
3 3691 3692 3689  216 216 216
3 3692 3693 3689  216 216 216
3 3694 3663 3695  216 216 216
3 3694 3696 3663  216 216 216
3 3696 3697 3663  216 216 216
3 3697 3664 3663  216 216 216
3 3677 3698 3678  216 216 216
3 3698 3699 3678  216 216 216
3 3699 3700 3678  216 216 216
3 3700 3701 3678  216 216 216
3 3701 3702 3678  216 216 216
3 3703 3704 3702  216 216 216
3 3703 3705 3704  216 216 216
3 3705 3706 3704  216 216 216
3 3706 3707 3704  216 216 216
3 3707 3708 3704  216 216 216
3 3708 3709 3704  216 216 216
3 3704 3709 3710  216 216 216
3 3709 3711 3710  216 216 216
3 3711 3712 3710  216 216 216
3 3712 3713 3710  216 216 216
3 3713 3714 3710  216 216 216
3 3714 3715 3710  216 216 216
3 3680 3671 3681  216 216 216
3 3716 3717 3718  216 216 216
3 3716 3718 3719  216 216 216
3 3716 3719 3720  216 216 216
3 3717 3721 3718  216 216 216
3 3721 3722 3718  216 216 216
3 3722 3723 3718  216 216 216
3 3723 3724 3718  216 216 216
3 3725 3726 3727  216 216 216
3 3728 3729 3725  216 216 216
3 3728 3730 3729  216 216 216
3 3730 3731 3729  216 216 216
3 3731 3732 3729  216 216 216
3 3732 3733 3729  216 216 216
3 3733 3734 3729  216 216 216
3 3729 3734 3735  216 216 216
3 3734 3736 3735  216 216 216
3 3736 3737 3735  216 216 216
3 3737 3738 3735  216 216 216
3 3738 3739 3735  216 216 216
3 3739 3740 3735  216 216 216
3 3741 3719 3742  216 216 216
3 3741 3743 3719  216 216 216
3 3743 3744 3719  216 216 216
3 3744 3720 3719  216 216 216
3 3745 3702 3746  216 216 216
3 3702 3745 3678  216 216 216
3 3745 3747 3678  216 216 216
3 3747 3748 3678  216 216 216
3 3749 3750 3751  216 216 216
3 3749 3752 3750  216 216 216
3 3752 3753 3750  216 216 216
3 3753 3754 3750  216 216 216
3 3754 3755 3750  216 216 216
3 3750 3755 3756  216 216 216
3 3755 3757 3756  216 216 216
3 3758 3759 3760  216 216 216
3 3759 3758 3761  216 216 216
3 3759 3761 3762  216 216 216
3 3758 3763 3761  216 216 216
3 3763 3764 3761  216 216 216
3 3764 3765 3761  216 216 216
3 3765 3766 3761  216 216 216
3 3767 3768 3769  216 216 216
3 3767 3770 3768  216 216 216
3 3770 3771 3768  216 216 216
3 3771 3772 3768  216 216 216
3 3772 3773 3768  216 216 216
3 3768 3773 3704  216 216 216
3 3773 3774 3704  216 216 216
3 3775 3776 3777  216 216 216
3 3775 3778 3776  216 216 216
3 3778 3779 3776  216 216 216
3 3779 3780 3776  216 216 216
3 3780 3781 3776  216 216 216
3 3782 3783 3781  216 216 216
3 3782 3784 3783  216 216 216
3 3784 3785 3783  216 216 216
3 3785 3786 3783  216 216 216
3 3786 3787 3783  216 216 216
3 3783 3787 3788  216 216 216
3 3787 3789 3788  216 216 216
3 3789 3790 3788  216 216 216
3 3790 3791 3788  216 216 216
3 3792 3761 3793  216 216 216
3 3792 3794 3761  216 216 216
3 3794 3795 3761  216 216 216
3 3795 3762 3761  216 216 216
3 3760 3759 3756  216 216 216
3 3760 3756 3757  216 216 216
3 3759 3796 3756  216 216 216
3 3796 3797 3756  216 216 216
3 3797 3798 3756  216 216 216
3 3798 3799 3756  216 216 216
3 3800 3801 3802  216 216 216
3 3800 3802 3803  216 216 216
3 3804 3621 3805  216 216 216
3 3804 3806 3621  216 216 216
3 3806 3807 3621  216 216 216
3 3807 3808 3621  216 216 216
3 3808 3809 3621  216 216 216
3 3810 3653 3809  216 216 216
3 3810 3811 3653  216 216 216
3 3811 3812 3653  216 216 216
3 3812 3813 3653  216 216 216
3 3813 3814 3653  216 216 216
3 3653 3814 3815  216 216 216
3 3814 3816 3815  216 216 216
3 3816 3817 3815  216 216 216
3 3817 3818 3815  216 216 216
3 3818 3819 3815  216 216 216
3 3819 3820 3815  216 216 216
3 3726 3725 3821  216 216 216
3 3726 3822 3727  216 216 216
3 3727 3822 3718  216 216 216
3 3727 3718 3724  216 216 216
3 3823 3802 3824  216 216 216
3 3823 3803 3802  216 216 216
3 3825 3735 3826  216 216 216
3 3825 3827 3735  216 216 216
3 3735 3827 3828  216 216 216
3 3827 3829 3828  216 216 216
3 3829 3830 3828  216 216 216
3 3830 3831 3828  216 216 216
3 3831 3832 3828  216 216 216
3 3833 3783 3834  216 216 216
3 3833 3835 3783  216 216 216
3 3835 3836 3783  216 216 216
3 3836 3837 3783  216 216 216
3 3837 3838 3783  216 216 216
3 3783 3838 3781  216 216 216
3 3839 3776 3840  216 216 216
3 3839 3841 3776  216 216 216
3 3776 3841 3842  216 216 216
3 3841 3843 3842  216 216 216
3 3843 3844 3842  216 216 216
3 3844 3845 3842  216 216 216
3 3845 3846 3842  216 216 216
3 3847 3719 3848  216 216 216
3 3847 3849 3719  216 216 216
3 3849 3850 3719  216 216 216
3 3719 3850 3742  216 216 216
3 3609 3851 3593  216 216 216
3 3851 3609 3852  216 216 216
3 3611 3853 3610  216 216 216
3 3853 3611 3854  216 216 216
3 3613 3855 3612  216 216 216
3 3613 3614 3855  216 216 216
3 3855 3614 3856  216 216 216
3 3616 3857 3615  216 216 216
3 3857 3616 3858  216 216 216
3 3616 3617 3858  216 216 216
3 3597 3859 3596  216 216 216
3 3597 3598 3859  216 216 216
3 3598 3600 3859  216 216 216
3 3600 3601 3859  216 216 216
3 3601 3602 3859  216 216 216
3 3602 3603 3859  216 216 216
3 3603 3604 3859  216 216 216
3 3605 3860 3604  216 216 216
3 3860 3605 3861  216 216 216
3 3607 3862 3606  216 216 216
3 3862 3607 3863  216 216 216
3 3591 3864 3608  216 216 216
3 3689 3865 3864  216 216 216
3 3683 3710 3679  216 216 216
3 3768 3761 3769  216 216 216
3 3761 3788 3793  216 216 216
3 3783 3828 3834  216 216 216
3 3725 3729 3821  216 216 216
3 3866 3645 3647  216 216 216
3 3643 3641 3644  216 216 216
3 3644 3641 3638  216 216 216
3 3639 3629 3640  216 216 216
3 3636 3867 3637  216 216 216
3 3867 3868 3637  216 216 216
3 3637 3868 3869  216 216 216
3 3870 3871 3872  216 216 216
3 3871 3870 3873  216 216 216
3 3870 3874 3873  216 216 216
3 3875 3876 3877  216 216 216
3 3876 3875 3878  216 216 216
3 3879 3880 3881  216 216 216
3 3880 3879 3882  216 216 216
3 3883 3884 3885  216 216 216
3 3886 3887 3883  216 216 216
3 3887 3886 3888  216 216 216
3 3889 3890 3891  216 216 216
3 3889 3892 3890  216 216 216
3 3890 3888 3891  216 216 216
3 3891 3888 3886  216 216 216
3 3887 3893 3883  216 216 216
3 3893 3894 3883  216 216 216
3 3894 3895 3883  216 216 216
3 3895 3896 3883  216 216 216
3 3896 3897 3883  216 216 216
3 3897 3898 3883  216 216 216
3 3898 3884 3883  216 216 216
3 3884 3882 3885  216 216 216
3 3885 3882 3879  216 216 216
3 3880 3878 3881  216 216 216
3 3881 3878 3875  216 216 216
3 3876 3873 3877  216 216 216
3 3871 3869 3872  216 216 216
3 3872 3869 3868  216 216 216
3 3627 3620 3628  216 216 216
3 3621 3802 3805  216 216 216
3 3802 3718 3824  216 216 216
3 3719 3842 3848  216 216 216
3 3776 3756 3777  216 216 216
3 3750 3678 3751  216 216 216
3 3669 3662 3670  216 216 216
3 3899 3900 3663  216 216 216
3 3859 3901 3899  216 216 216
3 3859 3858 3596  216 216 216
3 3857 3856 3615  216 216 216
3 3615 3856 3614  216 216 216
3 3855 3854 3612  216 216 216
3 3612 3854 3611  216 216 216
3 3853 3852 3610  216 216 216
3 3610 3852 3609  216 216 216
3 3851 3902 3593  216 216 216
3 3593 3902 3903  216 216 216
3 3902 3904 3903  216 216 216
3 3904 3905 3903  216 216 216
3 3905 3906 3903  216 216 216
3 3906 3907 3903  216 216 216
3 3907 3908 3903  216 216 216
3 3908 3909 3903  216 216 216
3 3910 3911 3912  216 216 216
3 3911 3910 3913  216 216 216
3 3914 3915 3916  216 216 216
3 3915 3913 3916  216 216 216
3 3916 3913 3910  216 216 216
3 3911 3903 3912  216 216 216
3 3860 3917 3604  216 216 216
3 3604 3917 3859  216 216 216
3 3901 3918 3899  216 216 216
3 3918 3919 3899  216 216 216
3 3919 3920 3899  216 216 216
3 3920 3921 3899  216 216 216
3 3921 3900 3899  216 216 216
3 3900 3922 3663  216 216 216
3 3922 3923 3663  216 216 216
3 3923 3924 3663  216 216 216
3 3924 3925 3663  216 216 216
3 3925 3926 3663  216 216 216
3 3927 3689 3926  216 216 216
3 3927 3928 3689  216 216 216
3 3928 3865 3689  216 216 216
3 3865 3929 3864  216 216 216
3 3929 3930 3864  216 216 216
3 3930 3931 3864  216 216 216
3 3931 3932 3864  216 216 216
3 3932 3933 3864  216 216 216
3 3864 3933 3608  216 216 216
3 3862 3861 3606  216 216 216
3 3606 3861 3605  216 216 216
3 3788 3791 3793  216 216 216
3 3834 3828 3832  216 216 216
3 3820 3821 3815  216 216 216
3 3663 3926 3695  216 216 216
3 3693 3695 3689  216 216 216
3 3621 3809 3657  216 216 216
3 3655 3657 3653  216 216 216
3 3901 3859 3917  216 216 216
3 3640 3629 3626  216 216 216
3 3842 3846 3848  216 216 216
3 3903 3909 3912  216 216 216
3 3653 3657 3809  216 216 216
3 3620 3625 3628  216 216 216
3 3740 3742 3735  216 216 216
3 3850 3826 3742  216 216 216
3 3742 3826 3735  216 216 216
3 3815 3821 3729  216 216 216
3 3824 3718 3822  216 216 216
3 3802 3801 3805  216 216 216
3 3642 3648 3645  216 216 216
3 3645 3648 3647  216 216 216
3 3774 3746 3704  216 216 216
3 3704 3746 3702  216 216 216
3 3715 3680 3710  216 216 216
3 3710 3680 3679  216 216 216
3 3681 3671 3668  216 216 216
3 3670 3662 3667  216 216 216
3 3689 3695 3926  216 216 216
3 3933 3863 3608  216 216 216
3 3608 3863 3607  216 216 216
3 3678 3748 3751  216 216 216
3 3769 3761 3766  216 216 216
3 3756 3799 3777  216 216 216
3 3838 3840 3781  216 216 216
3 3781 3840 3776  216 216 216
3 3858 3617 3596  216 216 216
3 3873 3874 3877  216 216 216
3 3934 3920 3338  216 216 216
3 3920 3934 3921  216 216 216
3 3409 3900 3935  216 216 216
3 3900 3409 3922  216 216 216
3 3408 3923 3410  216 216 216
3 3923 3408 3924  216 216 216
3 3406 3925 3407  216 216 216
3 3925 3406 3926  216 216 216
3 3404 3927 3405  216 216 216
3 3927 3404 3928  216 216 216
3 3402 3865 3403  216 216 216
3 3865 3402 3929  216 216 216
3 3560 3930 3401  216 216 216
3 3930 3560 3931  216 216 216
3 3561 3932 3562  216 216 216
3 3932 3561 3933  216 216 216
3 3321 3863 3320  216 216 216
3 3863 3321 3862  216 216 216
3 3325 3861 3323  216 216 216
3 3325 3327 3861  216 216 216
3 3861 3327 3860  216 216 216
3 3331 3917 3329  216 216 216
3 3917 3331 3901  216 216 216
3 3335 3918 3333  216 216 216
3 3918 3335 3919  216 216 216
3 3861 3862 3323  216 216 216
3 3323 3862 3321  216 216 216
3 3863 3933 3320  216 216 216
3 3320 3933 3561  216 216 216
3 3932 3931 3562  216 216 216
3 3562 3931 3560  216 216 216
3 3930 3929 3401  216 216 216
3 3401 3929 3402  216 216 216
3 3865 3928 3403  216 216 216
3 3403 3928 3404  216 216 216
3 3927 3926 3405  216 216 216
3 3405 3926 3406  216 216 216
3 3925 3924 3407  216 216 216
3 3407 3924 3408  216 216 216
3 3923 3922 3410  216 216 216
3 3410 3922 3409  216 216 216
3 3900 3921 3935  216 216 216
3 3935 3921 3934  216 216 216
3 3920 3919 3338  216 216 216
3 3338 3919 3335  216 216 216
3 3918 3901 3333  216 216 216
3 3333 3901 3331  216 216 216
3 3917 3860 3329  216 216 216
3 3860 3327 3329  216 216 216
3 3409 3935 3509  216 216 216
3 3935 3934 3509  216 216 216
3 3934 3338 3509  216 216 216
3 3866 3885 3936  216 216 216
3 3885 3937 3936  216 216 216
3 2979 2978 3634  216 216 216
3 2979 3634 3633  216 216 216
3 2979 3633 2984  216 216 216
3 3938 3635 3939  216 216 216
3 3635 3938 3636  216 216 216
3 3019 3867 3017  216 216 216
3 3867 3019 3868  216 216 216
3 3015 3872 3013  216 216 216
3 3872 3015 3870  216 216 216
3 3015 3009 3870  216 216 216
3 3005 3874 3011  216 216 216
3 3007 3875 3005  216 216 216
3 3875 3007 3881  216 216 216
3 2999 3879 3002  216 216 216
3 3879 2999 3885  216 216 216
3 3263 3937 3001  216 216 216
3 3937 3263 3936  216 216 216
3 2997 3866 3264  216 216 216
3 3866 2997 3645  216 216 216
3 2996 3643 2994  216 216 216
3 3643 2996 3641  216 216 216
3 2992 3639 2990  216 216 216
3 3639 2992 3629  216 216 216
3 2988 3630 2986  216 216 216
3 3630 2988 3631  216 216 216
3 2984 3632 2982  216 216 216
3 3632 2984 3633  216 216 216
3 3879 3881 3002  216 216 216
3 3002 3881 3007  216 216 216
3 3875 3877 3005  216 216 216
3 3877 3874 3005  216 216 216
3 3874 3870 3011  216 216 216
3 3872 3868 3013  216 216 216
3 3013 3868 3019  216 216 216
3 3867 3636 3017  216 216 216
3 3017 3636 3938  216 216 216
3 3635 3634 3939  216 216 216
3 3632 3631 2982  216 216 216
3 2982 3631 2988  216 216 216
3 3630 3629 2986  216 216 216
3 2986 3629 2992  216 216 216
3 3639 3641 2990  216 216 216
3 2990 3641 2996  216 216 216
3 3643 3645 2994  216 216 216
3 2994 3645 2997  216 216 216
3 3866 3936 3264  216 216 216
3 3264 3936 3263  216 216 216
3 3937 3885 3001  216 216 216
3 3939 3634 2978  216 216 216
3 3011 3870 3009  216 216 216
3 3001 3885 2999  216 216 216
3 3017 3938 2978  216 216 216
3 3938 3939 2978  216 216 216
3 3265 3618 3065  216 216 216
3 3618 3265 3619  216 216 216
3 2980 3623 3266  216 216 216
3 3623 2980 3624  216 216 216
3 2983 3625 2981  216 216 216
3 3625 2983 3628  216 216 216
3 2987 3626 2985  216 216 216
3 2987 2989 3626  216 216 216
3 3626 2989 3640  216 216 216
3 2993 3638 2991  216 216 216
3 3638 2993 3644  216 216 216
3 2998 3642 2995  216 216 216
3 3642 2998 3648  216 216 216
3 3940 3646 3941  216 216 216
3 3646 3940 3649  216 216 216
3 3073 3650 3942  216 216 216
3 3650 3073 3651  216 216 216
3 3072 3652 3074  216 216 216
3 3652 3072 3654  216 216 216
3 3070 3655 3071  216 216 216
3 3655 3070 3657  216 216 216
3 3068 3656 3069  216 216 216
3 3656 3068 3658  216 216 216
3 3066 3659 3067  216 216 216
3 3659 3066 3622  216 216 216
3 3618 3622 3065  216 216 216
3 3065 3622 3066  216 216 216
3 3659 3658 3067  216 216 216
3 3067 3658 3068  216 216 216
3 3656 3657 3069  216 216 216
3 3069 3657 3070  216 216 216
3 3655 3654 3071  216 216 216
3 3071 3654 3072  216 216 216
3 3652 3651 3074  216 216 216
3 3074 3651 3073  216 216 216
3 3650 3649 3942  216 216 216
3 3942 3649 3940  216 216 216
3 3646 3648 3941  216 216 216
3 3941 3648 2998  216 216 216
3 3642 3644 2995  216 216 216
3 2995 3644 2993  216 216 216
3 3638 3640 2991  216 216 216
3 2991 3640 2989  216 216 216
3 3626 3628 2985  216 216 216
3 2985 3628 2983  216 216 216
3 3625 3624 2981  216 216 216
3 2981 3624 2980  216 216 216
3 3623 3619 3266  216 216 216
3 3266 3619 3265  216 216 216
3 3073 3942 3149  216 216 216
3 3942 3940 3149  216 216 216
3 3940 3941 3149  216 216 216
3 3941 2998 3149  216 216 216
3 3637 3943 3890  216 216 216
3 3943 3944 3890  216 216 216
3 3944 3945 3890  216 216 216
3 3945 3946 3890  216 216 216
3 3946 3947 3890  216 216 216
3 3947 3948 3890  216 216 216
3 3948 3949 3890  216 216 216
3 3950 3884 3951  216 216 216
3 3884 3950 3882  216 216 216
3 3952 3880 3953  216 216 216
3 3880 3952 3878  216 216 216
3 3954 3876 3955  216 216 216
3 3876 3954 3873  216 216 216
3 3956 3871 3957  216 216 216
3 3871 3956 3869  216 216 216
3 3958 3637 3959  216 216 216
3 3637 3958 3943  216 216 216
3 3960 3944 3961  216 216 216
3 3944 3960 3945  216 216 216
3 3962 3946 3963  216 216 216
3 3946 3962 3947  216 216 216
3 3964 3949 3965  216 216 216
3 3949 3964 3890  216 216 216
3 3966 3888 3967  216 216 216
3 3888 3966 3887  216 216 216
3 3968 3893 3969  216 216 216
3 3893 3968 3894  216 216 216
3 3970 3895 3971  216 216 216
3 3895 3970 3896  216 216 216
3 3972 3897 3973  216 216 216
3 3897 3972 3898  216 216 216
3 3637 3869 3959  216 216 216
3 3959 3869 3956  216 216 216
3 3871 3873 3957  216 216 216
3 3957 3873 3954  216 216 216
3 3876 3878 3955  216 216 216
3 3955 3878 3952  216 216 216
3 3880 3882 3953  216 216 216
3 3953 3882 3950  216 216 216
3 3884 3898 3951  216 216 216
3 3951 3898 3972  216 216 216
3 3897 3896 3973  216 216 216
3 3973 3896 3970  216 216 216
3 3895 3894 3971  216 216 216
3 3971 3894 3968  216 216 216
3 3893 3887 3969  216 216 216
3 3969 3887 3966  216 216 216
3 3888 3890 3967  216 216 216
3 3967 3890 3964  216 216 216
3 3949 3948 3965  216 216 216
3 3948 3947 3965  216 216 216
3 3965 3947 3962  216 216 216
3 3946 3945 3963  216 216 216
3 3963 3945 3960  216 216 216
3 3944 3943 3961  216 216 216
3 3961 3943 3958  216 216 216
3 3972 3974 3951  216 216 216
3 3974 3972 3975  216 216 216
3 3974 3975 3976  216 216 216
3 3974 3976 3977  216 216 216
3 3974 3977 3978  216 216 216
3 3974 3978 3951  216 216 216
3 3970 3979 3973  216 216 216
3 3979 3970 3980  216 216 216
3 3979 3980 3981  216 216 216
3 3979 3981 3982  216 216 216
3 3979 3982 3975  216 216 216
3 3979 3975 3973  216 216 216
3 3968 3983 3971  216 216 216
3 3983 3968 3984  216 216 216
3 3983 3984 3985  216 216 216
3 3983 3985 3986  216 216 216
3 3983 3986 3980  216 216 216
3 3983 3980 3971  216 216 216
3 3966 3987 3969  216 216 216
3 3987 3966 3988  216 216 216
3 3987 3988 3989  216 216 216
3 3987 3989 3990  216 216 216
3 3987 3990 3984  216 216 216
3 3987 3984 3969  216 216 216
3 3964 3991 3967  216 216 216
3 3991 3964 3992  216 216 216
3 3991 3992 3993  216 216 216
3 3991 3993 3994  216 216 216
3 3991 3994 3988  216 216 216
3 3991 3988 3967  216 216 216
3 3962 3995 3965  216 216 216
3 3995 3962 3996  216 216 216
3 3995 3996 3997  216 216 216
3 3995 3997 3998  216 216 216
3 3995 3998 3992  216 216 216
3 3995 3992 3965  216 216 216
3 3960 3999 3963  216 216 216
3 3999 3960 4000  216 216 216
3 3999 4000 4001  216 216 216
3 3999 4001 4002  216 216 216
3 3999 4002 3996  216 216 216
3 3999 3996 3963  216 216 216
3 3958 4003 3961  216 216 216
3 4003 3958 4004  216 216 216
3 4003 4004 4005  216 216 216
3 4003 4005 4006  216 216 216
3 4003 4006 4000  216 216 216
3 4003 4000 3961  216 216 216
3 3956 4007 3959  216 216 216
3 4007 3956 4008  216 216 216
3 4007 4008 4009  216 216 216
3 4007 4009 4010  216 216 216
3 4007 4010 4004  216 216 216
3 4007 4004 3959  216 216 216
3 3954 4011 3957  216 216 216
3 4011 3954 4012  216 216 216
3 4011 4012 4013  216 216 216
3 4011 4013 4014  216 216 216
3 4011 4014 4008  216 216 216
3 4011 4008 3957  216 216 216
3 3952 4015 3955  216 216 216
3 4015 3952 4016  216 216 216
3 4015 4016 4017  216 216 216
3 4015 4017 4018  216 216 216
3 4015 4018 4012  216 216 216
3 4015 4012 3955  216 216 216
3 3950 4019 3953  216 216 216
3 4019 3950 3978  216 216 216
3 4019 3978 4020  216 216 216
3 4019 4020 4021  216 216 216
3 4019 4021 4016  216 216 216
3 4019 4016 3953  216 216 216
3 4022 4021 4023  216 216 216
3 4021 4022 4017  216 216 216
3 4021 4017 4016  216 216 216
3 4024 4018 4025  216 216 216
3 4018 4024 4013  216 216 216
3 4018 4013 4012  216 216 216
3 4026 4014 4027  216 216 216
3 4014 4026 4009  216 216 216
3 4014 4009 4008  216 216 216
3 4028 4010 4029  216 216 216
3 4010 4028 4005  216 216 216
3 4010 4005 4004  216 216 216
3 4030 4006 4031  216 216 216
3 4006 4030 4001  216 216 216
3 4006 4001 4000  216 216 216
3 4032 4002 4033  216 216 216
3 4002 4032 3997  216 216 216
3 4002 3997 3996  216 216 216
3 4034 3998 4035  216 216 216
3 3998 4034 3993  216 216 216
3 3998 3993 3992  216 216 216
3 4036 3994 4037  216 216 216
3 3994 4036 3989  216 216 216
3 3994 3989 3988  216 216 216
3 4038 3990 4039  216 216 216
3 3990 4038 3985  216 216 216
3 3990 3985 3984  216 216 216
3 4040 3986 4041  216 216 216
3 3986 4040 3981  216 216 216
3 3986 3981 3980  216 216 216
3 4042 3982 4043  216 216 216
3 3982 4042 3976  216 216 216
3 3982 3976 3975  216 216 216
3 4044 3977 4045  216 216 216
3 3977 4044 4020  216 216 216
3 3977 4020 3978  216 216 216
3 4032 4035 3997  216 216 216
3 3963 3996 3962  216 216 216
3 3997 4035 3998  216 216 216
3 3965 3992 3964  216 216 216
3 4034 4037 3993  216 216 216
3 3993 4037 3994  216 216 216
3 3967 3988 3966  216 216 216
3 4036 4039 3989  216 216 216
3 3989 4039 3990  216 216 216
3 3969 3984 3968  216 216 216
3 4038 4041 3985  216 216 216
3 3985 4041 3986  216 216 216
3 3971 3980 3970  216 216 216
3 4040 4043 3981  216 216 216
3 3981 4043 3982  216 216 216
3 3973 3975 3972  216 216 216
3 4042 4045 3976  216 216 216
3 3976 4045 3977  216 216 216
3 3951 3978 3950  216 216 216
3 4044 4023 4020  216 216 216
3 4020 4023 4021  216 216 216
3 3953 4016 3952  216 216 216
3 4022 4025 4017  216 216 216
3 4017 4025 4018  216 216 216
3 3955 4012 3954  216 216 216
3 4024 4027 4013  216 216 216
3 4013 4027 4014  216 216 216
3 3957 4008 3956  216 216 216
3 4026 4029 4009  216 216 216
3 4009 4029 4010  216 216 216
3 3959 4004 3958  216 216 216
3 4028 4031 4005  216 216 216
3 4005 4031 4006  216 216 216
3 3961 4000 3960  216 216 216
3 4030 4033 4001  216 216 216
3 4001 4033 4002  216 216 216
3 4046 4047 4048  216 216 216
3 4047 4046 4049  216 216 216
3 4047 4049 4050  216 216 216
3 4047 4050 4051  216 216 216
3 4047 4051 4052  216 216 216
3 4047 4052 4048  216 216 216
3 4053 4054 4055  216 216 216
3 4054 4053 4056  216 216 216
3 4054 4056 4057  216 216 216
3 4054 4057 4058  216 216 216
3 4054 4058 4049  216 216 216
3 4054 4049 4055  216 216 216
3 4059 4060 4061  216 216 216
3 4060 4059 4062  216 216 216
3 4060 4062 4063  216 216 216
3 4060 4063 4064  216 216 216
3 4060 4064 4056  216 216 216
3 4060 4056 4061  216 216 216
3 4065 4066 4067  216 216 216
3 4066 4065 4068  216 216 216
3 4066 4068 3275  216 216 216
3 4066 3275 4069  216 216 216
3 4066 4069 4062  216 216 216
3 4066 4062 4067  216 216 216
3 4070 4071 4072  216 216 216
3 4071 4070 4073  216 216 216
3 4071 4073 3271  216 216 216
3 4071 3271 3272  216 216 216
3 4071 3272 3273  216 216 216
3 4071 3273 4068  216 216 216
3 4071 4068 4072  216 216 216
3 4074 4075 4076  216 216 216
3 4075 4074 4077  216 216 216
3 4075 4077 3269  216 216 216
3 4075 3269 3287  216 216 216
3 4075 3287 3270  216 216 216
3 4075 3270 3286  216 216 216
3 4075 3286 4073  216 216 216
3 4075 4073 4076  216 216 216
3 4078 4079 4080  216 216 216
3 4079 4078 4081  216 216 216
3 4079 4081 3018  216 216 216
3 4079 3018 3020  216 216 216
3 4079 3020 3267  216 216 216
3 4079 3267 4082  216 216 216
3 4079 4082 4080  216 216 216
3 4083 4084 4085  216 216 216
3 4084 4083 4086  216 216 216
3 4084 4086 3012  216 216 216
3 4084 3012 3014  216 216 216
3 4084 3014 3016  216 216 216
3 4084 3016 4081  216 216 216
3 4084 4081 4085  216 216 216
3 4087 4088 4089  216 216 216
3 4088 4087 4090  216 216 216
3 4088 4090 3008  216 216 216
3 4088 3008 3021  216 216 216
3 4088 3021 3010  216 216 216
3 4088 3010 4086  216 216 216
3 4088 4086 4089  216 216 216
3 4091 4092 4093  216 216 216
3 4092 4091 4094  216 216 216
3 4092 4094 3004  216 216 216
3 4092 3004 3022  216 216 216
3 4092 3022 3006  216 216 216
3 4092 3006 4090  216 216 216
3 4092 4090 4093  216 216 216
3 4095 4096 4097  216 216 216
3 4096 4095 4098  216 216 216
3 4096 4098 3024  216 216 216
3 4096 3024 3023  216 216 216
3 4096 3023 3003  216 216 216
3 4096 3003 4094  216 216 216
3 4096 4094 4097  216 216 216
3 4099 4100 4101  216 216 216
3 4100 4099 4052  216 216 216
3 4100 4052 4102  216 216 216
3 4100 4102 4103  216 216 216
3 4100 4103 3000  216 216 216
3 4100 3000 4098  216 216 216
3 4100 4098 4101  216 216 216
3 3267 3289 4082  216 216 216
3 4082 3289 4077  216 216 216
3 4082 4077 4080  216 216 216
3 3289 3268 4077  216 216 216
3 3268 3288 4077  216 216 216
3 3286 3271 4073  216 216 216
3 3273 3274 4068  216 216 216
3 3274 3275 4068  216 216 216
3 3275 3276 4069  216 216 216
3 4069 3276 4063  216 216 216
3 4069 4063 4062  216 216 216
3 3276 3277 4063  216 216 216
3 3278 4064 3285  216 216 216
3 4064 3278 4057  216 216 216
3 4064 4057 4056  216 216 216
3 3280 4058 3279  216 216 216
3 3280 3281 4058  216 216 216
3 4058 3281 4050  216 216 216
3 4058 4050 4049  216 216 216
3 3284 4051 3282  216 216 216
3 3284 3283 4051  216 216 216
3 4051 3283 4102  216 216 216
3 4051 4102 4052  216 216 216
3 3025 4103 3026  216 216 216
3 3025 3000 4103  216 216 216
3 3000 3024 4098  216 216 216
3 3003 3004 4094  216 216 216
3 3006 3008 4090  216 216 216
3 3010 3012 4086  216 216 216
3 3016 3018 4081  216 216 216
3 4074 4080 4077  216 216 216
3 3285 4064 4063  216 216 216
3 3285 4063 3277  216 216 216
3 3279 4058 4057  216 216 216
3 3279 4057 3278  216 216 216
3 3282 4051 4050  216 216 216
3 3282 4050 3281  216 216 216
3 3026 4103 4102  216 216 216
3 3026 4102 3283  216 216 216
3 4099 4048 4052  216 216 216
3 4055 4049 4046  216 216 216
3 4061 4056 4053  216 216 216
3 4067 4062 4059  216 216 216
3 4072 4068 4065  216 216 216
3 4076 4073 4070  216 216 216
3 3288 3269 4077  216 216 216
3 4085 4081 4078  216 216 216
3 4089 4086 4083  216 216 216
3 4093 4090 4087  216 216 216
3 4097 4094 4091  216 216 216
3 4101 4098 4095  216 216 216
3 4104 4105 4106  216 216 216
3 4105 4104 4107  216 216 216
3 4105 4107 4108  216 216 216
3 4105 4108 4109  216 216 216
3 4105 4109 4110  216 216 216
3 4105 4110 4106  216 216 216
3 4111 4112 4113  216 216 216
3 4112 4111 4114  216 216 216
3 4112 4114 4115  216 216 216
3 4112 4115 4116  216 216 216
3 4112 4116 4107  216 216 216
3 4112 4107 4113  216 216 216
3 4117 4118 4119  216 216 216
3 4118 4117 4120  216 216 216
3 4118 4120 4121  216 216 216
3 4118 4121 4122  216 216 216
3 4118 4122 4114  216 216 216
3 4118 4114 4119  216 216 216
3 4123 4124 4125  216 216 216
3 4124 4123 4126  216 216 216
3 4124 4126 4127  216 216 216
3 4124 4127 4128  216 216 216
3 4124 4128 4120  216 216 216
3 4124 4120 4125  216 216 216
3 4129 4130 4131  216 216 216
3 4130 4129 4132  216 216 216
3 4130 4132 4133  216 216 216
3 4130 4133 4134  216 216 216
3 4130 4134 4126  216 216 216
3 4130 4126 4131  216 216 216
3 4135 4136 4137  216 216 216
3 4136 4135 4138  216 216 216
3 4136 4138 4139  216 216 216
3 4136 4139 4140  216 216 216
3 4136 4140 4132  216 216 216
3 4136 4132 4137  216 216 216
3 4141 4142 4143  216 216 216
3 4142 4141 4144  216 216 216
3 4142 4144 4145  216 216 216
3 4142 4145 4146  216 216 216
3 4142 4146 4138  216 216 216
3 4142 4138 4143  216 216 216
3 4147 4148 4149  216 216 216
3 4148 4147 4150  216 216 216
3 4148 4150 4151  216 216 216
3 4148 4151 4152  216 216 216
3 4148 4152 4144  216 216 216
3 4148 4144 4149  216 216 216
3 4153 4154 4155  216 216 216
3 4154 4153 4156  216 216 216
3 4154 4156 4157  216 216 216
3 4154 4157 4158  216 216 216
3 4154 4158 4150  216 216 216
3 4154 4150 4155  216 216 216
3 4159 4160 4161  216 216 216
3 4160 4159 4162  216 216 216
3 4160 4162 4163  216 216 216
3 4160 4163 4164  216 216 216
3 4160 4164 4156  216 216 216
3 4160 4156 4161  216 216 216
3 4165 4166 4167  216 216 216
3 4166 4165 4168  216 216 216
3 4166 4168 4169  216 216 216
3 4166 4169 4170  216 216 216
3 4166 4170 4162  216 216 216
3 4166 4162 4167  216 216 216
3 4171 4172 4173  216 216 216
3 4172 4171 4110  216 216 216
3 4172 4110 4174  216 216 216
3 4172 4174 4175  216 216 216
3 4172 4175 4168  216 216 216
3 4172 4168 4173  216 216 216
3 4099 4176 4048  216 216 216
3 4176 4099 4177  216 216 216
3 4176 4177 4178  216 216 216
3 4176 4178 4179  216 216 216
3 4176 4179 4180  216 216 216
3 4176 4180 4048  216 216 216
3 4095 4181 4101  216 216 216
3 4181 4095 4182  216 216 216
3 4181 4182 4183  216 216 216
3 4181 4183 4184  216 216 216
3 4181 4184 4177  216 216 216
3 4181 4177 4101  216 216 216
3 4091 4185 4097  216 216 216
3 4185 4091 4186  216 216 216
3 4185 4186 4187  216 216 216
3 4185 4187 4188  216 216 216
3 4185 4188 4182  216 216 216
3 4185 4182 4097  216 216 216
3 4087 4189 4093  216 216 216
3 4189 4087 4190  216 216 216
3 4189 4190 4191  216 216 216
3 4189 4191 4192  216 216 216
3 4189 4192 4186  216 216 216
3 4189 4186 4093  216 216 216
3 4083 4193 4089  216 216 216
3 4193 4083 4194  216 216 216
3 4193 4194 4195  216 216 216
3 4193 4195 4196  216 216 216
3 4193 4196 4190  216 216 216
3 4193 4190 4089  216 216 216
3 4078 4197 4085  216 216 216
3 4197 4078 4198  216 216 216
3 4197 4198 4199  216 216 216
3 4197 4199 4200  216 216 216
3 4197 4200 4194  216 216 216
3 4197 4194 4085  216 216 216
3 4074 4201 4080  216 216 216
3 4201 4074 4202  216 216 216
3 4201 4202 4203  216 216 216
3 4201 4203 4204  216 216 216
3 4201 4204 4198  216 216 216
3 4201 4198 4080  216 216 216
3 4070 4205 4076  216 216 216
3 4205 4070 4206  216 216 216
3 4205 4206 4207  216 216 216
3 4205 4207 4208  216 216 216
3 4205 4208 4202  216 216 216
3 4205 4202 4076  216 216 216
3 4065 4209 4072  216 216 216
3 4209 4065 4210  216 216 216
3 4209 4210 4211  216 216 216
3 4209 4211 4212  216 216 216
3 4209 4212 4206  216 216 216
3 4209 4206 4072  216 216 216
3 4059 4213 4067  216 216 216
3 4213 4059 4214  216 216 216
3 4213 4214 4215  216 216 216
3 4213 4215 4216  216 216 216
3 4213 4216 4210  216 216 216
3 4213 4210 4067  216 216 216
3 4053 4217 4061  216 216 216
3 4217 4053 4218  216 216 216
3 4217 4218 4219  216 216 216
3 4217 4219 4220  216 216 216
3 4217 4220 4214  216 216 216
3 4217 4214 4061  216 216 216
3 4046 4221 4055  216 216 216
3 4221 4046 4180  216 216 216
3 4221 4180 4222  216 216 216
3 4221 4222 4223  216 216 216
3 4221 4223 4218  216 216 216
3 4221 4218 4055  216 216 216
3 4080 4198 4078  216 216 216
3 4143 4138 4135  216 216 216
3 4139 4199 4140  216 216 216
3 4138 4146 4139  216 216 216
3 4140 4199 4204  216 216 216
3 4140 4204 4133  216 216 216
3 4140 4133 4132  216 216 216
3 4199 4139 4200  216 216 216
3 4204 4199 4198  216 216 216
3 4137 4132 4129  216 216 216
3 4076 4202 4074  216 216 216
3 4131 4126 4123  216 216 216
3 4072 4206 4070  216 216 216
3 4125 4120 4117  216 216 216
3 4067 4210 4065  216 216 216
3 4119 4114 4111  216 216 216
3 4061 4214 4059  216 216 216
3 4113 4107 4104  216 216 216
3 4055 4218 4053  216 216 216
3 4106 4110 4171  216 216 216
3 4048 4180 4046  216 216 216
3 4173 4168 4165  216 216 216
3 4101 4177 4099  216 216 216
3 4167 4162 4159  216 216 216
3 4097 4182 4095  216 216 216
3 4161 4156 4153  216 216 216
3 4093 4186 4091  216 216 216
3 4155 4150 4147  216 216 216
3 4089 4190 4087  216 216 216
3 4149 4144 4141  216 216 216
3 4085 4194 4083  216 216 216
3 4174 4110 4109  216 216 216
3 4174 4109 4223  216 216 216
3 4174 4223 4222  216 216 216
3 4174 4222 4175  216 216 216
3 4223 4109 4219  216 216 216
3 4223 4219 4218  216 216 216
3 4175 4222 4179  216 216 216
3 4175 4179 4169  216 216 216
3 4175 4169 4168  216 216 216
3 4179 4222 4180  216 216 216
3 4220 4219 4108  216 216 216
3 4220 4108 4116  216 216 216
3 4220 4116 4215  216 216 216
3 4220 4215 4214  216 216 216
3 4108 4107 4116  216 216 216
3 4109 4108 4219  216 216 216
3 4215 4116 4115  216 216 216
3 4215 4115 4216  216 216 216
3 4216 4115 4122  216 216 216
3 4216 4122 4211  216 216 216
3 4216 4211 4210  216 216 216
3 4122 4115 4114  216 216 216
3 4211 4122 4121  216 216 216
3 4211 4121 4212  216 216 216
3 4212 4121 4128  216 216 216
3 4212 4128 4207  216 216 216
3 4212 4207 4206  216 216 216
3 4128 4121 4120  216 216 216
3 4207 4128 4127  216 216 216
3 4207 4127 4208  216 216 216
3 4208 4127 4134  216 216 216
3 4208 4134 4203  216 216 216
3 4208 4203 4202  216 216 216
3 4134 4127 4126  216 216 216
3 4203 4134 4133  216 216 216
3 4203 4133 4204  216 216 216
3 4139 4146 4200  216 216 216
3 4200 4146 4195  216 216 216
3 4200 4195 4194  216 216 216
3 4196 4195 4145  216 216 216
3 4196 4145 4152  216 216 216
3 4196 4152 4191  216 216 216
3 4196 4191 4190  216 216 216
3 4145 4144 4152  216 216 216
3 4146 4145 4195  216 216 216
3 4191 4152 4151  216 216 216
3 4191 4151 4192  216 216 216
3 4192 4151 4158  216 216 216
3 4192 4158 4187  216 216 216
3 4192 4187 4186  216 216 216
3 4158 4151 4150  216 216 216
3 4187 4158 4157  216 216 216
3 4187 4157 4188  216 216 216
3 4188 4157 4164  216 216 216
3 4188 4164 4183  216 216 216
3 4188 4183 4182  216 216 216
3 4164 4157 4156  216 216 216
3 4183 4164 4163  216 216 216
3 4183 4163 4184  216 216 216
3 4184 4163 4170  216 216 216
3 4184 4170 4178  216 216 216
3 4184 4178 4177  216 216 216
3 4170 4163 4162  216 216 216
3 4178 4170 4169  216 216 216
3 4178 4169 4179  216 216 216
3 4224 4225 4226  216 216 216
3 4225 4224 4227  216 216 216
3 4225 4227 4228  216 216 216
3 4225 4228 4229  216 216 216
3 4225 4229 4230  216 216 216
3 4225 4230 4226  216 216 216
3 4231 4232 4233  216 216 216
3 4232 4231 4234  216 216 216
3 4232 4234 4235  216 216 216
3 4232 4235 4236  216 216 216
3 4232 4236 4227  216 216 216
3 4232 4227 4233  216 216 216
3 4237 4238 4239  216 216 216
3 4238 4237 4240  216 216 216
3 4238 4240 4241  216 216 216
3 4238 4241 4242  216 216 216
3 4238 4242 4234  216 216 216
3 4238 4234 4239  216 216 216
3 4243 4244 4245  216 216 216
3 4244 4243 4246  216 216 216
3 4244 4246 4247  216 216 216
3 4244 4247 4248  216 216 216
3 4244 4248 4240  216 216 216
3 4244 4240 4245  216 216 216
3 4249 4250 4251  216 216 216
3 4250 4249 4252  216 216 216
3 4250 4252 4253  216 216 216
3 4250 4253 4254  216 216 216
3 4250 4254 4246  216 216 216
3 4250 4246 4251  216 216 216
3 4255 4256 4257  216 216 216
3 4256 4255 4258  216 216 216
3 4256 4258 4259  216 216 216
3 4256 4259 4260  216 216 216
3 4256 4260 4252  216 216 216
3 4256 4252 4257  216 216 216
3 4261 4262 4263  216 216 216
3 4262 4261 4264  216 216 216
3 4262 4264 4265  216 216 216
3 4262 4265 4266  216 216 216
3 4262 4266 4258  216 216 216
3 4262 4258 4263  216 216 216
3 4267 4268 4269  216 216 216
3 4268 4267 4270  216 216 216
3 4268 4270 4271  216 216 216
3 4268 4271 4272  216 216 216
3 4268 4272 4264  216 216 216
3 4268 4264 4269  216 216 216
3 4273 4274 4275  216 216 216
3 4274 4273 4276  216 216 216
3 4274 4276 4277  216 216 216
3 4274 4277 4278  216 216 216
3 4274 4278 4270  216 216 216
3 4274 4270 4275  216 216 216
3 4279 4280 4281  216 216 216
3 4280 4279 4282  216 216 216
3 4280 4282 4283  216 216 216
3 4280 4283 4284  216 216 216
3 4280 4284 4276  216 216 216
3 4280 4276 4281  216 216 216
3 4285 4286 4287  216 216 216
3 4286 4285 4288  216 216 216
3 4286 4288 4289  216 216 216
3 4286 4289 4290  216 216 216
3 4286 4290 4282  216 216 216
3 4286 4282 4287  216 216 216
3 4291 4292 4293  216 216 216
3 4292 4291 4230  216 216 216
3 4292 4230 4294  216 216 216
3 4292 4294 4295  216 216 216
3 4292 4295 4288  216 216 216
3 4292 4288 4293  216 216 216
3 4171 4296 4106  216 216 216
3 4296 4171 4297  216 216 216
3 4296 4297 4298  216 216 216
3 4296 4298 4299  216 216 216
3 4296 4299 4300  216 216 216
3 4296 4300 4106  216 216 216
3 4165 4301 4173  216 216 216
3 4301 4165 4302  216 216 216
3 4301 4302 4303  216 216 216
3 4301 4303 4304  216 216 216
3 4301 4304 4297  216 216 216
3 4301 4297 4173  216 216 216
3 4159 4305 4167  216 216 216
3 4305 4159 4306  216 216 216
3 4305 4306 4307  216 216 216
3 4305 4307 4308  216 216 216
3 4305 4308 4302  216 216 216
3 4305 4302 4167  216 216 216
3 4153 4309 4161  216 216 216
3 4309 4153 4310  216 216 216
3 4309 4310 4311  216 216 216
3 4309 4311 4312  216 216 216
3 4309 4312 4306  216 216 216
3 4309 4306 4161  216 216 216
3 4147 4313 4155  216 216 216
3 4313 4147 4314  216 216 216
3 4313 4314 4315  216 216 216
3 4313 4315 4316  216 216 216
3 4313 4316 4310  216 216 216
3 4313 4310 4155  216 216 216
3 4141 4317 4149  216 216 216
3 4317 4141 4318  216 216 216
3 4317 4318 4319  216 216 216
3 4317 4319 4320  216 216 216
3 4317 4320 4314  216 216 216
3 4317 4314 4149  216 216 216
3 4135 4321 4143  216 216 216
3 4321 4135 4322  216 216 216
3 4321 4322 4323  216 216 216
3 4321 4323 4324  216 216 216
3 4321 4324 4318  216 216 216
3 4321 4318 4143  216 216 216
3 4129 4325 4137  216 216 216
3 4325 4129 4326  216 216 216
3 4325 4326 4327  216 216 216
3 4325 4327 4328  216 216 216
3 4325 4328 4322  216 216 216
3 4325 4322 4137  216 216 216
3 4123 4329 4131  216 216 216
3 4329 4123 4330  216 216 216
3 4329 4330 4331  216 216 216
3 4329 4331 4332  216 216 216
3 4329 4332 4326  216 216 216
3 4329 4326 4131  216 216 216
3 4117 4333 4125  216 216 216
3 4333 4117 4334  216 216 216
3 4333 4334 4335  216 216 216
3 4333 4335 4336  216 216 216
3 4333 4336 4330  216 216 216
3 4333 4330 4125  216 216 216
3 4111 4337 4119  216 216 216
3 4337 4111 4338  216 216 216
3 4337 4338 4339  216 216 216
3 4337 4339 4340  216 216 216
3 4337 4340 4334  216 216 216
3 4337 4334 4119  216 216 216
3 4104 4341 4113  216 216 216
3 4341 4104 4300  216 216 216
3 4341 4300 4342  216 216 216
3 4341 4342 4343  216 216 216
3 4341 4343 4338  216 216 216
3 4341 4338 4113  216 216 216
3 4143 4318 4141  216 216 216
3 4263 4258 4255  216 216 216
3 4259 4344 4260  216 216 216
3 4258 4266 4259  216 216 216
3 4344 4345 4346  216 216 216
3 4344 4346 4260  216 216 216
3 4344 4259 4347  216 216 216
3 4344 4347 4348  216 216 216
3 4344 4348 4345  216 216 216
3 4345 4349 4350  216 216 216
3 4345 4350 4346  216 216 216
3 4349 4351 4352  216 216 216
3 4349 4352 4350  216 216 216
3 4349 4345 4353  216 216 216
3 4349 4353 4354  216 216 216
3 4349 4354 4351  216 216 216
3 4351 4319 4355  216 216 216
3 4351 4355 4352  216 216 216
3 4355 4319 4324  216 216 216
3 4355 4324 4356  216 216 216
3 4355 4356 4357  216 216 216
3 4355 4357 4352  216 216 216
3 4319 4351 4320  216 216 216
3 4324 4319 4318  216 216 216
3 4257 4252 4249  216 216 216
3 4137 4322 4135  216 216 216
3 4251 4246 4243  216 216 216
3 4131 4326 4129  216 216 216
3 4245 4240 4237  216 216 216
3 4125 4330 4123  216 216 216
3 4239 4234 4231  216 216 216
3 4119 4334 4117  216 216 216
3 4233 4227 4224  216 216 216
3 4113 4338 4111  216 216 216
3 4226 4230 4291  216 216 216
3 4106 4300 4104  216 216 216
3 4293 4288 4285  216 216 216
3 4173 4297 4171  216 216 216
3 4287 4282 4279  216 216 216
3 4167 4302 4165  216 216 216
3 4281 4276 4273  216 216 216
3 4161 4306 4159  216 216 216
3 4275 4270 4267  216 216 216
3 4155 4310 4153  216 216 216
3 4269 4264 4261  216 216 216
3 4149 4314 4147  216 216 216
3 4294 4230 4229  216 216 216
3 4294 4229 4358  216 216 216
3 4294 4358 4359  216 216 216
3 4294 4359 4295  216 216 216
3 4358 4360 4359  216 216 216
3 4358 4229 4361  216 216 216
3 4358 4361 4362  216 216 216
3 4358 4362 4360  216 216 216
3 4360 4363 4364  216 216 216
3 4360 4364 4359  216 216 216
3 4363 4365 4366  216 216 216
3 4363 4366 4364  216 216 216
3 4363 4360 4367  216 216 216
3 4363 4367 4368  216 216 216
3 4363 4368 4365  216 216 216
3 4365 4343 4369  216 216 216
3 4365 4369 4366  216 216 216
3 4369 4343 4342  216 216 216
3 4369 4342 4370  216 216 216
3 4369 4370 4371  216 216 216
3 4369 4371 4366  216 216 216
3 4343 4365 4339  216 216 216
3 4343 4339 4338  216 216 216
3 4370 4342 4299  216 216 216
3 4370 4299 4372  216 216 216
3 4370 4372 4373  216 216 216
3 4370 4373 4371  216 216 216
3 4364 4366 4374  216 216 216
3 4364 4374 4375  216 216 216
3 4364 4375 4359  216 216 216
3 4295 4359 4375  216 216 216
3 4295 4375 4289  216 216 216
3 4295 4289 4288  216 216 216
3 4299 4342 4300  216 216 216
3 4229 4228 4361  216 216 216
3 4227 4236 4228  216 216 216
3 4361 4228 4376  216 216 216
3 4361 4376 4377  216 216 216
3 4361 4377 4362  216 216 216
3 4360 4362 4367  216 216 216
3 4367 4362 4378  216 216 216
3 4367 4378 4379  216 216 216
3 4367 4379 4368  216 216 216
3 4340 4339 4368  216 216 216
3 4340 4368 4379  216 216 216
3 4340 4379 4335  216 216 216
3 4340 4335 4334  216 216 216
3 4365 4368 4339  216 216 216
3 4228 4236 4376  216 216 216
3 4376 4236 4380  216 216 216
3 4376 4380 4381  216 216 216
3 4376 4381 4377  216 216 216
3 4362 4377 4378  216 216 216
3 4378 4377 4382  216 216 216
3 4378 4382 4383  216 216 216
3 4378 4383 4379  216 216 216
3 4335 4379 4383  216 216 216
3 4335 4383 4336  216 216 216
3 4236 4235 4380  216 216 216
3 4234 4242 4235  216 216 216
3 4380 4235 4384  216 216 216
3 4380 4384 4385  216 216 216
3 4380 4385 4381  216 216 216
3 4377 4381 4382  216 216 216
3 4382 4381 4386  216 216 216
3 4382 4386 4387  216 216 216
3 4382 4387 4383  216 216 216
3 4336 4383 4387  216 216 216
3 4336 4387 4331  216 216 216
3 4336 4331 4330  216 216 216
3 4235 4242 4384  216 216 216
3 4384 4242 4388  216 216 216
3 4384 4388 4389  216 216 216
3 4384 4389 4385  216 216 216
3 4381 4385 4386  216 216 216
3 4386 4385 4390  216 216 216
3 4386 4390 4391  216 216 216
3 4386 4391 4387  216 216 216
3 4331 4387 4391  216 216 216
3 4331 4391 4332  216 216 216
3 4242 4241 4388  216 216 216
3 4240 4248 4241  216 216 216
3 4388 4241 4392  216 216 216
3 4388 4392 4393  216 216 216
3 4388 4393 4389  216 216 216
3 4385 4389 4390  216 216 216
3 4390 4389 4394  216 216 216
3 4390 4394 4395  216 216 216
3 4390 4395 4391  216 216 216
3 4332 4391 4395  216 216 216
3 4332 4395 4327  216 216 216
3 4332 4327 4326  216 216 216
3 4241 4248 4392  216 216 216
3 4392 4248 4396  216 216 216
3 4392 4396 4397  216 216 216
3 4392 4397 4393  216 216 216
3 4389 4393 4394  216 216 216
3 4394 4393 4398  216 216 216
3 4394 4398 4399  216 216 216
3 4394 4399 4395  216 216 216
3 4327 4395 4399  216 216 216
3 4327 4399 4328  216 216 216
3 4248 4247 4396  216 216 216
3 4246 4254 4247  216 216 216
3 4396 4247 4400  216 216 216
3 4396 4400 4401  216 216 216
3 4396 4401 4397  216 216 216
3 4393 4397 4398  216 216 216
3 4398 4397 4402  216 216 216
3 4398 4402 4403  216 216 216
3 4398 4403 4399  216 216 216
3 4328 4399 4403  216 216 216
3 4328 4403 4323  216 216 216
3 4328 4323 4322  216 216 216
3 4247 4254 4400  216 216 216
3 4400 4254 4404  216 216 216
3 4400 4404 4405  216 216 216
3 4400 4405 4401  216 216 216
3 4397 4401 4402  216 216 216
3 4402 4401 4357  216 216 216
3 4402 4357 4356  216 216 216
3 4402 4356 4403  216 216 216
3 4323 4403 4356  216 216 216
3 4323 4356 4324  216 216 216
3 4254 4253 4404  216 216 216
3 4252 4260 4253  216 216 216
3 4260 4346 4253  216 216 216
3 4352 4357 4405  216 216 216
3 4352 4405 4350  216 216 216
3 4346 4350 4404  216 216 216
3 4346 4404 4253  216 216 216
3 4401 4405 4357  216 216 216
3 4350 4405 4404  216 216 216
3 4259 4266 4347  216 216 216
3 4347 4266 4406  216 216 216
3 4347 4406 4407  216 216 216
3 4347 4407 4348  216 216 216
3 4345 4348 4353  216 216 216
3 4353 4348 4408  216 216 216
3 4353 4408 4409  216 216 216
3 4353 4409 4354  216 216 216
3 4351 4354 4320  216 216 216
3 4320 4354 4315  216 216 216
3 4320 4315 4314  216 216 216
3 4266 4265 4406  216 216 216
3 4264 4272 4265  216 216 216
3 4406 4265 4410  216 216 216
3 4406 4410 4411  216 216 216
3 4406 4411 4407  216 216 216
3 4348 4407 4408  216 216 216
3 4408 4407 4412  216 216 216
3 4408 4412 4413  216 216 216
3 4408 4413 4409  216 216 216
3 4316 4315 4409  216 216 216
3 4316 4409 4413  216 216 216
3 4316 4413 4311  216 216 216
3 4316 4311 4310  216 216 216
3 4354 4409 4315  216 216 216
3 4265 4272 4410  216 216 216
3 4410 4272 4414  216 216 216
3 4410 4414 4415  216 216 216
3 4410 4415 4411  216 216 216
3 4407 4411 4412  216 216 216
3 4412 4411 4416  216 216 216
3 4412 4416 4417  216 216 216
3 4412 4417 4413  216 216 216
3 4311 4413 4417  216 216 216
3 4311 4417 4312  216 216 216
3 4272 4271 4414  216 216 216
3 4270 4278 4271  216 216 216
3 4414 4271 4418  216 216 216
3 4414 4418 4419  216 216 216
3 4414 4419 4415  216 216 216
3 4411 4415 4416  216 216 216
3 4416 4415 4420  216 216 216
3 4416 4420 4421  216 216 216
3 4416 4421 4417  216 216 216
3 4312 4417 4421  216 216 216
3 4312 4421 4307  216 216 216
3 4312 4307 4306  216 216 216
3 4271 4278 4418  216 216 216
3 4418 4278 4422  216 216 216
3 4418 4422 4423  216 216 216
3 4418 4423 4419  216 216 216
3 4415 4419 4420  216 216 216
3 4420 4419 4424  216 216 216
3 4420 4424 4425  216 216 216
3 4420 4425 4421  216 216 216
3 4307 4421 4425  216 216 216
3 4307 4425 4308  216 216 216
3 4278 4277 4422  216 216 216
3 4276 4284 4277  216 216 216
3 4422 4277 4426  216 216 216
3 4422 4426 4427  216 216 216
3 4422 4427 4423  216 216 216
3 4419 4423 4424  216 216 216
3 4424 4423 4428  216 216 216
3 4424 4428 4429  216 216 216
3 4424 4429 4425  216 216 216
3 4308 4425 4429  216 216 216
3 4308 4429 4303  216 216 216
3 4308 4303 4302  216 216 216
3 4277 4284 4426  216 216 216
3 4426 4284 4430  216 216 216
3 4426 4430 4431  216 216 216
3 4426 4431 4427  216 216 216
3 4423 4427 4428  216 216 216
3 4428 4427 4432  216 216 216
3 4428 4432 4433  216 216 216
3 4428 4433 4429  216 216 216
3 4303 4429 4433  216 216 216
3 4303 4433 4304  216 216 216
3 4284 4283 4430  216 216 216
3 4282 4290 4283  216 216 216
3 4430 4283 4434  216 216 216
3 4430 4434 4435  216 216 216
3 4430 4435 4431  216 216 216
3 4427 4431 4432  216 216 216
3 4432 4431 4436  216 216 216
3 4432 4436 4437  216 216 216
3 4432 4437 4433  216 216 216
3 4304 4433 4437  216 216 216
3 4304 4437 4298  216 216 216
3 4304 4298 4297  216 216 216
3 4283 4290 4434  216 216 216
3 4434 4290 4438  216 216 216
3 4434 4438 4439  216 216 216
3 4434 4439 4435  216 216 216
3 4431 4435 4436  216 216 216
3 4436 4435 4373  216 216 216
3 4436 4373 4372  216 216 216
3 4436 4372 4437  216 216 216
3 4298 4437 4372  216 216 216
3 4298 4372 4299  216 216 216
3 4290 4289 4438  216 216 216
3 4289 4375 4438  216 216 216
3 4371 4373 4439  216 216 216
3 4371 4439 4374  216 216 216
3 4371 4374 4366  216 216 216
3 4375 4374 4438  216 216 216
3 4435 4439 4373  216 216 216
3 4374 4439 4438  216 216 216
3 4440 4441 4442  216 216 216
3 4441 4440 4443  216 216 216
3 4441 4443 4444  216 216 216
3 4441 4444 4445  216 216 216
3 4441 4445 4446  216 216 216
3 4441 4446 4442  216 216 216
3 4447 4448 4449  216 216 216
3 4448 4447 4450  216 216 216
3 4448 4450 4451  216 216 216
3 4448 4451 4452  216 216 216
3 4448 4452 4443  216 216 216
3 4448 4443 4449  216 216 216
3 4453 4454 4455  216 216 216
3 4454 4453 4456  216 216 216
3 4454 4456 4457  216 216 216
3 4454 4457 4458  216 216 216
3 4454 4458 4450  216 216 216
3 4454 4450 4455  216 216 216
3 4459 4460 4461  216 216 216
3 4460 4459 4462  216 216 216
3 4460 4462 4463  216 216 216
3 4460 4463 4464  216 216 216
3 4460 4464 4456  216 216 216
3 4460 4456 4461  216 216 216
3 4465 4466 4467  216 216 216
3 4466 4465 4468  216 216 216
3 4466 4468 4469  216 216 216
3 4466 4469 4470  216 216 216
3 4466 4470 4462  216 216 216
3 4466 4462 4467  216 216 216
3 4471 4472 4473  216 216 216
3 4472 4471 4474  216 216 216
3 4472 4474 4475  216 216 216
3 4472 4475 4476  216 216 216
3 4472 4476 4468  216 216 216
3 4472 4468 4473  216 216 216
3 4477 4478 4479  216 216 216
3 4478 4477 4480  216 216 216
3 4478 4480 4481  216 216 216
3 4478 4481 4482  216 216 216
3 4478 4482 4474  216 216 216
3 4478 4474 4479  216 216 216
3 4483 4484 4485  216 216 216
3 4484 4483 4486  216 216 216
3 4484 4486 4487  216 216 216
3 4484 4487 4488  216 216 216
3 4484 4488 4480  216 216 216
3 4484 4480 4485  216 216 216
3 4489 4490 4491  216 216 216
3 4490 4489 4492  216 216 216
3 4490 4492 4493  216 216 216
3 4490 4493 4494  216 216 216
3 4490 4494 4486  216 216 216
3 4490 4486 4491  216 216 216
3 4495 4496 4497  216 216 216
3 4496 4495 4498  216 216 216
3 4496 4498 4499  216 216 216
3 4496 4499 4500  216 216 216
3 4496 4500 4492  216 216 216
3 4496 4492 4497  216 216 216
3 4501 4502 4503  216 216 216
3 4502 4501 4504  216 216 216
3 4502 4504 4505  216 216 216
3 4502 4505 4506  216 216 216
3 4502 4506 4498  216 216 216
3 4502 4498 4503  216 216 216
3 4507 4508 4509  216 216 216
3 4508 4507 4446  216 216 216
3 4508 4446 4510  216 216 216
3 4508 4510 4511  216 216 216
3 4508 4511 4504  216 216 216
3 4508 4504 4509  216 216 216
3 4291 4512 4226  216 216 216
3 4512 4291 4513  216 216 216
3 4512 4513 4505  216 216 216
3 4512 4505 4511  216 216 216
3 4512 4511 4514  216 216 216
3 4512 4514 4226  216 216 216
3 4285 4515 4293  216 216 216
3 4515 4285 4516  216 216 216
3 4515 4516 4499  216 216 216
3 4515 4499 4506  216 216 216
3 4515 4506 4513  216 216 216
3 4515 4513 4293  216 216 216
3 4279 4517 4287  216 216 216
3 4517 4279 4518  216 216 216
3 4517 4518 4493  216 216 216
3 4517 4493 4500  216 216 216
3 4517 4500 4516  216 216 216
3 4517 4516 4287  216 216 216
3 4273 4519 4281  216 216 216
3 4519 4273 4520  216 216 216
3 4519 4520 4487  216 216 216
3 4519 4487 4494  216 216 216
3 4519 4494 4518  216 216 216
3 4519 4518 4281  216 216 216
3 4267 4521 4275  216 216 216
3 4521 4267 4522  216 216 216
3 4521 4522 4481  216 216 216
3 4521 4481 4488  216 216 216
3 4521 4488 4520  216 216 216
3 4521 4520 4275  216 216 216
3 4261 4523 4269  216 216 216
3 4523 4261 4524  216 216 216
3 4523 4524 4475  216 216 216
3 4523 4475 4482  216 216 216
3 4523 4482 4522  216 216 216
3 4523 4522 4269  216 216 216
3 4255 4525 4263  216 216 216
3 4525 4255 4526  216 216 216
3 4525 4526 4469  216 216 216
3 4525 4469 4476  216 216 216
3 4525 4476 4524  216 216 216
3 4525 4524 4263  216 216 216
3 4249 4527 4257  216 216 216
3 4527 4249 4528  216 216 216
3 4527 4528 4463  216 216 216
3 4527 4463 4470  216 216 216
3 4527 4470 4526  216 216 216
3 4527 4526 4257  216 216 216
3 4243 4529 4251  216 216 216
3 4529 4243 4530  216 216 216
3 4529 4530 4457  216 216 216
3 4529 4457 4464  216 216 216
3 4529 4464 4528  216 216 216
3 4529 4528 4251  216 216 216
3 4237 4531 4245  216 216 216
3 4531 4237 4532  216 216 216
3 4531 4532 4451  216 216 216
3 4531 4451 4458  216 216 216
3 4531 4458 4530  216 216 216
3 4531 4530 4245  216 216 216
3 4231 4533 4239  216 216 216
3 4533 4231 4534  216 216 216
3 4533 4534 4444  216 216 216
3 4533 4444 4452  216 216 216
3 4533 4452 4532  216 216 216
3 4533 4532 4239  216 216 216
3 4224 4535 4233  216 216 216
3 4535 4224 4514  216 216 216
3 4535 4514 4510  216 216 216
3 4535 4510 4445  216 216 216
3 4535 4445 4534  216 216 216
3 4535 4534 4233  216 216 216
3 4479 4474 4471  216 216 216
3 4475 4474 4482  216 216 216
3 4263 4524 4261  216 216 216
3 4475 4524 4476  216 216 216
3 4476 4469 4468  216 216 216
3 4526 4470 4469  216 216 216
3 4470 4463 4462  216 216 216
3 4528 4464 4463  216 216 216
3 4464 4457 4456  216 216 216
3 4530 4458 4457  216 216 216
3 4458 4451 4450  216 216 216
3 4532 4452 4451  216 216 216
3 4452 4444 4443  216 216 216
3 4534 4445 4444  216 216 216
3 4445 4510 4446  216 216 216
3 4514 4511 4510  216 216 216
3 4511 4505 4504  216 216 216
3 4513 4506 4505  216 216 216
3 4506 4499 4498  216 216 216
3 4516 4500 4499  216 216 216
3 4500 4493 4492  216 216 216
3 4518 4494 4493  216 216 216
3 4494 4487 4486  216 216 216
3 4520 4488 4487  216 216 216
3 4488 4481 4480  216 216 216
3 4522 4482 4481  216 216 216
3 4257 4526 4255  216 216 216
3 4473 4468 4465  216 216 216
3 4251 4528 4249  216 216 216
3 4467 4462 4459  216 216 216
3 4245 4530 4243  216 216 216
3 4461 4456 4453  216 216 216
3 4239 4532 4237  216 216 216
3 4455 4450 4447  216 216 216
3 4233 4534 4231  216 216 216
3 4449 4443 4440  216 216 216
3 4226 4514 4224  216 216 216
3 4442 4446 4507  216 216 216
3 4293 4513 4291  216 216 216
3 4509 4504 4501  216 216 216
3 4287 4516 4285  216 216 216
3 4503 4498 4495  216 216 216
3 4281 4518 4279  216 216 216
3 4497 4492 4489  216 216 216
3 4275 4520 4273  216 216 216
3 4491 4486 4483  216 216 216
3 4269 4522 4267  216 216 216
3 4485 4480 4477  216 216 216
3 4536 4537 4538  216 216 216
3 4537 4536 4539  216 216 216
3 4537 4539 4540  216 216 216
3 4537 4540 4541  216 216 216
3 4537 4541 4542  216 216 216
3 4537 4542 4538  216 216 216
3 4543 4544 4545  216 216 216
3 4544 4543 4546  216 216 216
3 4544 4546 4547  216 216 216
3 4544 4547 4548  216 216 216
3 4544 4548 4539  216 216 216
3 4544 4539 4545  216 216 216
3 4549 4550 4551  216 216 216
3 4550 4549 4552  216 216 216
3 4550 4552 4553  216 216 216
3 4550 4553 4554  216 216 216
3 4550 4554 4546  216 216 216
3 4550 4546 4551  216 216 216
3 4555 4556 4557  216 216 216
3 4556 4555 4558  216 216 216
3 4556 4558 4559  216 216 216
3 4556 4559 4560  216 216 216
3 4556 4560 4552  216 216 216
3 4556 4552 4557  216 216 216
3 4561 4562 4563  216 216 216
3 4562 4561 4564  216 216 216
3 4562 4564 4565  216 216 216
3 4562 4565 4566  216 216 216
3 4562 4566 4558  216 216 216
3 4562 4558 4563  216 216 216
3 4567 4568 4569  216 216 216
3 4568 4567 4570  216 216 216
3 4568 4570 4571  216 216 216
3 4568 4571 4572  216 216 216
3 4568 4572 4564  216 216 216
3 4568 4564 4569  216 216 216
3 4573 4574 4575  216 216 216
3 4574 4573 4576  216 216 216
3 4574 4576 4577  216 216 216
3 4574 4577 4578  216 216 216
3 4574 4578 4570  216 216 216
3 4574 4570 4575  216 216 216
3 4579 4580 4581  216 216 216
3 4580 4579 4582  216 216 216
3 4580 4582 4583  216 216 216
3 4580 4583 4584  216 216 216
3 4580 4584 4576  216 216 216
3 4580 4576 4581  216 216 216
3 4585 4586 4587  216 216 216
3 4586 4585 4588  216 216 216
3 4586 4588 4589  216 216 216
3 4586 4589 4590  216 216 216
3 4586 4590 4582  216 216 216
3 4586 4582 4587  216 216 216
3 4591 4592 4593  216 216 216
3 4592 4591 4594  216 216 216
3 4592 4594 4595  216 216 216
3 4592 4595 4596  216 216 216
3 4592 4596 4588  216 216 216
3 4592 4588 4593  216 216 216
3 4597 4598 4599  216 216 216
3 4598 4597 4600  216 216 216
3 4598 4600 4601  216 216 216
3 4598 4601 4602  216 216 216
3 4598 4602 4594  216 216 216
3 4598 4594 4599  216 216 216
3 4603 4604 4605  216 216 216
3 4604 4603 4542  216 216 216
3 4604 4542 4606  216 216 216
3 4604 4606 4607  216 216 216
3 4604 4607 4600  216 216 216
3 4604 4600 4605  216 216 216
3 4507 4608 4442  216 216 216
3 4608 4507 4609  216 216 216
3 4608 4609 4601  216 216 216
3 4608 4601 4607  216 216 216
3 4608 4607 4610  216 216 216
3 4608 4610 4442  216 216 216
3 4501 4611 4509  216 216 216
3 4611 4501 4612  216 216 216
3 4611 4612 4595  216 216 216
3 4611 4595 4602  216 216 216
3 4611 4602 4609  216 216 216
3 4611 4609 4509  216 216 216
3 4495 4613 4503  216 216 216
3 4613 4495 4614  216 216 216
3 4613 4614 4589  216 216 216
3 4613 4589 4596  216 216 216
3 4613 4596 4612  216 216 216
3 4613 4612 4503  216 216 216
3 4489 4615 4497  216 216 216
3 4615 4489 4616  216 216 216
3 4615 4616 4583  216 216 216
3 4615 4583 4590  216 216 216
3 4615 4590 4614  216 216 216
3 4615 4614 4497  216 216 216
3 4483 4617 4491  216 216 216
3 4617 4483 4618  216 216 216
3 4617 4618 4577  216 216 216
3 4617 4577 4584  216 216 216
3 4617 4584 4616  216 216 216
3 4617 4616 4491  216 216 216
3 4477 4619 4485  216 216 216
3 4619 4477 4620  216 216 216
3 4619 4620 4571  216 216 216
3 4619 4571 4578  216 216 216
3 4619 4578 4618  216 216 216
3 4619 4618 4485  216 216 216
3 4471 4621 4479  216 216 216
3 4621 4471 4622  216 216 216
3 4621 4622 4565  216 216 216
3 4621 4565 4572  216 216 216
3 4621 4572 4620  216 216 216
3 4621 4620 4479  216 216 216
3 4465 4623 4473  216 216 216
3 4623 4465 4624  216 216 216
3 4623 4624 4559  216 216 216
3 4623 4559 4566  216 216 216
3 4623 4566 4622  216 216 216
3 4623 4622 4473  216 216 216
3 4459 4625 4467  216 216 216
3 4625 4459 4626  216 216 216
3 4625 4626 4553  216 216 216
3 4625 4553 4560  216 216 216
3 4625 4560 4624  216 216 216
3 4625 4624 4467  216 216 216
3 4453 4627 4461  216 216 216
3 4627 4453 4628  216 216 216
3 4627 4628 4547  216 216 216
3 4627 4547 4554  216 216 216
3 4627 4554 4626  216 216 216
3 4627 4626 4461  216 216 216
3 4447 4629 4455  216 216 216
3 4629 4447 4630  216 216 216
3 4629 4630 4540  216 216 216
3 4629 4540 4548  216 216 216
3 4629 4548 4628  216 216 216
3 4629 4628 4455  216 216 216
3 4440 4631 4449  216 216 216
3 4631 4440 4610  216 216 216
3 4631 4610 4606  216 216 216
3 4631 4606 4541  216 216 216
3 4631 4541 4630  216 216 216
3 4631 4630 4449  216 216 216
3 4479 4620 4477  216 216 216
3 4575 4570 4567  216 216 216
3 4578 4571 4570  216 216 216
3 4571 4620 4572  216 216 216
3 4569 4564 4561  216 216 216
3 4473 4622 4471  216 216 216
3 4563 4558 4555  216 216 216
3 4467 4624 4465  216 216 216
3 4557 4552 4549  216 216 216
3 4461 4626 4459  216 216 216
3 4551 4546 4543  216 216 216
3 4455 4628 4453  216 216 216
3 4545 4539 4536  216 216 216
3 4449 4630 4447  216 216 216
3 4538 4542 4603  216 216 216
3 4442 4610 4440  216 216 216
3 4605 4600 4597  216 216 216
3 4509 4609 4507  216 216 216
3 4599 4594 4591  216 216 216
3 4503 4612 4501  216 216 216
3 4593 4588 4585  216 216 216
3 4497 4614 4495  216 216 216
3 4587 4582 4579  216 216 216
3 4491 4616 4489  216 216 216
3 4581 4576 4573  216 216 216
3 4485 4618 4483  216 216 216
3 4606 4542 4541  216 216 216
3 4630 4541 4540  216 216 216
3 4607 4606 4610  216 216 216
3 4548 4540 4539  216 216 216
3 4628 4548 4547  216 216 216
3 4554 4547 4546  216 216 216
3 4626 4554 4553  216 216 216
3 4560 4553 4552  216 216 216
3 4624 4560 4559  216 216 216
3 4566 4559 4558  216 216 216
3 4622 4566 4565  216 216 216
3 4572 4565 4564  216 216 216
3 4618 4578 4577  216 216 216
3 4584 4577 4576  216 216 216
3 4616 4584 4583  216 216 216
3 4590 4583 4582  216 216 216
3 4614 4590 4589  216 216 216
3 4596 4589 4588  216 216 216
3 4612 4596 4595  216 216 216
3 4602 4595 4594  216 216 216
3 4609 4602 4601  216 216 216
3 4607 4601 4600  216 216 216
3 4044 4536 4023  216 216 216
3 4536 4044 4545  216 216 216
3 4042 4543 4045  216 216 216
3 4543 4042 4551  216 216 216
3 4040 4549 4043  216 216 216
3 4549 4040 4557  216 216 216
3 4038 4555 4041  216 216 216
3 4555 4038 4563  216 216 216
3 4036 4561 4039  216 216 216
3 4561 4036 4569  216 216 216
3 4034 4567 4037  216 216 216
3 4567 4034 4575  216 216 216
3 4032 4573 4035  216 216 216
3 4573 4032 4581  216 216 216
3 4030 4579 4033  216 216 216
3 4579 4030 4587  216 216 216
3 4028 4585 4031  216 216 216
3 4585 4028 4593  216 216 216
3 4026 4591 4029  216 216 216
3 4591 4026 4599  216 216 216
3 4024 4597 4027  216 216 216
3 4597 4024 4605  216 216 216
3 4022 4603 4025  216 216 216
3 4603 4022 4538  216 216 216
3 4603 4605 4025  216 216 216
3 4025 4605 4024  216 216 216
3 4597 4599 4027  216 216 216
3 4027 4599 4026  216 216 216
3 4591 4593 4029  216 216 216
3 4029 4593 4028  216 216 216
3 4585 4587 4031  216 216 216
3 4031 4587 4030  216 216 216
3 4579 4581 4033  216 216 216
3 4033 4581 4032  216 216 216
3 4573 4575 4035  216 216 216
3 4035 4575 4034  216 216 216
3 4567 4569 4037  216 216 216
3 4037 4569 4036  216 216 216
3 4561 4563 4039  216 216 216
3 4039 4563 4038  216 216 216
3 4555 4557 4041  216 216 216
3 4041 4557 4040  216 216 216
3 4549 4551 4043  216 216 216
3 4043 4551 4042  216 216 216
3 4543 4545 4045  216 216 216
3 4045 4545 4044  216 216 216
3 4536 4538 4023  216 216 216
3 4023 4538 4022  216 216 216
3 3916 4632 3858  216 216 216
3 4632 4633 3858  216 216 216
3 4633 4634 3858  216 216 216
3 4634 4635 3858  216 216 216
3 4635 4636 3858  216 216 216
3 4636 4637 3858  216 216 216
3 4637 4638 3858  216 216 216
3 4639 3904 4640  216 216 216
3 3904 4639 3905  216 216 216
3 4641 3906 4642  216 216 216
3 3906 4641 3907  216 216 216
3 4643 3908 4644  216 216 216
3 3908 4643 3909  216 216 216
3 4645 3912 4646  216 216 216
3 3912 4645 3910  216 216 216
3 4647 3916 4648  216 216 216
3 3916 4647 4632  216 216 216
3 4649 4634 4650  216 216 216
3 4634 4649 4635  216 216 216
3 4651 4636 4652  216 216 216
3 4636 4651 4637  216 216 216
3 4653 4638 4654  216 216 216
3 4638 4653 3858  216 216 216
3 4655 3857 4656  216 216 216
3 3857 4655 3856  216 216 216
3 4657 3855 4658  216 216 216
3 3855 4657 3854  216 216 216
3 4659 3853 4660  216 216 216
3 3853 4659 3852  216 216 216
3 4661 3851 4662  216 216 216
3 3851 4661 3902  216 216 216
3 3916 3910 4648  216 216 216
3 4648 3910 4645  216 216 216
3 3912 3909 4646  216 216 216
3 4646 3909 4643  216 216 216
3 3908 3907 4644  216 216 216
3 4644 3907 4641  216 216 216
3 3906 3905 4642  216 216 216
3 4642 3905 4639  216 216 216
3 3904 3902 4640  216 216 216
3 4640 3902 4661  216 216 216
3 3851 3852 4662  216 216 216
3 4662 3852 4659  216 216 216
3 3853 3854 4660  216 216 216
3 4660 3854 4657  216 216 216
3 3855 3856 4658  216 216 216
3 4658 3856 4655  216 216 216
3 3857 3858 4656  216 216 216
3 4656 3858 4653  216 216 216
3 4638 4637 4654  216 216 216
3 4654 4637 4651  216 216 216
3 4636 4635 4652  216 216 216
3 4652 4635 4649  216 216 216
3 4634 4633 4650  216 216 216
3 4633 4632 4650  216 216 216
3 4650 4632 4647  216 216 216
3 4661 4663 4640  216 216 216
3 4663 4661 4664  216 216 216
3 4663 4664 4665  216 216 216
3 4663 4665 4666  216 216 216
3 4663 4666 4667  216 216 216
3 4663 4667 4640  216 216 216
3 4659 4668 4662  216 216 216
3 4668 4659 4669  216 216 216
3 4668 4669 4670  216 216 216
3 4668 4670 4671  216 216 216
3 4668 4671 4664  216 216 216
3 4668 4664 4662  216 216 216
3 4657 4672 4660  216 216 216
3 4672 4657 4673  216 216 216
3 4672 4673 4674  216 216 216
3 4672 4674 4675  216 216 216
3 4672 4675 4669  216 216 216
3 4672 4669 4660  216 216 216
3 4655 4676 4658  216 216 216
3 4676 4655 4677  216 216 216
3 4676 4677 4678  216 216 216
3 4676 4678 4679  216 216 216
3 4676 4679 4673  216 216 216
3 4676 4673 4658  216 216 216
3 4653 4680 4656  216 216 216
3 4680 4653 4681  216 216 216
3 4680 4681 4682  216 216 216
3 4680 4682 4683  216 216 216
3 4680 4683 4677  216 216 216
3 4680 4677 4656  216 216 216
3 4651 4684 4654  216 216 216
3 4684 4651 4685  216 216 216
3 4684 4685 4686  216 216 216
3 4684 4686 4687  216 216 216
3 4684 4687 4681  216 216 216
3 4684 4681 4654  216 216 216
3 4649 4688 4652  216 216 216
3 4688 4649 4689  216 216 216
3 4688 4689 4690  216 216 216
3 4688 4690 4691  216 216 216
3 4688 4691 4685  216 216 216
3 4688 4685 4652  216 216 216
3 4647 4692 4650  216 216 216
3 4692 4647 4693  216 216 216
3 4692 4693 4694  216 216 216
3 4692 4694 4695  216 216 216
3 4692 4695 4689  216 216 216
3 4692 4689 4650  216 216 216
3 4645 4696 4648  216 216 216
3 4696 4645 4697  216 216 216
3 4696 4697 4698  216 216 216
3 4696 4698 4699  216 216 216
3 4696 4699 4693  216 216 216
3 4696 4693 4648  216 216 216
3 4643 4700 4646  216 216 216
3 4700 4643 4701  216 216 216
3 4700 4701 4702  216 216 216
3 4700 4702 4703  216 216 216
3 4700 4703 4697  216 216 216
3 4700 4697 4646  216 216 216
3 4641 4704 4644  216 216 216
3 4704 4641 4705  216 216 216
3 4704 4705 4706  216 216 216
3 4704 4706 4707  216 216 216
3 4704 4707 4701  216 216 216
3 4704 4701 4644  216 216 216
3 4639 4708 4642  216 216 216
3 4708 4639 4667  216 216 216
3 4708 4667 4709  216 216 216
3 4708 4709 4710  216 216 216
3 4708 4710 4705  216 216 216
3 4708 4705 4642  216 216 216
3 4711 4710 4712  216 216 216
3 4710 4711 4706  216 216 216
3 4710 4706 4705  216 216 216
3 4713 4707 4714  216 216 216
3 4707 4713 4702  216 216 216
3 4707 4702 4701  216 216 216
3 4715 4703 4716  216 216 216
3 4703 4715 4698  216 216 216
3 4703 4698 4697  216 216 216
3 4717 4699 4718  216 216 216
3 4699 4717 4694  216 216 216
3 4699 4694 4693  216 216 216
3 4719 4695 4720  216 216 216
3 4695 4719 4690  216 216 216
3 4695 4690 4689  216 216 216
3 4721 4691 4722  216 216 216
3 4691 4721 4686  216 216 216
3 4691 4686 4685  216 216 216
3 4723 4687 4724  216 216 216
3 4687 4723 4682  216 216 216
3 4687 4682 4681  216 216 216
3 4725 4683 4726  216 216 216
3 4683 4725 4678  216 216 216
3 4683 4678 4677  216 216 216
3 4727 4679 4728  216 216 216
3 4679 4727 4674  216 216 216
3 4679 4674 4673  216 216 216
3 4729 4675 4730  216 216 216
3 4675 4729 4670  216 216 216
3 4675 4670 4669  216 216 216
3 4731 4671 4732  216 216 216
3 4671 4731 4665  216 216 216
3 4671 4665 4664  216 216 216
3 4733 4666 4734  216 216 216
3 4666 4733 4709  216 216 216
3 4666 4709 4667  216 216 216
3 4652 4685 4651  216 216 216
3 4721 4724 4686  216 216 216
3 4686 4724 4687  216 216 216
3 4719 4722 4690  216 216 216
3 4650 4689 4649  216 216 216
3 4717 4720 4694  216 216 216
3 4648 4693 4647  216 216 216
3 4715 4718 4698  216 216 216
3 4646 4697 4645  216 216 216
3 4713 4716 4702  216 216 216
3 4644 4701 4643  216 216 216
3 4711 4714 4706  216 216 216
3 4642 4705 4641  216 216 216
3 4733 4712 4709  216 216 216
3 4640 4667 4639  216 216 216
3 4731 4734 4665  216 216 216
3 4662 4664 4661  216 216 216
3 4729 4732 4670  216 216 216
3 4660 4669 4659  216 216 216
3 4727 4730 4674  216 216 216
3 4658 4673 4657  216 216 216
3 4725 4728 4678  216 216 216
3 4656 4677 4655  216 216 216
3 4723 4726 4682  216 216 216
3 4654 4681 4653  216 216 216
3 4734 4666 4665  216 216 216
3 4709 4712 4710  216 216 216
3 4732 4671 4670  216 216 216
3 4730 4675 4674  216 216 216
3 4728 4679 4678  216 216 216
3 4726 4683 4682  216 216 216
3 4722 4691 4690  216 216 216
3 4720 4695 4694  216 216 216
3 4718 4699 4698  216 216 216
3 4716 4703 4702  216 216 216
3 4714 4707 4706  216 216 216
3 4735 4736 4737  216 216 216
3 4736 4735 4738  216 216 216
3 4736 4738 4739  216 216 216
3 4736 4739 4740  216 216 216
3 4736 4740 4741  216 216 216
3 4736 4741 4737  216 216 216
3 4742 4743 4744  216 216 216
3 4743 4742 4745  216 216 216
3 4743 4745 3314  216 216 216
3 4743 3314 3310  216 216 216
3 4743 3310 4738  216 216 216
3 4743 4738 4744  216 216 216
3 4746 4747 4748  216 216 216
3 4747 4746 4749  216 216 216
3 4747 4749 3306  216 216 216
3 4747 3306 3308  216 216 216
3 4747 3308 4745  216 216 216
3 4747 4745 4748  216 216 216
3 4750 4751 4752  216 216 216
3 4751 4750 4753  216 216 216
3 4751 4753 3302  216 216 216
3 4751 3302 3304  216 216 216
3 4751 3304 4749  216 216 216
3 4751 4749 4752  216 216 216
3 4754 4755 4756  216 216 216
3 4755 4754 4757  216 216 216
3 4755 4757 3298  216 216 216
3 4755 3298 3300  216 216 216
3 4755 3300 4753  216 216 216
3 4755 4753 4756  216 216 216
3 4758 4759 4760  216 216 216
3 4759 4758 4761  216 216 216
3 4759 4761 3292  216 216 216
3 4759 3292 3294  216 216 216
3 4759 3294 4757  216 216 216
3 4759 4757 4760  216 216 216
3 4762 4763 4764  216 216 216
3 4763 4762 4765  216 216 216
3 4763 4765 3577  216 216 216
3 4763 3577 3581  216 216 216
3 4763 3581 3578  216 216 216
3 4763 3578 3580  216 216 216
3 4763 3580 4766  216 216 216
3 4763 4766 4764  216 216 216
3 4767 4768 4769  216 216 216
3 4768 4767 4770  216 216 216
3 4768 4770 3575  216 216 216
3 4768 3575 3583  216 216 216
3 4768 3583 4765  216 216 216
3 4768 4765 4769  216 216 216
3 4771 4772 4773  216 216 216
3 4772 4771 4774  216 216 216
3 4772 4774 4775  216 216 216
3 4772 4775 3572  216 216 216
3 4772 3572 3573  216 216 216
3 4772 3573 4770  216 216 216
3 4772 4770 4773  216 216 216
3 4776 4777 4778  216 216 216
3 4777 4776 4779  216 216 216
3 4777 4779 4780  216 216 216
3 4777 4780 4781  216 216 216
3 4777 4781 4774  216 216 216
3 4777 4774 4778  216 216 216
3 4782 4783 4784  216 216 216
3 4783 4782 4785  216 216 216
3 4783 4785 4786  216 216 216
3 4783 4786 4787  216 216 216
3 4783 4787 4779  216 216 216
3 4783 4779 4784  216 216 216
3 4788 4789 4790  216 216 216
3 4789 4788 4741  216 216 216
3 4789 4741 4791  216 216 216
3 4789 4791 4792  216 216 216
3 4789 4792 4785  216 216 216
3 4789 4785 4790  216 216 216
3 3563 4740 3312  216 216 216
3 4740 3563 4791  216 216 216
3 4740 4791 4741  216 216 216
3 3563 3585 4791  216 216 216
3 3565 4792 3564  216 216 216
3 4792 3565 4786  216 216 216
3 4792 4786 4785  216 216 216
3 3565 3566 4786  216 216 216
3 3567 4787 3584  216 216 216
3 4787 3567 4780  216 216 216
3 4787 4780 4779  216 216 216
3 3569 4781 3568  216 216 216
3 3569 3570 4781  216 216 216
3 3570 3571 4781  216 216 216
3 4781 3571 4775  216 216 216
3 4781 4775 4774  216 216 216
3 3573 3574 4770  216 216 216
3 3574 3575 4770  216 216 216
3 3583 3576 4765  216 216 216
3 3576 3582 4765  216 216 216
3 3582 3577 4765  216 216 216
3 3580 3579 4766  216 216 216
3 4766 3579 4761  216 216 216
3 4766 4761 4764  216 216 216
3 3579 3290 4761  216 216 216
3 3294 3296 4757  216 216 216
3 3296 3298 4757  216 216 216
3 3300 3317 4753  216 216 216
3 3317 3302 4753  216 216 216
3 3304 3316 4749  216 216 216
3 3316 3306 4749  216 216 216
3 3308 3315 4745  216 216 216
3 3315 3314 4745  216 216 216
3 3310 3313 4738  216 216 216
3 4738 3313 4739  216 216 216
3 4775 3571 3572  216 216 216
3 4758 4764 4761  216 216 216
3 3312 4740 4739  216 216 216
3 3312 4739 3313  216 216 216
3 3564 4792 4791  216 216 216
3 3564 4791 3585  216 216 216
3 3584 4787 4786  216 216 216
3 3584 4786 3566  216 216 216
3 3568 4781 4780  216 216 216
3 3568 4780 3567  216 216 216
3 4788 4737 4741  216 216 216
3 4744 4738 4735  216 216 216
3 4748 4745 4742  216 216 216
3 4752 4749 4746  216 216 216
3 4756 4753 4750  216 216 216
3 4760 4757 4754  216 216 216
3 3290 3292 4761  216 216 216
3 4769 4765 4762  216 216 216
3 4773 4770 4767  216 216 216
3 4778 4774 4771  216 216 216
3 4784 4779 4776  216 216 216
3 4790 4785 4782  216 216 216
3 4793 4794 4795  216 216 216
3 4794 4793 4796  216 216 216
3 4794 4796 4797  216 216 216
3 4794 4797 4798  216 216 216
3 4794 4798 4799  216 216 216
3 4794 4799 4795  216 216 216
3 4800 4801 4802  216 216 216
3 4801 4800 4803  216 216 216
3 4801 4803 4804  216 216 216
3 4801 4804 4805  216 216 216
3 4801 4805 4796  216 216 216
3 4801 4796 4802  216 216 216
3 4806 4807 4808  216 216 216
3 4807 4806 4809  216 216 216
3 4807 4809 4810  216 216 216
3 4807 4810 4811  216 216 216
3 4807 4811 4803  216 216 216
3 4807 4803 4808  216 216 216
3 4812 4813 4814  216 216 216
3 4813 4812 4815  216 216 216
3 4813 4815 4816  216 216 216
3 4813 4816 4817  216 216 216
3 4813 4817 4809  216 216 216
3 4813 4809 4814  216 216 216
3 4818 4819 4820  216 216 216
3 4819 4818 4821  216 216 216
3 4819 4821 4822  216 216 216
3 4819 4822 4823  216 216 216
3 4819 4823 4815  216 216 216
3 4819 4815 4820  216 216 216
3 4824 4825 4826  216 216 216
3 4825 4824 4827  216 216 216
3 4825 4827 4828  216 216 216
3 4825 4828 4829  216 216 216
3 4825 4829 4821  216 216 216
3 4825 4821 4826  216 216 216
3 4830 4831 4832  216 216 216
3 4831 4830 4833  216 216 216
3 4831 4833 4834  216 216 216
3 4831 4834 4835  216 216 216
3 4831 4835 4827  216 216 216
3 4831 4827 4832  216 216 216
3 4836 4837 4838  216 216 216
3 4837 4836 4839  216 216 216
3 4837 4839 4840  216 216 216
3 4837 4840 4841  216 216 216
3 4837 4841 4833  216 216 216
3 4837 4833 4838  216 216 216
3 4842 4843 4844  216 216 216
3 4843 4842 4845  216 216 216
3 4843 4845 4846  216 216 216
3 4843 4846 4847  216 216 216
3 4843 4847 4839  216 216 216
3 4843 4839 4844  216 216 216
3 4848 4849 4850  216 216 216
3 4849 4848 4851  216 216 216
3 4849 4851 4852  216 216 216
3 4849 4852 4853  216 216 216
3 4849 4853 4845  216 216 216
3 4849 4845 4850  216 216 216
3 4854 4855 4856  216 216 216
3 4855 4854 4857  216 216 216
3 4855 4857 4858  216 216 216
3 4855 4858 4859  216 216 216
3 4855 4859 4851  216 216 216
3 4855 4851 4856  216 216 216
3 4860 4861 4862  216 216 216
3 4861 4860 4799  216 216 216
3 4861 4799 4863  216 216 216
3 4861 4863 4864  216 216 216
3 4861 4864 4857  216 216 216
3 4861 4857 4862  216 216 216
3 4788 4865 4737  216 216 216
3 4865 4788 4866  216 216 216
3 4865 4866 4867  216 216 216
3 4865 4867 4868  216 216 216
3 4865 4868 4869  216 216 216
3 4865 4869 4737  216 216 216
3 4782 4870 4790  216 216 216
3 4870 4782 4871  216 216 216
3 4870 4871 4872  216 216 216
3 4870 4872 4873  216 216 216
3 4870 4873 4866  216 216 216
3 4870 4866 4790  216 216 216
3 4776 4874 4784  216 216 216
3 4874 4776 4875  216 216 216
3 4874 4875 4876  216 216 216
3 4874 4876 4877  216 216 216
3 4874 4877 4871  216 216 216
3 4874 4871 4784  216 216 216
3 4771 4878 4778  216 216 216
3 4878 4771 4879  216 216 216
3 4878 4879 4880  216 216 216
3 4878 4880 4881  216 216 216
3 4878 4881 4875  216 216 216
3 4878 4875 4778  216 216 216
3 4767 4882 4773  216 216 216
3 4882 4767 4883  216 216 216
3 4882 4883 4884  216 216 216
3 4882 4884 4885  216 216 216
3 4882 4885 4879  216 216 216
3 4882 4879 4773  216 216 216
3 4762 4886 4769  216 216 216
3 4886 4762 4887  216 216 216
3 4886 4887 4888  216 216 216
3 4886 4888 4889  216 216 216
3 4886 4889 4883  216 216 216
3 4886 4883 4769  216 216 216
3 4758 4890 4764  216 216 216
3 4890 4758 4891  216 216 216
3 4890 4891 4892  216 216 216
3 4890 4892 4893  216 216 216
3 4890 4893 4887  216 216 216
3 4890 4887 4764  216 216 216
3 4754 4894 4760  216 216 216
3 4894 4754 4895  216 216 216
3 4894 4895 4896  216 216 216
3 4894 4896 4897  216 216 216
3 4894 4897 4891  216 216 216
3 4894 4891 4760  216 216 216
3 4750 4898 4756  216 216 216
3 4898 4750 4899  216 216 216
3 4898 4899 4900  216 216 216
3 4898 4900 4901  216 216 216
3 4898 4901 4895  216 216 216
3 4898 4895 4756  216 216 216
3 4746 4902 4752  216 216 216
3 4902 4746 4903  216 216 216
3 4902 4903 4904  216 216 216
3 4902 4904 4905  216 216 216
3 4902 4905 4899  216 216 216
3 4902 4899 4752  216 216 216
3 4742 4906 4748  216 216 216
3 4906 4742 4907  216 216 216
3 4906 4907 4908  216 216 216
3 4906 4908 4909  216 216 216
3 4906 4909 4903  216 216 216
3 4906 4903 4748  216 216 216
3 4735 4910 4744  216 216 216
3 4910 4735 4869  216 216 216
3 4910 4869 4911  216 216 216
3 4910 4911 4912  216 216 216
3 4910 4912 4907  216 216 216
3 4910 4907 4744  216 216 216
3 4832 4827 4824  216 216 216
3 4764 4887 4762  216 216 216
3 4828 4888 4829  216 216 216
3 4827 4835 4828  216 216 216
3 4829 4888 4893  216 216 216
3 4829 4893 4822  216 216 216
3 4829 4822 4821  216 216 216
3 4888 4828 4889  216 216 216
3 4893 4888 4887  216 216 216
3 4769 4883 4767  216 216 216
3 4838 4833 4830  216 216 216
3 4773 4879 4771  216 216 216
3 4844 4839 4836  216 216 216
3 4778 4875 4776  216 216 216
3 4850 4845 4842  216 216 216
3 4784 4871 4782  216 216 216
3 4856 4851 4848  216 216 216
3 4790 4866 4788  216 216 216
3 4862 4857 4854  216 216 216
3 4737 4869 4735  216 216 216
3 4795 4799 4860  216 216 216
3 4744 4907 4742  216 216 216
3 4802 4796 4793  216 216 216
3 4748 4903 4746  216 216 216
3 4808 4803 4800  216 216 216
3 4752 4899 4750  216 216 216
3 4814 4809 4806  216 216 216
3 4756 4895 4754  216 216 216
3 4820 4815 4812  216 216 216
3 4760 4891 4758  216 216 216
3 4826 4821 4818  216 216 216
3 4863 4799 4798  216 216 216
3 4863 4798 4912  216 216 216
3 4863 4912 4911  216 216 216
3 4863 4911 4864  216 216 216
3 4912 4798 4908  216 216 216
3 4912 4908 4907  216 216 216
3 4864 4911 4868  216 216 216
3 4864 4868 4858  216 216 216
3 4864 4858 4857  216 216 216
3 4868 4911 4869  216 216 216
3 4909 4908 4797  216 216 216
3 4909 4797 4805  216 216 216
3 4909 4805 4904  216 216 216
3 4909 4904 4903  216 216 216
3 4797 4796 4805  216 216 216
3 4798 4797 4908  216 216 216
3 4904 4805 4804  216 216 216
3 4904 4804 4905  216 216 216
3 4905 4804 4811  216 216 216
3 4905 4811 4900  216 216 216
3 4905 4900 4899  216 216 216
3 4811 4804 4803  216 216 216
3 4900 4811 4810  216 216 216
3 4900 4810 4901  216 216 216
3 4901 4810 4817  216 216 216
3 4901 4817 4896  216 216 216
3 4901 4896 4895  216 216 216
3 4817 4810 4809  216 216 216
3 4896 4817 4816  216 216 216
3 4896 4816 4897  216 216 216
3 4897 4816 4823  216 216 216
3 4897 4823 4892  216 216 216
3 4897 4892 4891  216 216 216
3 4823 4816 4815  216 216 216
3 4892 4823 4822  216 216 216
3 4892 4822 4893  216 216 216
3 4828 4835 4889  216 216 216
3 4889 4835 4884  216 216 216
3 4889 4884 4883  216 216 216
3 4885 4884 4834  216 216 216
3 4885 4834 4841  216 216 216
3 4885 4841 4880  216 216 216
3 4885 4880 4879  216 216 216
3 4834 4833 4841  216 216 216
3 4835 4834 4884  216 216 216
3 4880 4841 4840  216 216 216
3 4880 4840 4881  216 216 216
3 4881 4840 4847  216 216 216
3 4881 4847 4876  216 216 216
3 4881 4876 4875  216 216 216
3 4847 4840 4839  216 216 216
3 4876 4847 4846  216 216 216
3 4876 4846 4877  216 216 216
3 4877 4846 4853  216 216 216
3 4877 4853 4872  216 216 216
3 4877 4872 4871  216 216 216
3 4853 4846 4845  216 216 216
3 4872 4853 4852  216 216 216
3 4872 4852 4873  216 216 216
3 4873 4852 4859  216 216 216
3 4873 4859 4867  216 216 216
3 4873 4867 4866  216 216 216
3 4859 4852 4851  216 216 216
3 4867 4859 4858  216 216 216
3 4867 4858 4868  216 216 216
3 4913 4914 4915  216 216 216
3 4914 4913 4916  216 216 216
3 4914 4916 4917  216 216 216
3 4914 4917 4918  216 216 216
3 4914 4918 4919  216 216 216
3 4914 4919 4915  216 216 216
3 4920 4921 4922  216 216 216
3 4921 4920 4923  216 216 216
3 4921 4923 4924  216 216 216
3 4921 4924 4925  216 216 216
3 4921 4925 4916  216 216 216
3 4921 4916 4922  216 216 216
3 4926 4927 4928  216 216 216
3 4927 4926 4929  216 216 216
3 4927 4929 4930  216 216 216
3 4927 4930 4931  216 216 216
3 4927 4931 4923  216 216 216
3 4927 4923 4928  216 216 216
3 4932 4933 4934  216 216 216
3 4933 4932 4935  216 216 216
3 4933 4935 4936  216 216 216
3 4933 4936 4937  216 216 216
3 4933 4937 4929  216 216 216
3 4933 4929 4934  216 216 216
3 4938 4939 4940  216 216 216
3 4939 4938 4941  216 216 216
3 4939 4941 4942  216 216 216
3 4939 4942 4943  216 216 216
3 4939 4943 4935  216 216 216
3 4939 4935 4940  216 216 216
3 4944 4945 4946  216 216 216
3 4945 4944 4947  216 216 216
3 4945 4947 4948  216 216 216
3 4945 4948 4949  216 216 216
3 4945 4949 4941  216 216 216
3 4945 4941 4946  216 216 216
3 4950 4951 4952  216 216 216
3 4951 4950 4953  216 216 216
3 4951 4953 4954  216 216 216
3 4951 4954 4955  216 216 216
3 4951 4955 4947  216 216 216
3 4951 4947 4952  216 216 216
3 4956 4957 4958  216 216 216
3 4957 4956 4959  216 216 216
3 4957 4959 4960  216 216 216
3 4957 4960 4961  216 216 216
3 4957 4961 4953  216 216 216
3 4957 4953 4958  216 216 216
3 4962 4963 4964  216 216 216
3 4963 4962 4965  216 216 216
3 4963 4965 4966  216 216 216
3 4963 4966 4967  216 216 216
3 4963 4967 4959  216 216 216
3 4963 4959 4964  216 216 216
3 4968 4969 4970  216 216 216
3 4969 4968 4971  216 216 216
3 4969 4971 4972  216 216 216
3 4969 4972 4973  216 216 216
3 4969 4973 4965  216 216 216
3 4969 4965 4970  216 216 216
3 4974 4975 4976  216 216 216
3 4975 4974 4977  216 216 216
3 4975 4977 4978  216 216 216
3 4975 4978 4979  216 216 216
3 4975 4979 4971  216 216 216
3 4975 4971 4976  216 216 216
3 4980 4981 4982  216 216 216
3 4981 4980 4919  216 216 216
3 4981 4919 4983  216 216 216
3 4981 4983 4984  216 216 216
3 4981 4984 4977  216 216 216
3 4981 4977 4982  216 216 216
3 4860 4985 4795  216 216 216
3 4985 4860 4986  216 216 216
3 4985 4986 4987  216 216 216
3 4985 4987 4988  216 216 216
3 4985 4988 4989  216 216 216
3 4985 4989 4795  216 216 216
3 4854 4990 4862  216 216 216
3 4990 4854 4991  216 216 216
3 4990 4991 4992  216 216 216
3 4990 4992 4993  216 216 216
3 4990 4993 4986  216 216 216
3 4990 4986 4862  216 216 216
3 4848 4994 4856  216 216 216
3 4994 4848 4995  216 216 216
3 4994 4995 4996  216 216 216
3 4994 4996 4997  216 216 216
3 4994 4997 4991  216 216 216
3 4994 4991 4856  216 216 216
3 4842 4998 4850  216 216 216
3 4998 4842 4999  216 216 216
3 4998 4999 5000  216 216 216
3 4998 5000 5001  216 216 216
3 4998 5001 4995  216 216 216
3 4998 4995 4850  216 216 216
3 4836 5002 4844  216 216 216
3 5002 4836 5003  216 216 216
3 5002 5003 5004  216 216 216
3 5002 5004 5005  216 216 216
3 5002 5005 4999  216 216 216
3 5002 4999 4844  216 216 216
3 4830 5006 4838  216 216 216
3 5006 4830 5007  216 216 216
3 5006 5007 5008  216 216 216
3 5006 5008 5009  216 216 216
3 5006 5009 5003  216 216 216
3 5006 5003 4838  216 216 216
3 4824 5010 4832  216 216 216
3 5010 4824 5011  216 216 216
3 5010 5011 5012  216 216 216
3 5010 5012 5013  216 216 216
3 5010 5013 5007  216 216 216
3 5010 5007 4832  216 216 216
3 4818 5014 4826  216 216 216
3 5014 4818 5015  216 216 216
3 5014 5015 5016  216 216 216
3 5014 5016 5017  216 216 216
3 5014 5017 5011  216 216 216
3 5014 5011 4826  216 216 216
3 4812 5018 4820  216 216 216
3 5018 4812 5019  216 216 216
3 5018 5019 5020  216 216 216
3 5018 5020 5021  216 216 216
3 5018 5021 5015  216 216 216
3 5018 5015 4820  216 216 216
3 4806 5022 4814  216 216 216
3 5022 4806 5023  216 216 216
3 5022 5023 5024  216 216 216
3 5022 5024 5025  216 216 216
3 5022 5025 5019  216 216 216
3 5022 5019 4814  216 216 216
3 4800 5026 4808  216 216 216
3 5026 4800 5027  216 216 216
3 5026 5027 5028  216 216 216
3 5026 5028 5029  216 216 216
3 5026 5029 5023  216 216 216
3 5026 5023 4808  216 216 216
3 4793 5030 4802  216 216 216
3 5030 4793 4989  216 216 216
3 5030 4989 5031  216 216 216
3 5030 5031 5032  216 216 216
3 5030 5032 5027  216 216 216
3 5030 5027 4802  216 216 216
3 4952 4947 4944  216 216 216
3 4832 5007 4830  216 216 216
3 4948 5033 4949  216 216 216
3 4947 4955 4948  216 216 216
3 5033 5034 5035  216 216 216
3 5033 5035 4949  216 216 216
3 5033 4948 5036  216 216 216
3 5033 5036 5037  216 216 216
3 5033 5037 5034  216 216 216
3 5034 5038 5039  216 216 216
3 5034 5039 5035  216 216 216
3 5038 5040 5041  216 216 216
3 5038 5041 5039  216 216 216
3 5038 5034 5042  216 216 216
3 5038 5042 5043  216 216 216
3 5038 5043 5040  216 216 216
3 5040 5008 5044  216 216 216
3 5040 5044 5041  216 216 216
3 5044 5008 5013  216 216 216
3 5044 5013 5045  216 216 216
3 5044 5045 5046  216 216 216
3 5044 5046 5041  216 216 216
3 5008 5040 5009  216 216 216
3 5013 5008 5007  216 216 216
3 4838 5003 4836  216 216 216
3 4958 4953 4950  216 216 216
3 4844 4999 4842  216 216 216
3 4964 4959 4956  216 216 216
3 4850 4995 4848  216 216 216
3 4970 4965 4962  216 216 216
3 4856 4991 4854  216 216 216
3 4976 4971 4968  216 216 216
3 4862 4986 4860  216 216 216
3 4982 4977 4974  216 216 216
3 4795 4989 4793  216 216 216
3 4915 4919 4980  216 216 216
3 4802 5027 4800  216 216 216
3 4922 4916 4913  216 216 216
3 4808 5023 4806  216 216 216
3 4928 4923 4920  216 216 216
3 4814 5019 4812  216 216 216
3 4934 4929 4926  216 216 216
3 4820 5015 4818  216 216 216
3 4940 4935 4932  216 216 216
3 4826 5011 4824  216 216 216
3 4946 4941 4938  216 216 216
3 4983 4919 4918  216 216 216
3 4983 4918 5047  216 216 216
3 4983 5047 5048  216 216 216
3 4983 5048 4984  216 216 216
3 5047 5049 5048  216 216 216
3 5047 4918 5050  216 216 216
3 5047 5050 5051  216 216 216
3 5047 5051 5049  216 216 216
3 5049 5052 5053  216 216 216
3 5049 5053 5048  216 216 216
3 5052 5054 5055  216 216 216
3 5052 5055 5053  216 216 216
3 5052 5049 5056  216 216 216
3 5052 5056 5057  216 216 216
3 5052 5057 5054  216 216 216
3 5054 5032 5058  216 216 216
3 5054 5058 5055  216 216 216
3 5058 5032 5031  216 216 216
3 5058 5031 5059  216 216 216
3 5058 5059 5060  216 216 216
3 5058 5060 5055  216 216 216
3 5032 5054 5028  216 216 216
3 5032 5028 5027  216 216 216
3 5059 5031 4988  216 216 216
3 5059 4988 5061  216 216 216
3 5059 5061 5062  216 216 216
3 5059 5062 5060  216 216 216
3 5053 5055 5063  216 216 216
3 5053 5063 5064  216 216 216
3 5053 5064 5048  216 216 216
3 4984 5048 5064  216 216 216
3 4984 5064 4978  216 216 216
3 4984 4978 4977  216 216 216
3 4988 5031 4989  216 216 216
3 4918 4917 5050  216 216 216
3 4916 4925 4917  216 216 216
3 5050 4917 5065  216 216 216
3 5050 5065 5066  216 216 216
3 5050 5066 5051  216 216 216
3 5049 5051 5056  216 216 216
3 5056 5051 5067  216 216 216
3 5056 5067 5068  216 216 216
3 5056 5068 5057  216 216 216
3 5029 5028 5057  216 216 216
3 5029 5057 5068  216 216 216
3 5029 5068 5024  216 216 216
3 5029 5024 5023  216 216 216
3 5054 5057 5028  216 216 216
3 4917 4925 5065  216 216 216
3 5065 4925 5069  216 216 216
3 5065 5069 5070  216 216 216
3 5065 5070 5066  216 216 216
3 5051 5066 5067  216 216 216
3 5067 5066 5071  216 216 216
3 5067 5071 5072  216 216 216
3 5067 5072 5068  216 216 216
3 5024 5068 5072  216 216 216
3 5024 5072 5025  216 216 216
3 4925 4924 5069  216 216 216
3 4923 4931 4924  216 216 216
3 5069 4924 5073  216 216 216
3 5069 5073 5074  216 216 216
3 5069 5074 5070  216 216 216
3 5066 5070 5071  216 216 216
3 5071 5070 5075  216 216 216
3 5071 5075 5076  216 216 216
3 5071 5076 5072  216 216 216
3 5025 5072 5076  216 216 216
3 5025 5076 5020  216 216 216
3 5025 5020 5019  216 216 216
3 4924 4931 5073  216 216 216
3 5073 4931 5077  216 216 216
3 5073 5077 5078  216 216 216
3 5073 5078 5074  216 216 216
3 5070 5074 5075  216 216 216
3 5075 5074 5079  216 216 216
3 5075 5079 5080  216 216 216
3 5075 5080 5076  216 216 216
3 5020 5076 5080  216 216 216
3 5020 5080 5021  216 216 216
3 4931 4930 5077  216 216 216
3 4929 4937 4930  216 216 216
3 5077 4930 5081  216 216 216
3 5077 5081 5082  216 216 216
3 5077 5082 5078  216 216 216
3 5074 5078 5079  216 216 216
3 5079 5078 5083  216 216 216
3 5079 5083 5084  216 216 216
3 5079 5084 5080  216 216 216
3 5021 5080 5084  216 216 216
3 5021 5084 5016  216 216 216
3 5021 5016 5015  216 216 216
3 4930 4937 5081  216 216 216
3 5081 4937 5085  216 216 216
3 5081 5085 5086  216 216 216
3 5081 5086 5082  216 216 216
3 5078 5082 5083  216 216 216
3 5083 5082 5087  216 216 216
3 5083 5087 5088  216 216 216
3 5083 5088 5084  216 216 216
3 5016 5084 5088  216 216 216
3 5016 5088 5017  216 216 216
3 4937 4936 5085  216 216 216
3 4935 4943 4936  216 216 216
3 5085 4936 5089  216 216 216
3 5085 5089 5090  216 216 216
3 5085 5090 5086  216 216 216
3 5082 5086 5087  216 216 216
3 5087 5086 5091  216 216 216
3 5087 5091 5092  216 216 216
3 5087 5092 5088  216 216 216
3 5017 5088 5092  216 216 216
3 5017 5092 5012  216 216 216
3 5017 5012 5011  216 216 216
3 4936 4943 5089  216 216 216
3 5089 4943 5093  216 216 216
3 5089 5093 5094  216 216 216
3 5089 5094 5090  216 216 216
3 5086 5090 5091  216 216 216
3 5091 5090 5046  216 216 216
3 5091 5046 5045  216 216 216
3 5091 5045 5092  216 216 216
3 5012 5092 5045  216 216 216
3 5012 5045 5013  216 216 216
3 4943 4942 5093  216 216 216
3 4941 4949 4942  216 216 216
3 4949 5035 4942  216 216 216
3 5041 5046 5094  216 216 216
3 5041 5094 5039  216 216 216
3 5035 5039 5093  216 216 216
3 5035 5093 4942  216 216 216
3 5090 5094 5046  216 216 216
3 5039 5094 5093  216 216 216
3 4948 4955 5036  216 216 216
3 5036 4955 5095  216 216 216
3 5036 5095 5096  216 216 216
3 5036 5096 5037  216 216 216
3 5034 5037 5042  216 216 216
3 5042 5037 5097  216 216 216
3 5042 5097 5098  216 216 216
3 5042 5098 5043  216 216 216
3 5040 5043 5009  216 216 216
3 5009 5043 5004  216 216 216
3 5009 5004 5003  216 216 216
3 4955 4954 5095  216 216 216
3 4953 4961 4954  216 216 216
3 5095 4954 5099  216 216 216
3 5095 5099 5100  216 216 216
3 5095 5100 5096  216 216 216
3 5037 5096 5097  216 216 216
3 5097 5096 5101  216 216 216
3 5097 5101 5102  216 216 216
3 5097 5102 5098  216 216 216
3 5005 5004 5098  216 216 216
3 5005 5098 5102  216 216 216
3 5005 5102 5000  216 216 216
3 5005 5000 4999  216 216 216
3 5043 5098 5004  216 216 216
3 4954 4961 5099  216 216 216
3 5099 4961 5103  216 216 216
3 5099 5103 5104  216 216 216
3 5099 5104 5100  216 216 216
3 5096 5100 5101  216 216 216
3 5101 5100 5105  216 216 216
3 5101 5105 5106  216 216 216
3 5101 5106 5102  216 216 216
3 5000 5102 5106  216 216 216
3 5000 5106 5001  216 216 216
3 4961 4960 5103  216 216 216
3 4959 4967 4960  216 216 216
3 5103 4960 5107  216 216 216
3 5103 5107 5108  216 216 216
3 5103 5108 5104  216 216 216
3 5100 5104 5105  216 216 216
3 5105 5104 5109  216 216 216
3 5105 5109 5110  216 216 216
3 5105 5110 5106  216 216 216
3 5001 5106 5110  216 216 216
3 5001 5110 4996  216 216 216
3 5001 4996 4995  216 216 216
3 4960 4967 5107  216 216 216
3 5107 4967 5111  216 216 216
3 5107 5111 5112  216 216 216
3 5107 5112 5108  216 216 216
3 5104 5108 5109  216 216 216
3 5109 5108 5113  216 216 216
3 5109 5113 5114  216 216 216
3 5109 5114 5110  216 216 216
3 4996 5110 5114  216 216 216
3 4996 5114 4997  216 216 216
3 4967 4966 5111  216 216 216
3 4965 4973 4966  216 216 216
3 5111 4966 5115  216 216 216
3 5111 5115 5116  216 216 216
3 5111 5116 5112  216 216 216
3 5108 5112 5113  216 216 216
3 5113 5112 5117  216 216 216
3 5113 5117 5118  216 216 216
3 5113 5118 5114  216 216 216
3 4997 5114 5118  216 216 216
3 4997 5118 4992  216 216 216
3 4997 4992 4991  216 216 216
3 4966 4973 5115  216 216 216
3 5115 4973 5119  216 216 216
3 5115 5119 5120  216 216 216
3 5115 5120 5116  216 216 216
3 5112 5116 5117  216 216 216
3 5117 5116 5121  216 216 216
3 5117 5121 5122  216 216 216
3 5117 5122 5118  216 216 216
3 4992 5118 5122  216 216 216
3 4992 5122 4993  216 216 216
3 4973 4972 5119  216 216 216
3 4971 4979 4972  216 216 216
3 5119 4972 5123  216 216 216
3 5119 5123 5124  216 216 216
3 5119 5124 5120  216 216 216
3 5116 5120 5121  216 216 216
3 5121 5120 5125  216 216 216
3 5121 5125 5126  216 216 216
3 5121 5126 5122  216 216 216
3 4993 5122 5126  216 216 216
3 4993 5126 4987  216 216 216
3 4993 4987 4986  216 216 216
3 4972 4979 5123  216 216 216
3 5123 4979 5127  216 216 216
3 5123 5127 5128  216 216 216
3 5123 5128 5124  216 216 216
3 5120 5124 5125  216 216 216
3 5125 5124 5062  216 216 216
3 5125 5062 5061  216 216 216
3 5125 5061 5126  216 216 216
3 4987 5126 5061  216 216 216
3 4987 5061 4988  216 216 216
3 4979 4978 5127  216 216 216
3 4978 5064 5127  216 216 216
3 5060 5062 5128  216 216 216
3 5060 5128 5063  216 216 216
3 5060 5063 5055  216 216 216
3 5064 5063 5127  216 216 216
3 5124 5128 5062  216 216 216
3 5063 5128 5127  216 216 216
3 5129 5130 5131  216 216 216
3 5130 5129 5132  216 216 216
3 5130 5132 5133  216 216 216
3 5130 5133 5134  216 216 216
3 5130 5134 5135  216 216 216
3 5130 5135 5131  216 216 216
3 5136 5137 5138  216 216 216
3 5137 5136 5139  216 216 216
3 5137 5139 5140  216 216 216
3 5137 5140 5141  216 216 216
3 5137 5141 5132  216 216 216
3 5137 5132 5138  216 216 216
3 5142 5143 5144  216 216 216
3 5143 5142 5145  216 216 216
3 5143 5145 5146  216 216 216
3 5143 5146 5147  216 216 216
3 5143 5147 5139  216 216 216
3 5143 5139 5144  216 216 216
3 5148 5149 5150  216 216 216
3 5149 5148 5151  216 216 216
3 5149 5151 5152  216 216 216
3 5149 5152 5153  216 216 216
3 5149 5153 5145  216 216 216
3 5149 5145 5150  216 216 216
3 5154 5155 5156  216 216 216
3 5155 5154 5157  216 216 216
3 5155 5157 5158  216 216 216
3 5155 5158 5159  216 216 216
3 5155 5159 5151  216 216 216
3 5155 5151 5156  216 216 216
3 5160 5161 5162  216 216 216
3 5161 5160 5163  216 216 216
3 5161 5163 5164  216 216 216
3 5161 5164 5165  216 216 216
3 5161 5165 5157  216 216 216
3 5161 5157 5162  216 216 216
3 5166 5167 5168  216 216 216
3 5167 5166 5169  216 216 216
3 5167 5169 5170  216 216 216
3 5167 5170 5171  216 216 216
3 5167 5171 5163  216 216 216
3 5167 5163 5168  216 216 216
3 5172 5173 5174  216 216 216
3 5173 5172 5175  216 216 216
3 5173 5175 5176  216 216 216
3 5173 5176 5177  216 216 216
3 5173 5177 5169  216 216 216
3 5173 5169 5174  216 216 216
3 5178 5179 5180  216 216 216
3 5179 5178 5181  216 216 216
3 5179 5181 5182  216 216 216
3 5179 5182 5183  216 216 216
3 5179 5183 5175  216 216 216
3 5179 5175 5180  216 216 216
3 5184 5185 5186  216 216 216
3 5185 5184 5187  216 216 216
3 5185 5187 5188  216 216 216
3 5185 5188 5189  216 216 216
3 5185 5189 5181  216 216 216
3 5185 5181 5186  216 216 216
3 5190 5191 5192  216 216 216
3 5191 5190 5193  216 216 216
3 5191 5193 5194  216 216 216
3 5191 5194 5195  216 216 216
3 5191 5195 5187  216 216 216
3 5191 5187 5192  216 216 216
3 5196 5197 5198  216 216 216
3 5197 5196 5135  216 216 216
3 5197 5135 5199  216 216 216
3 5197 5199 5200  216 216 216
3 5197 5200 5193  216 216 216
3 5197 5193 5198  216 216 216
3 4980 5201 4915  216 216 216
3 5201 4980 5202  216 216 216
3 5201 5202 5194  216 216 216
3 5201 5194 5200  216 216 216
3 5201 5200 5203  216 216 216
3 5201 5203 4915  216 216 216
3 4974 5204 4982  216 216 216
3 5204 4974 5205  216 216 216
3 5204 5205 5188  216 216 216
3 5204 5188 5195  216 216 216
3 5204 5195 5202  216 216 216
3 5204 5202 4982  216 216 216
3 4968 5206 4976  216 216 216
3 5206 4968 5207  216 216 216
3 5206 5207 5182  216 216 216
3 5206 5182 5189  216 216 216
3 5206 5189 5205  216 216 216
3 5206 5205 4976  216 216 216
3 4962 5208 4970  216 216 216
3 5208 4962 5209  216 216 216
3 5208 5209 5176  216 216 216
3 5208 5176 5183  216 216 216
3 5208 5183 5207  216 216 216
3 5208 5207 4970  216 216 216
3 4956 5210 4964  216 216 216
3 5210 4956 5211  216 216 216
3 5210 5211 5170  216 216 216
3 5210 5170 5177  216 216 216
3 5210 5177 5209  216 216 216
3 5210 5209 4964  216 216 216
3 4950 5212 4958  216 216 216
3 5212 4950 5213  216 216 216
3 5212 5213 5164  216 216 216
3 5212 5164 5171  216 216 216
3 5212 5171 5211  216 216 216
3 5212 5211 4958  216 216 216
3 4944 5214 4952  216 216 216
3 5214 4944 5215  216 216 216
3 5214 5215 5158  216 216 216
3 5214 5158 5165  216 216 216
3 5214 5165 5213  216 216 216
3 5214 5213 4952  216 216 216
3 4938 5216 4946  216 216 216
3 5216 4938 5217  216 216 216
3 5216 5217 5152  216 216 216
3 5216 5152 5159  216 216 216
3 5216 5159 5215  216 216 216
3 5216 5215 4946  216 216 216
3 4932 5218 4940  216 216 216
3 5218 4932 5219  216 216 216
3 5218 5219 5146  216 216 216
3 5218 5146 5153  216 216 216
3 5218 5153 5217  216 216 216
3 5218 5217 4940  216 216 216
3 4926 5220 4934  216 216 216
3 5220 4926 5221  216 216 216
3 5220 5221 5140  216 216 216
3 5220 5140 5147  216 216 216
3 5220 5147 5219  216 216 216
3 5220 5219 4934  216 216 216
3 4920 5222 4928  216 216 216
3 5222 4920 5223  216 216 216
3 5222 5223 5133  216 216 216
3 5222 5133 5141  216 216 216
3 5222 5141 5221  216 216 216
3 5222 5221 4928  216 216 216
3 4913 5224 4922  216 216 216
3 5224 4913 5203  216 216 216
3 5224 5203 5199  216 216 216
3 5224 5199 5134  216 216 216
3 5224 5134 5223  216 216 216
3 5224 5223 4922  216 216 216
3 4952 5213 4950  216 216 216
3 5164 5213 5165  216 216 216
3 5168 5163 5160  216 216 216
3 5164 5163 5171  216 216 216
3 5165 5158 5157  216 216 216
3 5215 5159 5158  216 216 216
3 5159 5152 5151  216 216 216
3 5217 5153 5152  216 216 216
3 5153 5146 5145  216 216 216
3 5219 5147 5146  216 216 216
3 5147 5140 5139  216 216 216
3 5221 5141 5140  216 216 216
3 5141 5133 5132  216 216 216
3 5223 5134 5133  216 216 216
3 5134 5199 5135  216 216 216
3 5203 5200 5199  216 216 216
3 5200 5194 5193  216 216 216
3 5202 5195 5194  216 216 216
3 5195 5188 5187  216 216 216
3 5205 5189 5188  216 216 216
3 5189 5182 5181  216 216 216
3 5207 5183 5182  216 216 216
3 5183 5176 5175  216 216 216
3 5209 5177 5176  216 216 216
3 5177 5170 5169  216 216 216
3 5211 5171 5170  216 216 216
3 5174 5169 5166  216 216 216
3 4958 5211 4956  216 216 216
3 5180 5175 5172  216 216 216
3 4964 5209 4962  216 216 216
3 5186 5181 5178  216 216 216
3 4970 5207 4968  216 216 216
3 5192 5187 5184  216 216 216
3 4976 5205 4974  216 216 216
3 5198 5193 5190  216 216 216
3 4982 5202 4980  216 216 216
3 5131 5135 5196  216 216 216
3 4915 5203 4913  216 216 216
3 5138 5132 5129  216 216 216
3 4922 5223 4920  216 216 216
3 5144 5139 5136  216 216 216
3 4928 5221 4926  216 216 216
3 5150 5145 5142  216 216 216
3 4934 5219 4932  216 216 216
3 5156 5151 5148  216 216 216
3 4940 5217 4938  216 216 216
3 5162 5157 5154  216 216 216
3 4946 5215 4944  216 216 216
3 5225 5226 5227  216 216 216
3 5226 5225 5228  216 216 216
3 5226 5228 5229  216 216 216
3 5226 5229 5230  216 216 216
3 5226 5230 5231  216 216 216
3 5226 5231 5227  216 216 216
3 5232 5233 5234  216 216 216
3 5233 5232 5235  216 216 216
3 5233 5235 5236  216 216 216
3 5233 5236 5237  216 216 216
3 5233 5237 5228  216 216 216
3 5233 5228 5234  216 216 216
3 5238 5239 5240  216 216 216
3 5239 5238 5241  216 216 216
3 5239 5241 5242  216 216 216
3 5239 5242 5243  216 216 216
3 5239 5243 5235  216 216 216
3 5239 5235 5240  216 216 216
3 5244 5245 5246  216 216 216
3 5245 5244 5247  216 216 216
3 5245 5247 5248  216 216 216
3 5245 5248 5249  216 216 216
3 5245 5249 5241  216 216 216
3 5245 5241 5246  216 216 216
3 5250 5251 5252  216 216 216
3 5251 5250 5253  216 216 216
3 5251 5253 5254  216 216 216
3 5251 5254 5255  216 216 216
3 5251 5255 5247  216 216 216
3 5251 5247 5252  216 216 216
3 5256 5257 5258  216 216 216
3 5257 5256 5259  216 216 216
3 5257 5259 5260  216 216 216
3 5257 5260 5261  216 216 216
3 5257 5261 5253  216 216 216
3 5257 5253 5258  216 216 216
3 5262 5263 5264  216 216 216
3 5263 5262 5265  216 216 216
3 5263 5265 5266  216 216 216
3 5263 5266 5267  216 216 216
3 5263 5267 5259  216 216 216
3 5263 5259 5264  216 216 216
3 5268 5269 5270  216 216 216
3 5269 5268 5271  216 216 216
3 5269 5271 5272  216 216 216
3 5269 5272 5273  216 216 216
3 5269 5273 5265  216 216 216
3 5269 5265 5270  216 216 216
3 5274 5275 5276  216 216 216
3 5275 5274 5277  216 216 216
3 5275 5277 5278  216 216 216
3 5275 5278 5279  216 216 216
3 5275 5279 5271  216 216 216
3 5275 5271 5276  216 216 216
3 5280 5281 5282  216 216 216
3 5281 5280 5283  216 216 216
3 5281 5283 5284  216 216 216
3 5281 5284 5285  216 216 216
3 5281 5285 5277  216 216 216
3 5281 5277 5282  216 216 216
3 5286 5287 5288  216 216 216
3 5287 5286 5289  216 216 216
3 5287 5289 5290  216 216 216
3 5287 5290 5291  216 216 216
3 5287 5291 5283  216 216 216
3 5287 5283 5288  216 216 216
3 5292 5293 5294  216 216 216
3 5293 5292 5231  216 216 216
3 5293 5231 5295  216 216 216
3 5293 5295 5296  216 216 216
3 5293 5296 5289  216 216 216
3 5293 5289 5294  216 216 216
3 5196 5297 5131  216 216 216
3 5297 5196 5298  216 216 216
3 5297 5298 5290  216 216 216
3 5297 5290 5296  216 216 216
3 5297 5296 5299  216 216 216
3 5297 5299 5131  216 216 216
3 5190 5300 5198  216 216 216
3 5300 5190 5301  216 216 216
3 5300 5301 5284  216 216 216
3 5300 5284 5291  216 216 216
3 5300 5291 5298  216 216 216
3 5300 5298 5198  216 216 216
3 5184 5302 5192  216 216 216
3 5302 5184 5303  216 216 216
3 5302 5303 5278  216 216 216
3 5302 5278 5285  216 216 216
3 5302 5285 5301  216 216 216
3 5302 5301 5192  216 216 216
3 5178 5304 5186  216 216 216
3 5304 5178 5305  216 216 216
3 5304 5305 5272  216 216 216
3 5304 5272 5279  216 216 216
3 5304 5279 5303  216 216 216
3 5304 5303 5186  216 216 216
3 5172 5306 5180  216 216 216
3 5306 5172 5307  216 216 216
3 5306 5307 5266  216 216 216
3 5306 5266 5273  216 216 216
3 5306 5273 5305  216 216 216
3 5306 5305 5180  216 216 216
3 5166 5308 5174  216 216 216
3 5308 5166 5309  216 216 216
3 5308 5309 5260  216 216 216
3 5308 5260 5267  216 216 216
3 5308 5267 5307  216 216 216
3 5308 5307 5174  216 216 216
3 5160 5310 5168  216 216 216
3 5310 5160 5311  216 216 216
3 5310 5311 5254  216 216 216
3 5310 5254 5261  216 216 216
3 5310 5261 5309  216 216 216
3 5310 5309 5168  216 216 216
3 5154 5312 5162  216 216 216
3 5312 5154 5313  216 216 216
3 5312 5313 5248  216 216 216
3 5312 5248 5255  216 216 216
3 5312 5255 5311  216 216 216
3 5312 5311 5162  216 216 216
3 5148 5314 5156  216 216 216
3 5314 5148 5315  216 216 216
3 5314 5315 5242  216 216 216
3 5314 5242 5249  216 216 216
3 5314 5249 5313  216 216 216
3 5314 5313 5156  216 216 216
3 5142 5316 5150  216 216 216
3 5316 5142 5317  216 216 216
3 5316 5317 5236  216 216 216
3 5316 5236 5243  216 216 216
3 5316 5243 5315  216 216 216
3 5316 5315 5150  216 216 216
3 5136 5318 5144  216 216 216
3 5318 5136 5319  216 216 216
3 5318 5319 5229  216 216 216
3 5318 5229 5237  216 216 216
3 5318 5237 5317  216 216 216
3 5318 5317 5144  216 216 216
3 5129 5320 5138  216 216 216
3 5320 5129 5299  216 216 216
3 5320 5299 5295  216 216 216
3 5320 5295 5230  216 216 216
3 5320 5230 5319  216 216 216
3 5320 5319 5138  216 216 216
3 5264 5259 5256  216 216 216
3 5168 5309 5166  216 216 216
3 5267 5260 5259  216 216 216
3 5260 5309 5261  216 216 216
3 5174 5307 5172  216 216 216
3 5270 5265 5262  216 216 216
3 5180 5305 5178  216 216 216
3 5276 5271 5268  216 216 216
3 5186 5303 5184  216 216 216
3 5282 5277 5274  216 216 216
3 5192 5301 5190  216 216 216
3 5288 5283 5280  216 216 216
3 5198 5298 5196  216 216 216
3 5294 5289 5286  216 216 216
3 5131 5299 5129  216 216 216
3 5227 5231 5292  216 216 216
3 5138 5319 5136  216 216 216
3 5234 5228 5225  216 216 216
3 5144 5317 5142  216 216 216
3 5240 5235 5232  216 216 216
3 5150 5315 5148  216 216 216
3 5246 5241 5238  216 216 216
3 5156 5313 5154  216 216 216
3 5252 5247 5244  216 216 216
3 5162 5311 5160  216 216 216
3 5258 5253 5250  216 216 216
3 5295 5231 5230  216 216 216
3 5319 5230 5229  216 216 216
3 5296 5295 5299  216 216 216
3 5237 5229 5228  216 216 216
3 5317 5237 5236  216 216 216
3 5243 5236 5235  216 216 216
3 5315 5243 5242  216 216 216
3 5249 5242 5241  216 216 216
3 5313 5249 5248  216 216 216
3 5255 5248 5247  216 216 216
3 5311 5255 5254  216 216 216
3 5261 5254 5253  216 216 216
3 5307 5267 5266  216 216 216
3 5273 5266 5265  216 216 216
3 5305 5273 5272  216 216 216
3 5279 5272 5271  216 216 216
3 5303 5279 5278  216 216 216
3 5285 5278 5277  216 216 216
3 5301 5285 5284  216 216 216
3 5291 5284 5283  216 216 216
3 5298 5291 5290  216 216 216
3 5296 5290 5289  216 216 216
3 4733 5225 4712  216 216 216
3 5225 4733 5234  216 216 216
3 4731 5232 4734  216 216 216
3 5232 4731 5240  216 216 216
3 4729 5238 4732  216 216 216
3 5238 4729 5246  216 216 216
3 4727 5244 4730  216 216 216
3 5244 4727 5252  216 216 216
3 4725 5250 4728  216 216 216
3 5250 4725 5258  216 216 216
3 4723 5256 4726  216 216 216
3 5256 4723 5264  216 216 216
3 4721 5262 4724  216 216 216
3 5262 4721 5270  216 216 216
3 4719 5268 4722  216 216 216
3 5268 4719 5276  216 216 216
3 4717 5274 4720  216 216 216
3 5274 4717 5282  216 216 216
3 4715 5280 4718  216 216 216
3 5280 4715 5288  216 216 216
3 4713 5286 4716  216 216 216
3 5286 4713 5294  216 216 216
3 4711 5292 4714  216 216 216
3 5292 4711 5227  216 216 216
3 5292 5294 4714  216 216 216
3 4714 5294 4713  216 216 216
3 5286 5288 4716  216 216 216
3 4716 5288 4715  216 216 216
3 5280 5282 4718  216 216 216
3 4718 5282 4717  216 216 216
3 5274 5276 4720  216 216 216
3 4720 5276 4719  216 216 216
3 5268 5270 4722  216 216 216
3 4722 5270 4721  216 216 216
3 5262 5264 4724  216 216 216
3 4724 5264 4723  216 216 216
3 5256 5258 4726  216 216 216
3 4726 5258 4725  216 216 216
3 5250 5252 4728  216 216 216
3 4728 5252 4727  216 216 216
3 5244 5246 4730  216 216 216
3 4730 5246 4729  216 216 216
3 5238 5240 4732  216 216 216
3 4732 5240 4731  216 216 216
3 5232 5234 4734  216 216 216
3 4734 5234 4733  216 216 216
3 5225 5227 4712  216 216 216
3 4712 5227 4711  216 216 216
3 3550 3660 3387  216 216 216
3 3660 3550 3661  216 216 216
3 3550 3552 3661  216 216 216
3 3374 3665 3551  216 216 216
3 3665 3374 3666  216 216 216
3 3373 3667 3375  216 216 216
3 3667 3373 3670  216 216 216
3 3369 3668 3370  216 216 216
3 3668 3369 3681  216 216 216
3 3367 3679 3368  216 216 216
3 3679 3367 3682  216 216 216
3 3364 3684 3366  216 216 216
3 3684 3364 3685  216 216 216
3 3547 3686 3363  216 216 216
3 3686 3547 3687  216 216 216
3 3547 3549 3687  216 216 216
3 3399 3688 3548  216 216 216
3 3688 3399 3690  216 216 216
3 3398 3691 3400  216 216 216
3 3691 3398 3692  216 216 216
3 3396 3693 3397  216 216 216
3 3693 3396 3695  216 216 216
3 3396 3392 3695  216 216 216
3 3390 3696 3391  216 216 216
3 3696 3390 3697  216 216 216
3 3387 3664 3388  216 216 216
3 3660 3664 3387  216 216 216
3 3664 3697 3388  216 216 216
3 3388 3697 3390  216 216 216
3 3696 3694 3391  216 216 216
3 3694 3695 3391  216 216 216
3 3693 3692 3397  216 216 216
3 3397 3692 3398  216 216 216
3 3691 3690 3400  216 216 216
3 3400 3690 3399  216 216 216
3 3688 3687 3548  216 216 216
3 3686 3685 3363  216 216 216
3 3363 3685 3364  216 216 216
3 3684 3682 3366  216 216 216
3 3366 3682 3367  216 216 216
3 3679 3681 3368  216 216 216
3 3368 3681 3369  216 216 216
3 3668 3670 3370  216 216 216
3 3370 3670 3373  216 216 216
3 3667 3666 3375  216 216 216
3 3375 3666 3374  216 216 216
3 3665 3661 3551  216 216 216
3 3551 3661 3552  216 216 216
3 3548 3687 3549  216 216 216
3 3695 3392 3391  216 216 216
3 3556 3675 3377  216 216 216
3 3675 3556 3676  216 216 216
3 3350 3677 3557  216 216 216
3 3677 3350 3698  216 216 216
3 3349 3699 3351  216 216 216
3 3699 3349 3700  216 216 216
3 3345 3701 3348  216 216 216
3 3701 3345 3702  216 216 216
3 3343 3703 3344  216 216 216
3 3703 3343 3705  216 216 216
3 3340 3706 3342  216 216 216
3 3706 3340 3707  216 216 216
3 3553 3708 3339  216 216 216
3 3708 3553 3709  216 216 216
3 3554 3711 3555  216 216 216
3 3554 3385 3711  216 216 216
3 3711 3385 3712  216 216 216
3 3384 3713 3386  216 216 216
3 3713 3384 3714  216 216 216
3 3382 3715 3383  216 216 216
3 3715 3382 3680  216 216 216
3 3382 3381 3680  216 216 216
3 3379 3672 3380  216 216 216
3 3672 3379 3673  216 216 216
3 3377 3674 3378  216 216 216
3 3675 3674 3377  216 216 216
3 3674 3673 3378  216 216 216
3 3378 3673 3379  216 216 216
3 3672 3671 3380  216 216 216
3 3671 3680 3380  216 216 216
3 3715 3714 3383  216 216 216
3 3383 3714 3384  216 216 216
3 3713 3712 3386  216 216 216
3 3386 3712 3385  216 216 216
3 3711 3709 3555  216 216 216
3 3555 3709 3553  216 216 216
3 3708 3707 3339  216 216 216
3 3339 3707 3340  216 216 216
3 3706 3705 3342  216 216 216
3 3342 3705 3343  216 216 216
3 3703 3702 3344  216 216 216
3 3344 3702 3345  216 216 216
3 3701 3700 3348  216 216 216
3 3348 3700 3349  216 216 216
3 3699 3698 3351  216 216 216
3 3351 3698 3350  216 216 216
3 3677 3676 3557  216 216 216
3 3557 3676 3556  216 216 216
3 3680 3381 3380  216 216 216
3 3244 3716 3099  216 216 216
3 3716 3244 3717  216 216 216
3 3087 3721 3245  216 216 216
3 3721 3087 3722  216 216 216
3 3086 3723 3088  216 216 216
3 3723 3086 3724  216 216 216
3 3084 3727 3085  216 216 216
3 3727 3084 3725  216 216 216
3 3084 3083 3725  216 216 216
3 3078 3730 3079  216 216 216
3 3730 3078 3731  216 216 216
3 3075 3732 3076  216 216 216
3 3732 3075 3733  216 216 216
3 3075 3241 3733  216 216 216
3 3242 3734 3243  216 216 216
3 3734 3242 3736  216 216 216
3 3112 3737 3111  216 216 216
3 3737 3112 3738  216 216 216
3 3109 3739 3110  216 216 216
3 3739 3109 3740  216 216 216
3 3104 3742 3108  216 216 216
3 3742 3104 3741  216 216 216
3 3102 3743 3103  216 216 216
3 3743 3102 3744  216 216 216
3 3099 3720 3100  216 216 216
3 3716 3720 3099  216 216 216
3 3720 3744 3100  216 216 216
3 3100 3744 3102  216 216 216
3 3743 3741 3103  216 216 216
3 3103 3741 3104  216 216 216
3 3742 3740 3108  216 216 216
3 3108 3740 3109  216 216 216
3 3739 3738 3110  216 216 216
3 3110 3738 3112  216 216 216
3 3737 3736 3111  216 216 216
3 3111 3736 3242  216 216 216
3 3734 3733 3243  216 216 216
3 3732 3731 3076  216 216 216
3 3076 3731 3078  216 216 216
3 3730 3728 3079  216 216 216
3 3728 3725 3079  216 216 216
3 3727 3724 3085  216 216 216
3 3085 3724 3086  216 216 216
3 3723 3722 3088  216 216 216
3 3088 3722 3087  216 216 216
3 3721 3717 3245  216 216 216
3 3245 3717 3244  216 216 216
3 3725 3083 3079  216 216 216
3 3733 3241 3243  216 216 216
3 3362 3771 3361  216 216 216
3 3771 3362 3772  216 216 216
3 3359 3773 3360  216 216 216
3 3773 3359 3774  216 216 216
3 3357 3746 3358  216 216 216
3 3357 3356 3746  216 216 216
3 3355 3747 3356  216 216 216
3 3747 3355 3748  216 216 216
3 3353 3751 3354  216 216 216
3 3751 3353 3749  216 216 216
3 3587 3752 3586  216 216 216
3 3752 3587 3753  216 216 216
3 3471 3754 3470  216 216 216
3 3754 3471 3755  216 216 216
3 3468 3757 3469  216 216 216
3 3757 3468 3760  216 216 216
3 3466 3758 3467  216 216 216
3 3758 3466 3763  216 216 216
3 3464 3764 3465  216 216 216
3 3764 3464 3765  216 216 216
3 3447 3766 3463  216 216 216
3 3766 3447 3769  216 216 216
3 3590 3767 3588  216 216 216
3 3590 3589 3767  216 216 216
3 3767 3589 3770  216 216 216
3 3746 3774 3358  216 216 216
3 3358 3774 3359  216 216 216
3 3773 3772 3360  216 216 216
3 3360 3772 3362  216 216 216
3 3771 3770 3361  216 216 216
3 3361 3770 3589  216 216 216
3 3767 3769 3588  216 216 216
3 3588 3769 3447  216 216 216
3 3766 3765 3463  216 216 216
3 3463 3765 3464  216 216 216
3 3764 3763 3465  216 216 216
3 3465 3763 3466  216 216 216
3 3758 3760 3467  216 216 216
3 3467 3760 3468  216 216 216
3 3757 3755 3469  216 216 216
3 3469 3755 3471  216 216 216
3 3754 3753 3470  216 216 216
3 3470 3753 3587  216 216 216
3 3752 3749 3586  216 216 216
3 3586 3749 3353  216 216 216
3 3751 3748 3354  216 216 216
3 3354 3748 3355  216 216 216
3 3747 3745 3356  216 216 216
3 3745 3746 3356  216 216 216
3 3259 3789 3041  216 216 216
3 3789 3259 3790  216 216 216
3 3259 3262 3790  216 216 216
3 3260 3791 3261  216 216 216
3 3791 3260 3793  216 216 216
3 3461 3792 3462  216 216 216
3 3792 3461 3794  216 216 216
3 3459 3795 3460  216 216 216
3 3795 3459 3762  216 216 216
3 3456 3759 3457  216 216 216
3 3759 3456 3796  216 216 216
3 3453 3797 3455  216 216 216
3 3797 3453 3798  216 216 216
3 3257 3799 3258  216 216 216
3 3799 3257 3777  216 216 216
3 3257 3256 3777  216 216 216
3 3049 3775 3255  216 216 216
3 3775 3049 3778  216 216 216
3 3048 3779 3050  216 216 216
3 3779 3048 3780  216 216 216
3 3046 3781 3047  216 216 216
3 3781 3046 3782  216 216 216
3 3046 3045 3782  216 216 216
3 3043 3785 3044  216 216 216
3 3785 3043 3786  216 216 216
3 3041 3787 3042  216 216 216
3 3799 3798 3258  216 216 216
3 3258 3798 3453  216 216 216
3 3797 3796 3455  216 216 216
3 3455 3796 3456  216 216 216
3 3759 3762 3457  216 216 216
3 3457 3762 3459  216 216 216
3 3795 3794 3460  216 216 216
3 3460 3794 3461  216 216 216
3 3792 3793 3462  216 216 216
3 3462 3793 3260  216 216 216
3 3791 3790 3261  216 216 216
3 3789 3787 3041  216 216 216
3 3787 3786 3042  216 216 216
3 3042 3786 3043  216 216 216
3 3785 3784 3044  216 216 216
3 3784 3782 3044  216 216 216
3 3781 3780 3047  216 216 216
3 3047 3780 3048  216 216 216
3 3779 3778 3050  216 216 216
3 3050 3778 3049  216 216 216
3 3775 3777 3255  216 216 216
3 3790 3262 3261  216 216 216
3 3777 3256 3255  216 216 216
3 3782 3045 3044  216 216 216
3 3249 3800 3089  216 216 216
3 3800 3249 3801  216 216 216
3 3249 3251 3801  216 216 216
3 3062 3805 3250  216 216 216
3 3805 3062 3804  216 216 216
3 3061 3806 3063  216 216 216
3 3806 3061 3807  216 216 216
3 3057 3808 3060  216 216 216
3 3808 3057 3809  216 216 216
3 3057 3056 3809  216 216 216
3 3054 3811 3055  216 216 216
3 3811 3054 3812  216 216 216
3 3051 3813 3052  216 216 216
3 3813 3051 3814  216 216 216
3 3248 3816 3246  216 216 216
3 3248 3247 3816  216 216 216
3 3816 3247 3817  216 216 216
3 3098 3818 3097  216 216 216
3 3818 3098 3819  216 216 216
3 3095 3820 3096  216 216 216
3 3820 3095 3821  216 216 216
3 3093 3726 3094  216 216 216
3 3726 3093 3822  216 216 216
3 3091 3824 3092  216 216 216
3 3824 3091 3823  216 216 216
3 3089 3803 3090  216 216 216
3 3800 3803 3089  216 216 216
3 3803 3823 3090  216 216 216
3 3090 3823 3091  216 216 216
3 3824 3822 3092  216 216 216
3 3092 3822 3093  216 216 216
3 3726 3821 3094  216 216 216
3 3094 3821 3095  216 216 216
3 3820 3819 3096  216 216 216
3 3096 3819 3098  216 216 216
3 3818 3817 3097  216 216 216
3 3097 3817 3247  216 216 216
3 3816 3814 3246  216 216 216
3 3246 3814 3051  216 216 216
3 3813 3812 3052  216 216 216
3 3052 3812 3054  216 216 216
3 3811 3810 3055  216 216 216
3 3810 3809 3055  216 216 216
3 3808 3807 3060  216 216 216
3 3060 3807 3061  216 216 216
3 3806 3804 3063  216 216 216
3 3063 3804 3062  216 216 216
3 3805 3801 3250  216 216 216
3 3801 3251 3250  216 216 216
3 3809 3056 3055  216 216 216
3 3122 3848 3121  216 216 216
3 3848 3122 3847  216 216 216
3 3119 3849 3120  216 216 216
3 3849 3119 3850  216 216 216
3 3117 3826 3118  216 216 216
3 3117 3116 3826  216 216 216
3 3115 3827 3116  216 216 216
3 3827 3115 3829  216 216 216
3 3113 3830 3114  216 216 216
3 3830 3113 3831  216 216 216
3 3254 3832 3252  216 216 216
3 3254 3253 3832  216 216 216
3 3832 3253 3834  216 216 216
3 3039 3833 3038  216 216 216
3 3833 3039 3835  216 216 216
3 3036 3836 3037  216 216 216
3 3836 3036 3837  216 216 216
3 3032 3838 3035  216 216 216
3 3838 3032 3840  216 216 216
3 3030 3839 3031  216 216 216
3 3839 3030 3841  216 216 216
3 3027 3843 3028  216 216 216
3 3843 3027 3844  216 216 216
3 5321 3845 5322  216 216 216
3 3845 5321 3846  216 216 216
3 3826 3850 3118  216 216 216
3 3118 3850 3119  216 216 216
3 3849 3847 3120  216 216 216
3 3120 3847 3122  216 216 216
3 3848 3846 3121  216 216 216
3 3121 3846 5321  216 216 216
3 3845 3844 5322  216 216 216
3 5322 3844 3027  216 216 216
3 3843 3841 3028  216 216 216
3 3028 3841 3030  216 216 216
3 3839 3840 3031  216 216 216
3 3031 3840 3032  216 216 216
3 3838 3837 3035  216 216 216
3 3035 3837 3036  216 216 216
3 3836 3835 3037  216 216 216
3 3037 3835 3039  216 216 216
3 3833 3834 3038  216 216 216
3 3038 3834 3253  216 216 216
3 3832 3831 3252  216 216 216
3 3252 3831 3113  216 216 216
3 3830 3829 3114  216 216 216
3 3114 3829 3115  216 216 216
3 3827 3825 3116  216 216 216
3 3825 3826 3116  216 216 216
3 3027 3237 5322  216 216 216
3 3121 5321 3237  216 216 216
3 5321 5322 3237  216 216 216
3 3859 5323 3858  216 216 216
3 3858 5323 3916  216 216 216
3 3914 3916 5324  216 216 216
3 5324 3916 5323  216 216 216
3 5324 5323 5325  216 216 216
3 5326 5327 5328  216 216 216
3 5327 5326 5329  216 216 216
3 5330 5329 5331  216 216 216
3 5331 5329 5326  216 216 216
3 5327 5325 5328  216 216 216
3 5328 5325 5323  216 216 216
3 5330 5331 5332  216 216 216
3 5330 5332 5333  216 216 216
3 5331 5334 5332  216 216 216
3 5334 5335 5332  216 216 216
3 5335 5336 5332  216 216 216
3 5337 5338 5339  216 216 216
3 5338 5337 5340  216 216 216
3 5341 5342 5343  216 216 216
3 5342 5341 5344  216 216 216
3 5345 5346 5347  216 216 216
3 5348 5349 5345  216 216 216
3 5348 5350 5349  216 216 216
3 5350 5351 5349  216 216 216
3 5351 5352 5349  216 216 216
3 5352 5353 5349  216 216 216
3 5353 5354 5349  216 216 216
3 5354 5355 5349  216 216 216
3 5355 5356 5349  216 216 216
3 5356 5357 5349  216 216 216
3 5349 5358 5345  216 216 216
3 5358 5346 5345  216 216 216
3 5346 5344 5347  216 216 216
3 5347 5344 5341  216 216 216
3 5342 5340 5343  216 216 216
3 5343 5340 5337  216 216 216
3 5338 5359 5339  216 216 216
3 5359 5332 5339  216 216 216
3 5360 5361 5332  216 216 216
3 5361 5362 5332  216 216 216
3 5362 5333 5332  216 216 216
3 5339 5332 5336  216 216 216
3 5363 5364 5365  216 216 216
3 5366 5367 5368  216 216 216
3 5367 5366 5369  216 216 216
3 5370 5371 5372  216 216 216
3 5370 5373 5371  216 216 216
3 5371 5374 5372  216 216 216
3 5374 5369 5372  216 216 216
3 5372 5369 5366  216 216 216
3 5367 5365 5368  216 216 216
3 5368 5365 5364  216 216 216
3 5370 5375 5373  216 216 216
3 5373 5375 5376  216 216 216
3 5375 5377 5376  216 216 216
3 5360 5332 5378  216 216 216
3 5332 5376 5378  216 216 216
3 5376 5377 5378  216 216 216
3 5379 5380 5381  216 216 216
3 5382 5383 5384  216 216 216
3 5383 5382 5385  216 216 216
3 5386 5387 5388  216 216 216
3 5386 5389 5387  216 216 216
3 5387 5385 5388  216 216 216
3 5388 5385 5382  216 216 216
3 5383 5390 5384  216 216 216
3 5390 5381 5384  216 216 216
3 5384 5381 5380  216 216 216
3 5353 5352 5391  216 216 216
3 5392 5393 5394  216 216 216
3 5393 5392 5395  216 216 216
3 5396 5395 5397  216 216 216
3 5397 5395 5392  216 216 216
3 5393 5391 5394  216 216 216
3 5394 5391 5352  216 216 216
3 5357 5398 5349  216 216 216
3 5349 5398 5399  216 216 216
3 5398 5400 5399  216 216 216
3 5380 5379 5401  216 216 216
3 5379 5399 5401  216 216 216
3 5401 5399 5400  216 216 216
3 3627 3637 5397  216 216 216
3 3637 3890 5397  216 216 216
3 3892 5396 3890  216 216 216
3 5396 5397 3890  216 216 216
3 5371 5373 5402  216 216 216
3 5371 5402 5403  216 216 216
3 5371 5403 5404  216 216 216
3 5371 5404 5374  216 216 216
3 5332 5359 5376  216 216 216
3 5359 5338 5376  216 216 216
3 5340 5403 5338  216 216 216
3 5403 5340 5405  216 216 216
3 5403 5405 5406  216 216 216
3 5403 5406 5404  216 216 216
3 5344 5407 5342  216 216 216
3 5407 5344 5408  216 216 216
3 5407 5408 5409  216 216 216
3 5407 5409 5410  216 216 216
3 5407 5410 5405  216 216 216
3 5407 5405 5342  216 216 216
3 5358 5411 5346  216 216 216
3 5349 5399 5358  216 216 216
3 5358 5399 5411  216 216 216
3 5399 5379 5411  216 216 216
3 5390 5409 5381  216 216 216
3 5390 5412 5409  216 216 216
3 5409 5412 5410  216 216 216
3 5413 5406 5414  216 216 216
3 5406 5413 5404  216 216 216
3 5413 5374 5404  216 216 216
3 5403 5402 5338  216 216 216
3 5373 5376 5402  216 216 216
3 5376 5338 5402  216 216 216
3 5414 5406 5410  216 216 216
3 5414 5410 5412  216 216 216
3 5410 5406 5405  216 216 216
3 5342 5405 5340  216 216 216
3 5381 5409 5408  216 216 216
3 5381 5408 5411  216 216 216
3 5381 5411 5379  216 216 216
3 5346 5411 5408  216 216 216
3 5346 5408 5344  216 216 216
3 5361 5360 2976  216 216 216
3 5360 5378 2976  216 216 216
3 5378 5377 2976  216 216 216
3 5375 5401 5377  216 216 216
3 5401 5375 5380  216 216 216
3 5372 5384 5370  216 216 216
3 5384 5372 5382  216 216 216
3 5368 5364 5366  216 216 216
3 5364 5386 5366  216 216 216
3 5386 5388 5366  216 216 216
3 5388 5382 5366  216 216 216
3 5366 5382 5372  216 216 216
3 5384 5380 5370  216 216 216
3 5370 5380 5375  216 216 216
3 5401 5400 5377  216 216 216
3 5398 2938 5400  216 216 216
3 5398 5357 2938  216 216 216
3 5357 5356 2938  216 216 216
3 2938 2976 5400  216 216 216
3 5377 5400 2976  216 216 216
3 5356 5355 2938  216 216 216
3 5355 5354 2938  216 216 216
3 5354 5353 2938  216 216 216
3 2938 5353 2940  216 216 216
3 5353 5391 2940  216 216 216
3 5395 2939 5393  216 216 216
3 5395 5396 2939  216 216 216
3 2939 5396 2942  216 216 216
3 5396 3892 2942  216 216 216
3 3891 2941 3889  216 216 216
3 2941 3891 2946  216 216 216
3 3883 2944 3886  216 216 216
3 2944 2946 3886  216 216 216
3 3886 2946 3891  216 216 216
3 2941 2942 3889  216 216 216
3 2939 2940 5393  216 216 216
3 2940 5391 5393  216 216 216
3 2942 3892 3889  216 216 216
3 5415 5363 5414  216 216 216
3 5415 5414 5416  216 216 216
3 5367 5413 5365  216 216 216
3 5367 5369 5413  216 216 216
3 5369 5374 5413  216 216 216
3 5413 5414 5365  216 216 216
3 5412 5387 5414  216 216 216
3 5390 5383 5412  216 216 216
3 5383 5385 5412  216 216 216
3 5385 5387 5412  216 216 216
3 5387 5389 5414  216 216 216
3 5389 5416 5414  216 216 216
3 5414 5363 5365  216 216 216
3 5363 5415 5364  216 216 216
3 5415 5416 5364  216 216 216
3 5389 5386 5416  216 216 216
3 5386 5364 5416  216 216 216
3 3903 2968 3593  216 216 216
3 2964 5417 2968  216 216 216
3 5417 5418 2968  216 216 216
3 2968 5418 3591  216 216 216
3 2968 3591 3593  216 216 216
3 5418 5419 3591  216 216 216
3 3864 3591 5420  216 216 216
3 5420 3591 5419  216 216 216
3 5333 2976 5330  216 216 216
3 5333 5362 2976  216 216 216
3 5362 5361 2976  216 216 216
3 2976 2977 5330  216 216 216
3 2974 5327 2977  216 216 216
3 2975 5324 2974  216 216 216
3 2971 3915 2975  216 216 216
3 3915 2971 3913  216 216 216
3 2968 3911 2973  216 216 216
3 2968 3903 3911  216 216 216
3 3911 3913 2973  216 216 216
3 2973 3913 2971  216 216 216
3 3915 3914 2975  216 216 216
3 3914 5324 2975  216 216 216
3 5324 5325 2974  216 216 216
3 5325 5327 2974  216 216 216
3 5327 5329 2977  216 216 216
3 5329 5330 2977  216 216 216
3 2958 5421 2960  216 216 216
3 5422 2959 5423  216 216 216
3 2959 5422 2962  216 216 216
3 5424 2961 5425  216 216 216
3 5424 5426 2961  216 216 216
3 2961 5426 2966  216 216 216
3 2964 2966 5417  216 216 216
3 5417 2966 5426  216 216 216
3 2961 2962 5425  216 216 216
3 5425 2962 5422  216 216 216
3 2959 2960 5423  216 216 216
3 2960 5421 5423  216 216 216
3 2948 5427 2953  216 216 216
3 5428 2951 5429  216 216 216
3 5428 5430 2951  216 216 216
3 2951 5430 2955  216 216 216
3 5431 2954 5432  216 216 216
3 2954 5431 2957  216 216 216
3 2956 2957 5433  216 216 216
3 5433 2957 5431  216 216 216
3 2954 2955 5432  216 216 216
3 5432 2955 5430  216 216 216
3 2951 2953 5429  216 216 216
3 2953 5427 5429  216 216 216
3 3647 5434 3866  216 216 216
3 5434 5435 3866  216 216 216
3 3866 5435 3885  216 216 216
3 5427 2944 5436  216 216 216
3 5427 2948 2944  216 216 216
3 3883 3885 2944  216 216 216
3 5435 5436 3885  216 216 216
3 3885 5436 2944  216 216 216
3 3647 3653 5434  216 216 216
3 3815 5436 3653  216 216 216
3 3729 5429 3815  216 216 216
3 3735 5431 3729  216 216 216
3 3828 5437 3735  216 216 216
3 5437 3828 5438  216 216 216
3 3788 5439 3783  216 216 216
3 5439 5438 3783  216 216 216
3 3783 5438 3828  216 216 216
3 5437 5433 3735  216 216 216
3 5433 5431 3735  216 216 216
3 5431 5432 3729  216 216 216
3 5432 5430 3729  216 216 216
3 5430 5428 3729  216 216 216
3 5428 5429 3729  216 216 216
3 5429 5427 3815  216 216 216
3 5427 5436 3815  216 216 216
3 5436 5435 3653  216 216 216
3 5435 5434 3653  216 216 216
3 3788 3761 5440  216 216 216
3 5440 3761 5441  216 216 216
3 3704 5442 3768  216 216 216
3 3710 5423 3704  216 216 216
3 3683 5426 3710  216 216 216
3 3689 5418 3683  216 216 216
3 3864 5420 3689  216 216 216
3 5420 5419 3689  216 216 216
3 5419 5418 3689  216 216 216
3 5418 5417 3683  216 216 216
3 5417 5426 3683  216 216 216
3 5426 5424 3710  216 216 216
3 5424 5425 3710  216 216 216
3 5425 5422 3710  216 216 216
3 5422 5423 3710  216 216 216
3 5423 5421 3704  216 216 216
3 5421 5442 3704  216 216 216
3 5442 5441 3768  216 216 216
3 3768 5441 3761  216 216 216
3 5331 5326 5334  216 216 216
3 5334 5326 5443  216 216 216
3 5334 5443 5444  216 216 216
3 5334 5444 5335  216 216 216
3 5323 5445 5328  216 216 216
3 5323 5446 5445  216 216 216
3 5445 5446 5447  216 216 216
3 5445 5447 5444  216 216 216
3 5445 5444 5443  216 216 216
3 5445 5443 5328  216 216 216
3 5448 5449 5450  216 216 216
3 5449 5448 5451  216 216 216
3 5449 5451 5452  216 216 216
3 5449 5452 5453  216 216 216
3 5449 5453 5447  216 216 216
3 5449 5447 5450  216 216 216
3 5454 5455 5456  216 216 216
3 5455 5454 5457  216 216 216
3 5455 5457 5458  216 216 216
3 5455 5458 5459  216 216 216
3 5455 5459 5451  216 216 216
3 5455 5451 5456  216 216 216
3 5460 5461 5462  216 216 216
3 5461 5460 5463  216 216 216
3 5461 5463 5464  216 216 216
3 5461 5464 5465  216 216 216
3 5461 5465 5457  216 216 216
3 5461 5457 5462  216 216 216
3 5466 5467 5468  216 216 216
3 5467 5466 5469  216 216 216
3 5467 5469 5470  216 216 216
3 5467 5470 5471  216 216 216
3 5467 5471 5463  216 216 216
3 5467 5463 5468  216 216 216
3 5472 5473 5474  216 216 216
3 5473 5472 5475  216 216 216
3 5473 5475 5476  216 216 216
3 5473 5476 5477  216 216 216
3 5473 5477 5469  216 216 216
3 5473 5469 5474  216 216 216
3 5478 5479 5480  216 216 216
3 5479 5478 5481  216 216 216
3 5479 5481 5482  216 216 216
3 5479 5482 5483  216 216 216
3 5479 5483 5475  216 216 216
3 5479 5475 5480  216 216 216
3 5478 5397 5481  216 216 216
3 5394 5482 5392  216 216 216
3 5352 5351 5394  216 216 216
3 5350 5483 5351  216 216 216
3 5483 5350 5476  216 216 216
3 5483 5476 5475  216 216 216
3 5345 5477 5348  216 216 216
3 5477 5345 5470  216 216 216
3 5477 5470 5469  216 216 216
3 5341 5471 5347  216 216 216
3 5471 5341 5464  216 216 216
3 5471 5464 5463  216 216 216
3 5337 5458 5343  216 216 216
3 5458 5337 5459  216 216 216
3 5336 5452 5339  216 216 216
3 5452 5336 5453  216 216 216
3 5328 5443 5326  216 216 216
3 5464 5343 5465  216 216 216
3 5335 5444 5453  216 216 216
3 5335 5453 5336  216 216 216
3 5450 5447 5446  216 216 216
3 5453 5444 5447  216 216 216
3 5339 5452 5459  216 216 216
3 5339 5459 5337  216 216 216
3 5456 5451 5448  216 216 216
3 5459 5452 5451  216 216 216
3 5343 5458 5465  216 216 216
3 5462 5457 5454  216 216 216
3 5465 5458 5457  216 216 216
3 5343 5464 5341  216 216 216
3 5468 5463 5460  216 216 216
3 5347 5471 5470  216 216 216
3 5347 5470 5345  216 216 216
3 5474 5469 5466  216 216 216
3 5348 5477 5476  216 216 216
3 5348 5476 5350  216 216 216
3 5480 5475 5472  216 216 216
3 5351 5483 5482  216 216 216
3 5351 5482 5394  216 216 216
3 5392 5482 5481  216 216 216
3 5392 5481 5397  216 216 216
3 3859 3899 5323  216 216 216
3 5323 3899 5446  216 216 216
3 3662 5450 3663  216 216 216
3 5450 3662 5448  216 216 216
3 3678 5456 3669  216 216 216
3 5456 3678 5454  216 216 216
3 3756 5462 3750  216 216 216
3 5462 3756 5460  216 216 216
3 3842 5468 3776  216 216 216
3 5468 3842 5466  216 216 216
3 3718 5474 3719  216 216 216
3 5474 3718 5472  216 216 216
3 3621 5480 3802  216 216 216
3 5480 3621 5478  216 216 216
3 3627 5397 3620  216 216 216
3 5397 5478 3620  216 216 216
3 3620 5478 3621  216 216 216
3 5480 5472 3802  216 216 216
3 3802 5472 3718  216 216 216
3 5474 5466 3719  216 216 216
3 3719 5466 3842  216 216 216
3 5468 5460 3776  216 216 216
3 3776 5460 3756  216 216 216
3 5462 5454 3750  216 216 216
3 3750 5454 3678  216 216 216
3 5456 5448 3669  216 216 216
3 3669 5448 3662  216 216 216
3 5450 5446 3663  216 216 216
3 3663 5446 3899  216 216 216
3 3788 5440 5439  216 216 216
3 5439 5440 5438  216 216 216
3 5442 5437 5441  216 216 216
3 5437 5442 5433  216 216 216
3 2958 2956 5421  216 216 216
3 2956 5433 5421  216 216 216
3 5421 5433 5442  216 216 216
3 5437 5438 5441  216 216 216
3 5441 5438 5440  216 216 216
3 5484 5485 5486  216 216 216
3 5487 5488 5484  216 216 216
3 5488 5487 5489  216 216 216
3 5490 5491 5492  216 216 216
3 5491 5490 5493  216 216 216
3 5494 5495 5496  216 216 216
3 5495 5494 5497  216 216 216
3 5498 5499 5500  216 216 216
3 5499 5498 5501  216 216 216
3 5502 5503 5504  216 216 216
3 5503 5502 5505  216 216 216
3 5506 5507 5508  216 216 216
3 5507 5506 5509  216 216 216
3 5510 5511 5512  216 216 216
3 5511 5510 5513  216 216 216
3 5514 5515 5516  216 216 216
3 5515 5514 5517  216 216 216
3 5518 5519 5520  216 216 216
3 5519 5518 5521  216 216 216
3 5522 5523 5524  216 216 216
3 5523 5521 5524  216 216 216
3 5524 5521 5518  216 216 216
3 5519 5517 5520  216 216 216
3 5520 5517 5514  216 216 216
3 5515 5513 5516  216 216 216
3 5516 5513 5510  216 216 216
3 5511 5525 5512  216 216 216
3 5512 5525 5509  216 216 216
3 5512 5509 5506  216 216 216
3 5526 5527 5528  216 216 216
3 5527 5526 5529  216 216 216
3 5530 5531 5532  216 216 216
3 5531 5530 5533  216 216 216
3 5534 5535 5536  216 216 216
3 5535 5534 5537  216 216 216
3 5534 5538 5537  216 216 216
3 5539 5540 5541  216 216 216
3 5540 5539 5542  216 216 216
3 5543 5544 5545  216 216 216
3 5544 5543 5546  216 216 216
3 5547 5548 5549  216 216 216
3 5548 5547 5488  216 216 216
3 5485 5484 5550  216 216 216
3 5485 5551 5486  216 216 216
3 5486 5551 5552  216 216 216
3 5553 5554 5555  216 216 216
3 5554 5553 5556  216 216 216
3 5557 5558 5559  216 216 216
3 5558 5557 5560  216 216 216
3 5561 5560 5562  216 216 216
3 5562 5560 5557  216 216 216
3 5558 5556 5559  216 216 216
3 5559 5556 5553  216 216 216
3 5554 5552 5555  216 216 216
3 5555 5552 5551  216 216 216
3 5507 5505 5508  216 216 216
3 5508 5505 5502  216 216 216
3 5503 5501 5504  216 216 216
3 5504 5501 5498  216 216 216
3 5499 5563 5500  216 216 216
3 5563 5497 5500  216 216 216
3 5500 5497 5494  216 216 216
3 5495 5493 5496  216 216 216
3 5496 5493 5490  216 216 216
3 5491 5489 5492  216 216 216
3 5492 5489 5487  216 216 216
3 5548 5546 5549  216 216 216
3 5549 5546 5543  216 216 216
3 5544 5542 5545  216 216 216
3 5545 5542 5539  216 216 216
3 5540 5537 5541  216 216 216
3 5535 5533 5536  216 216 216
3 5536 5533 5530  216 216 216
3 5531 5529 5532  216 216 216
3 5532 5529 5526  216 216 216
3 5527 5509 5528  216 216 216
3 5550 5484 5488  216 216 216
3 5550 5488 5547  216 216 216
3 5541 5537 5538  216 216 216
3 5528 5509 5525  216 216 216
3 5552 3197 5486  216 216 216
3 3197 3201 5486  216 216 216
3 5552 5554 3197  216 216 216
3 3197 5554 3198  216 216 216
3 5558 3199 5556  216 216 216
3 3199 5558 3189  216 216 216
3 5561 3190 5560  216 216 216
3 3190 5561 3200  216 216 216
3 5557 3182 5562  216 216 216
3 3182 5557 3183  216 216 216
3 5553 3174 5559  216 216 216
3 3174 5553 3175  216 216 216
3 5551 3167 5555  216 216 216
3 5551 3165 3167  216 216 216
3 3167 3175 5555  216 216 216
3 5555 3175 5553  216 216 216
3 3174 3183 5559  216 216 216
3 5559 3183 5557  216 216 216
3 3182 3200 5562  216 216 216
3 5562 3200 5561  216 216 216
3 3190 3189 5560  216 216 216
3 5560 3189 5558  216 216 216
3 3199 3198 5556  216 216 216
3 5556 3198 5554  216 216 216
3 5485 3154 5551  216 216 216
3 3154 3165 5551  216 216 216
3 5510 5512 3510  216 216 216
3 3510 5512 3535  216 216 216
3 5508 3541 5506  216 216 216
3 3541 5508 3539  216 216 216
3 5504 3545 5502  216 216 216
3 3545 5504 3515  216 216 216
3 5500 3511 5498  216 216 216
3 3511 5500 3203  216 216 216
3 5496 3206 5494  216 216 216
3 3206 5496 3211  216 216 216
3 5492 3209 5490  216 216 216
3 3209 5492 3218  216 216 216
3 5484 3216 5487  216 216 216
3 3216 5484 3219  216 216 216
3 3201 3219 5486  216 216 216
3 5486 3219 5484  216 216 216
3 3216 3218 5487  216 216 216
3 5487 3218 5492  216 216 216
3 3209 3211 5490  216 216 216
3 5490 3211 5496  216 216 216
3 3206 3203 5494  216 216 216
3 5494 3203 5500  216 216 216
3 3511 3515 5498  216 216 216
3 5498 3515 5504  216 216 216
3 3545 3539 5502  216 216 216
3 5502 3539 5508  216 216 216
3 3541 3535 5506  216 216 216
3 5506 3535 5512  216 216 216
3 5510 3510 5516  216 216 216
3 3510 3476 5516  216 216 216
3 5513 5515 3472  216 216 216
3 3472 5515 3507  216 216 216
3 5519 3508 5517  216 216 216
3 3508 5519 3501  216 216 216
3 5523 3502 5521  216 216 216
3 3502 5523 3492  216 216 216
3 5524 3493 5522  216 216 216
3 3493 5524 3494  216 216 216
3 5520 3485 5518  216 216 216
3 3485 5520 3486  216 216 216
3 5516 3478 5514  216 216 216
3 5516 3476 3478  216 216 216
3 3478 3486 5514  216 216 216
3 5514 3486 5520  216 216 216
3 3485 3494 5518  216 216 216
3 5518 3494 5524  216 216 216
3 3493 3492 5522  216 216 216
3 5522 3492 5523  216 216 216
3 3502 3501 5521  216 216 216
3 5521 3501 5519  216 216 216
3 3508 3507 5517  216 216 216
3 5517 3507 5515  216 216 216
3 5513 3472 5511  216 216 216
3 3472 3434 5511  216 216 216
3 5485 5550 3154  216 216 216
3 3154 5550 3152  216 216 216
3 5549 3158 5547  216 216 216
3 3158 5549 3156  216 216 216
3 5545 3162 5543  216 216 216
3 3162 5545 3160  216 216 216
3 5541 3128 5539  216 216 216
3 3128 5541 3123  216 216 216
3 5534 3124 5538  216 216 216
3 3124 5534 3412  216 216 216
3 5530 3417 5536  216 216 216
3 5532 3424 5530  216 216 216
3 3424 5532 3422  216 216 216
3 5532 5526 3422  216 216 216
3 5525 3430 5528  216 216 216
3 3430 5525 3428  216 216 216
3 3434 3428 5511  216 216 216
3 5511 3428 5525  216 216 216
3 3430 3422 5528  216 216 216
3 3424 3415 5530  216 216 216
3 3415 3417 5530  216 216 216
3 3417 3412 5536  216 216 216
3 5536 3412 5534  216 216 216
3 3124 3123 5538  216 216 216
3 5538 3123 5541  216 216 216
3 3128 3160 5539  216 216 216
3 5539 3160 5545  216 216 216
3 3162 3156 5543  216 216 216
3 5543 3156 5549  216 216 216
3 3158 3152 5547  216 216 216
3 5547 3152 5550  216 216 216
3 3422 5526 5528  216 216 216
3 5488 5489 5564  216 216 216
3 5565 5566 5489  216 216 216
3 5567 5568 5566  216 216 216
3 5566 5568 5489  216 216 216
3 5568 5569 5489  216 216 216
3 5569 5570 5489  216 216 216
3 5489 5570 5564  216 216 216
3 5509 5571 5507  216 216 216
3 5571 5572 5507  216 216 216
3 5572 5573 5507  216 216 216
3 5573 5574 5507  216 216 216
3 5575 5576 5574  216 216 216
3 5577 5507 5576  216 216 216
3 5576 5507 5574  216 216 216
3 5576 5578 5577  216 216 216
3 5576 5579 5578  216 216 216
3 5578 5580 5577  216 216 216
3 5580 5581 5577  216 216 216
3 5582 5583 5581  216 216 216
3 5583 5584 5581  216 216 216
3 5584 5577 5581  216 216 216
3 5576 5575 5579  216 216 216
3 5579 5575 5585  216 216 216
3 5573 5586 5574  216 216 216
3 5586 5573 5587  216 216 216
3 5571 5588 5572  216 216 216
3 5588 5589 5572  216 216 216
3 5589 5590 5572  216 216 216
3 5590 5587 5572  216 216 216
3 5572 5587 5573  216 216 216
3 5586 5591 5574  216 216 216
3 5591 5585 5574  216 216 216
3 5574 5585 5575  216 216 216
3 5564 5592 5488  216 216 216
3 5592 5593 5488  216 216 216
3 5593 5594 5488  216 216 216
3 5594 5595 5488  216 216 216
3 5595 5596 5488  216 216 216
3 5596 5597 5488  216 216 216
3 5597 5598 5488  216 216 216
3 5488 5598 5548  216 216 216
3 5598 5599 5548  216 216 216
3 5599 5600 5548  216 216 216
3 5601 5546 5602  216 216 216
3 5601 5603 5546  216 216 216
3 5603 5604 5546  216 216 216
3 5546 5604 5544  216 216 216
3 5604 5605 5544  216 216 216
3 5605 5606 5544  216 216 216
3 5606 5607 5544  216 216 216
3 5607 5608 5544  216 216 216
3 5608 5609 5544  216 216 216
3 5610 5542 5611  216 216 216
3 5542 5610 5540  216 216 216
3 5612 5537 5613  216 216 216
3 5612 5614 5537  216 216 216
3 5537 5614 5535  216 216 216
3 5615 5533 5616  216 216 216
3 5533 5615 5531  216 216 216
3 5615 5617 5531  216 216 216
3 5617 5618 5531  216 216 216
3 5618 5619 5531  216 216 216
3 5619 5620 5531  216 216 216
3 5620 5621 5531  216 216 216
3 5622 5529 5623  216 216 216
3 5622 5581 5529  216 216 216
3 5581 5580 5529  216 216 216
3 5529 5580 5527  216 216 216
3 5580 5578 5527  216 216 216
3 5578 5579 5527  216 216 216
3 5591 5509 5585  216 216 216
3 5591 5586 5509  216 216 216
3 5586 5587 5509  216 216 216
3 5587 5590 5509  216 216 216
3 5590 5589 5509  216 216 216
3 5589 5588 5509  216 216 216
3 5588 5571 5509  216 216 216
3 5509 5527 5585  216 216 216
3 5529 5531 5623  216 216 216
3 5533 5535 5616  216 216 216
3 5616 5535 5614  216 216 216
3 5537 5540 5613  216 216 216
3 5613 5540 5610  216 216 216
3 5542 5544 5611  216 216 216
3 5546 5548 5602  216 216 216
3 5548 5600 5602  216 216 216
3 5544 5609 5611  216 216 216
3 5531 5621 5623  216 216 216
3 5527 5579 5585  216 216 216
3 5577 5584 5507  216 216 216
3 5584 5583 5507  216 216 216
3 5583 5582 5507  216 216 216
3 5582 5624 5507  216 216 216
3 5507 5624 5505  216 216 216
3 5624 5625 5505  216 216 216
3 5625 5626 5505  216 216 216
3 5626 5627 5505  216 216 216
3 5628 5503 5629  216 216 216
3 5628 5630 5503  216 216 216
3 5630 5631 5503  216 216 216
3 5503 5631 5501  216 216 216
3 5632 5499 5633  216 216 216
3 5499 5632 5563  216 216 216
3 5634 5497 5635  216 216 216
3 5497 5634 5495  216 216 216
3 5636 5493 5637  216 216 216
3 5636 5638 5493  216 216 216
3 5638 5639 5493  216 216 216
3 5493 5639 5491  216 216 216
3 5639 5640 5491  216 216 216
3 5640 5641 5491  216 216 216
3 5641 5642 5491  216 216 216
3 5643 5489 5644  216 216 216
3 5643 5645 5489  216 216 216
3 5645 5646 5489  216 216 216
3 5646 5565 5489  216 216 216
3 5489 5491 5644  216 216 216
3 5493 5495 5637  216 216 216
3 5637 5495 5634  216 216 216
3 5497 5563 5635  216 216 216
3 5635 5563 5632  216 216 216
3 5499 5501 5633  216 216 216
3 5633 5501 5631  216 216 216
3 5503 5505 5629  216 216 216
3 5629 5505 5627  216 216 216
3 5644 5491 5642  216 216 216
3 5564 5570 5592  216 216 216
3 5569 5594 5570  216 216 216
3 5568 5596 5569  216 216 216
3 5567 5598 5568  216 216 216
3 5566 5599 5567  216 216 216
3 5599 5598 5567  216 216 216
3 5598 5597 5568  216 216 216
3 5597 5596 5568  216 216 216
3 5596 5595 5569  216 216 216
3 5595 5594 5569  216 216 216
3 5594 5593 5570  216 216 216
3 5593 5592 5570  216 216 216
3 5599 5566 5600  216 216 216
3 5646 5601 5565  216 216 216
3 5646 5645 5601  216 216 216
3 5645 5643 5601  216 216 216
3 5601 5602 5565  216 216 216
3 5602 5600 5565  216 216 216
3 5565 5600 5566  216 216 216
3 5582 5581 5624  216 216 216
3 5581 5622 5624  216 216 216
3 5621 5625 5623  216 216 216
3 5625 5621 5626  216 216 216
3 5619 5627 5620  216 216 216
3 5627 5619 5629  216 216 216
3 5617 5628 5618  216 216 216
3 5628 5629 5618  216 216 216
3 5618 5629 5619  216 216 216
3 5627 5626 5620  216 216 216
3 5620 5626 5621  216 216 216
3 5625 5624 5623  216 216 216
3 5623 5624 5622  216 216 216
3 5615 5630 5617  216 216 216
3 5630 5628 5617  216 216 216
3 5630 5615 5631  216 216 216
3 5614 5633 5616  216 216 216
3 5633 5614 5632  216 216 216
3 5613 5635 5612  216 216 216
3 5635 5613 5634  216 216 216
3 5611 5637 5610  216 216 216
3 5611 5636 5637  216 216 216
3 5637 5634 5610  216 216 216
3 5610 5634 5613  216 216 216
3 5635 5632 5612  216 216 216
3 5612 5632 5614  216 216 216
3 5633 5631 5616  216 216 216
3 5631 5615 5616  216 216 216
3 5611 5609 5636  216 216 216
3 5609 5638 5636  216 216 216
3 5609 5608 5638  216 216 216
3 5638 5608 5639  216 216 216
3 5606 5640 5607  216 216 216
3 5640 5606 5641  216 216 216
3 5604 5642 5605  216 216 216
3 5642 5604 5644  216 216 216
3 5604 5603 5644  216 216 216
3 5643 5644 5601  216 216 216
3 5642 5641 5605  216 216 216
3 5605 5641 5606  216 216 216
3 5640 5639 5607  216 216 216
3 5607 5639 5608  216 216 216
3 5644 5603 5601  216 216 216
