OFF
2393 4790 0
-10.84013462 -0.74965954 3
-10.67564201 -0.59953117 2.64805031
-10.86602497 0 3
-10.69246292 0 2.64805031
-10.67564201 0.59953117 2.64805031
-10.56632423 0 2.27645707
-10.54970169 0.59245855 2.27645707
-10.48976707 0 1.89157856
-10.47326469 0.58816594 1.89157856
-10.46410179 0 1.5
-10.44763947 0.58672684 1.5
-10.48976707 -0 1.10842144
-10.47326469 0.58816594 1.10842144
-10.56632423 -0 0.72354287
-10.54970169 0.59245855 0.72354287
-10.69246292 -0 0.35194969
-10.67564201 0.59953117 0.35194969
-10.86602497 0 0
-10.84013462 0.74965954 -0
-10.62523079 -1.19717598 2.64805031
-10.76258564 -1.49574661 3
-10.54138947 -1.79105413 2.64805031
-10.63374805 -2.23470569 3
-10.4243803 -2.37929678 2.64805031
-10.45423603 -2.96301556 3
-10.27457333 -2.96005344 2.64805031
-10.22490406 -3.67720509 3
-10.09243774 -3.53149676 2.64805031
-9.87854767 -4.09182835 2.64805031
-9.76201057 -4.04355717 2.27645707
-9.51992893 -4.5845561 2.27645707
-9.45095348 -4.55133915 1.89157856
-9.18089008 -5.07409859 1.89157856
-9.15842724 -5.06168365 1.5
-8.86020851 -5.56723785 1.5
-8.88193989 -5.58089256 1.10842144
-8.55504322 -6.07012701 1.10842144
-8.61748028 -6.11442852 0.72354287
-8.26108456 -6.58799553 0.72354287
-8.35970402 -6.66664171 0.35194969
-7.97275114 -7.12488604 0.35194969
-8.37719631 -6.92048264 -0
-7.87978411 -7.48194551 -0
-7.56071329 -7.56071329 0.35194969
-7.34482098 -8.00775337 -0
-7.12488604 -7.97275114 0.35194969
-6.77485609 -8.49540043 -0
-6.66664171 -8.35970402 0.35194969
-6.18742132 -8.72035408 0.35194969
-6.58799553 -8.26108456 0.72354287
-6.11442852 -8.61748028 0.72354287
-6.5402627 -8.20123005 1.10842144
-6.07012701 -8.55504322 1.10842144
-6.52426052 -8.18116379 1.5
-6.05527544 -8.53411198 1.5
-6.5402627 -8.20123005 1.89157856
-6.07012701 -8.55504322 1.89157856
-6.58799553 -8.26108456 2.27645707
-6.11442852 -8.61748028 2.27645707
-6.66664171 -8.35970402 2.64805031
-6.18742132 -8.72035408 2.64805031
-6.77485609 -8.49540043 3
-6.17260599 -8.94256401 3
-9.94684696 -4.37387133 3
-9.63357639 -4.63928604 2.64805031
-9.24789429 -5.11113071 2.27645707
-8.88193989 -5.58089256 1.89157856
-8.53411198 -6.05527544 1.5
-8.20123005 -6.5402627 1.10842144
-7.87869692 -7.04083395 0.72354287
-9.62138748 -5.04969358 3
-9.35829449 -5.17214632 2.64805031
-8.94676208 -5.62162352 2.27645707
-8.55504322 -6.07012701 1.89157856
-8.18116379 -6.52426052 1.5
-7.82161283 -6.98982048 1.10842144
-7.47151947 -7.47151947 0.72354287
-9.2500782 -5.70145226 3
-9.05356693 -5.6887331 2.64805031
-8.61748028 -6.11442852 2.27645707
-8.20123005 -6.5402627 1.89157856
-7.80247545 -6.97271824 1.5
-7.41738558 -7.41738558 1.10842144
-7.04083395 -7.87869692 0.72354287
-8.83468819 -6.32604074 3
-8.72035408 -6.18742132 2.64805031
-8.26108456 -6.58799553 2.27645707
-7.82161283 -6.98982048 1.89157856
-7.39923716 -7.39923716 1.5
-6.98982048 -7.82161283 1.10842144
-8.35970402 -6.66664171 2.64805031
-8.37719631 -6.92048264 3
-7.97275114 -7.12488604 2.64805031
-7.87978411 -7.48194551 3
-7.56071329 -7.56071329 2.64805031
-7.34482098 -8.00775337 3
-7.12488604 -7.97275114 2.64805031
-5.6887331 -9.05356693 2.64805031
-5.54094076 -9.34711075 3
-5.17214632 -9.35829449 2.64805031
-4.8828702 -9.70711517 3
-4.63928604 -9.63357639 2.64805031
-4.20153046 -10.02086067 3
-4.09182835 -9.87854767 2.64805031
-3.5001688 -10.28685188 3
-3.53149676 -10.09243774 2.64805031
-2.96005344 -10.27457333 2.64805031
-2.92513371 -10.15336418 2.27645707
-2.35122824 -10.301404 2.27645707
-2.33419275 -10.22676659 1.89157856
-1.7571013 -10.3415575 1.89157856
-1.75280213 -10.31625462 1.5
-1.17160761 -10.39830589 1.5
-1.17448127 -10.42381001 1.10842144
-0.58816594 -10.47326469 1.10842144
-0.59245855 -10.54970169 0.72354287
0 -10.56632423 0.72354287
0 -10.69246292 0.35194969
0.59953117 -10.67564201 0.35194969
0.18755457 -10.86440659 -0
0.93665552 -10.82557964 -0
1.19717598 -10.62523079 0.35194969
1.68129289 -10.73516464 -0
1.79105413 -10.54138947 0.35194969
2.41791821 -10.59359169 -0
2.37929678 -10.4243803 0.35194969
2.96005344 -10.27457333 0.35194969
2.35122824 -10.301404 0.72354287
2.92513371 -10.15336418 0.72354287
2.33419275 -10.22676659 1.10842144
2.90393996 -10.0797987 1.10842144
2.32848167 -10.20174503 1.5
2.89683485 -10.05513668 1.5
2.33419275 -10.22676659 1.89157856
2.90393996 -10.0797987 1.89157856
2.35122824 -10.301404 2.27645707
2.92513371 -10.15336418 2.27645707
2.37929678 -10.4243803 2.64805031
2.96005344 -10.27457333 2.64805031
2.41791821 -10.59359169 3
3.14302087 -10.40153503 3
-2.78212714 -10.50382233 3
-2.37929678 -10.4243803 2.64805031
-1.769925 -10.4170332 2.27645707
-1.17448127 -10.42381001 1.89157856
-0.58672684 -10.44763947 1.5
0 -10.48976707 1.10842144
0.59245855 -10.54970169 0.72354287
-2.0508275 -10.67073631 3
-1.79105413 -10.54138947 2.64805031
-1.1830529 -10.49988556 2.27645707
-0.58816594 -10.47326469 1.89157856
0 -10.46410179 1.5
0.58816594 -10.47326469 1.10842144
1.1830529 -10.49988556 0.72354287
-1.30975461 -10.78679943 3
-1.19717598 -10.62523079 2.64805031
-0.59245855 -10.54970169 2.27645707
0 -10.48976707 1.89157856
0.58672684 -10.44763947 1.5
1.17448127 -10.42381001 1.10842144
1.769925 -10.4170332 0.72354287
-0.56244016 -10.8514595 3
-0.59953117 -10.67564201 2.64805031
0 -10.56632423 2.27645707
0.58816594 -10.47326469 1.89157856
1.17160761 -10.39830589 1.5
1.7571013 -10.3415575 1.10842144
0 -10.69246292 2.64805031
0.18755457 -10.86440659 3
0.59953117 -10.67564201 2.64805031
0.93665552 -10.82557964 3
1.19717598 -10.62523079 2.64805031
1.68129289 -10.73516464 3
1.79105413 -10.54138947 2.64805031
3.53149676 -10.09243774 2.64805031
3.8531456 -10.1599102 3
4.09182835 -9.87854767 2.64805031
4.54490852 -9.86986923 3
4.63928604 -9.63357639 2.64805031
5.21501303 -9.53279305 3
5.17214632 -9.35829449 2.64805031
5.86026525 -9.15028954 3
5.6887331 -9.05356693 2.64805031
6.18742132 -8.72035408 2.64805031
6.11442852 -8.61748028 2.27645707
6.58799553 -8.26108456 2.27645707
6.5402627 -8.20123005 1.89157856
6.98982048 -7.82161283 1.89157856
6.97271824 -7.80247545 1.5
7.39923716 -7.39923716 1.5
7.41738558 -7.41738558 1.10842144
7.82161283 -6.98982048 1.10842144
7.87869692 -7.04083395 0.72354287
8.26108456 -6.58799553 0.72354287
8.35970402 -6.66664171 0.35194969
8.72035408 -6.18742132 0.35194969
8.61107349 -6.62721062 -0
9.04777431 -6.01733208 -0
9.05356693 -5.6887331 0.35194969
9.44135857 -5.37877798 -0
9.35829449 -5.17214632 0.35194969
9.78995037 -4.7145915 -0
9.63357639 -4.63928604 0.35194969
9.87854767 -4.09182835 0.35194969
9.51992893 -4.5845561 0.72354287
9.76201057 -4.04355717 0.72354287
9.45095348 -4.55133915 1.10842144
9.69128132 -4.01425982 1.10842144
9.42782974 -4.54020357 1.5
9.66756916 -4.0044384 1.5
9.45095348 -4.55133915 1.89157856
9.69128132 -4.01425982 1.89157856
9.51992893 -4.5845561 2.27645707
9.76201057 -4.04355717 2.27645707
9.63357639 -4.63928604 2.64805031
9.87854767 -4.09182835 2.64805031
9.78995037 -4.7145915 3
10.09188843 -4.02793837 3
6.47759056 -8.72418022 3
6.66664171 -8.35970402 2.64805031
7.04083395 -7.87869692 2.27645707
7.41738558 -7.41738558 1.89157856
7.80247545 -6.97271824 1.5
8.20123005 -6.5402627 1.10842144
8.61748028 -6.11442852 0.72354287
7.06404781 -8.25649643 3
7.12488604 -7.97275114 2.64805031
7.47151947 -7.47151947 2.27645707
7.82161283 -6.98982048 1.89157856
8.18116379 -6.52426052 1.5
8.55504322 -6.07012701 1.10842144
8.94676208 -5.62162352 0.72354287
7.61684084 -7.7494669 3
7.56071329 -7.56071329 2.64805031
7.87869692 -7.04083395 2.27645707
8.20123005 -6.5402627 1.89157856
8.53411198 -6.05527544 1.5
8.88193989 -5.58089256 1.10842144
9.24789429 -5.11113071 0.72354287
8.13333702 -7.20550776 3
7.97275114 -7.12488604 2.64805031
8.26108456 -6.58799553 2.27645707
8.55504322 -6.07012701 1.89157856
8.86020851 -5.56723785 1.5
9.18089008 -5.07409859 1.10842144
8.35970402 -6.66664171 2.64805031
8.61107349 -6.62721062 3
8.72035408 -6.18742132 2.64805031
9.04777431 -6.01733208 3
9.05356693 -5.6887331 2.64805031
9.44135857 -5.37877798 3
9.35829449 -5.17214632 2.64805031
10.09243774 -3.53149676 2.64805031
10.3457346 -3.32208991 3
10.27457333 -2.96005344 2.64805031
10.55027866 -2.60040998 3
10.4243803 -2.37929678 2.64805031
10.70454502 -1.86633825 3
10.54138947 -1.79105413 2.64805031
10.80780029 -1.12337244 3
10.62523079 -1.19717598 2.64805031
10.67564201 -0.59953117 2.64805031
10.54970169 -0.59245855 2.27645707
10.56632423 0 2.27645707
10.48976707 0 1.89157856
10.47326469 0.58816594 1.89157856
10.44763947 0.58672684 1.5
10.39830589 1.17160761 1.5
10.42381001 1.17448127 1.10842144
10.3415575 1.7571013 1.10842144
10.4170332 1.769925 0.72354287
10.301404 2.35122824 0.72354287
10.4243803 2.37929678 0.35194969
10.27457333 2.96005344 0.35194969
10.55027866 2.60040998 -0
10.3457346 3.32208991 -0
10.09243774 3.53149676 0.35194969
10.09188843 4.02793837 -0
9.87854767 4.09182835 0.35194969
9.78995037 4.7145915 -0
9.63357639 4.63928604 0.35194969
9.35829449 5.17214632 0.35194969
9.51992893 4.5845561 0.72354287
9.24789429 5.11113071 0.72354287
9.45095348 4.55133915 1.10842144
9.18089008 5.07409859 1.10842144
9.42782974 4.54020357 1.5
9.15842724 5.06168365 1.5
9.45095348 4.55133915 1.89157856
9.18089008 5.07409859 1.89157856
9.51992893 4.5845561 2.27645707
9.24789429 5.11113071 2.27645707
9.63357639 4.63928604 2.64805031
9.35829449 5.17214632 2.64805031
9.78995037 4.7145915 3
9.44135857 5.37877798 3
10.85955048 -0.37505326 3
10.69246292 0 2.64805031
10.54970169 0.59245855 2.27645707
10.42381001 1.17448127 1.89157856
10.31625462 1.75280213 1.5
10.22676659 2.33419275 1.10842144
10.15336418 2.92513371 0.72354287
10.85955048 0.37505326 3
10.67564201 0.59953117 2.64805031
10.49988556 1.1830529 2.27645707
10.3415575 1.7571013 1.89157856
10.20174503 2.32848167 1.5
10.0797987 2.90393996 1.10842144
9.97337723 3.48983574 0.72354287
10.80780029 1.12337244 3
10.62523079 1.19717598 2.64805031
10.4170332 1.769925 2.27645707
10.22676659 2.33419275 1.89157856
10.05513668 2.89683485 1.5
9.90111637 3.4645505 1.10842144
9.76201057 4.04355717 0.72354287
10.70454502 1.86633825 3
10.54138947 1.79105413 2.64805031
10.301404 2.35122824 2.27645707
10.0797987 2.90393996 1.89157856
9.87689114 3.45607376 1.5
9.69128132 4.01425982 1.10842144
10.4243803 2.37929678 2.64805031
10.55027866 2.60040998 3
10.27457333 2.96005344 2.64805031
10.3457346 3.32208991 3
10.09243774 3.53149676 2.64805031
10.09188843 4.02793837 3
9.87854767 4.09182835 2.64805031
9.05356693 5.6887331 2.64805031
9.04777431 6.01733208 3
8.72035408 6.18742132 2.64805031
8.61107349 6.62721062 3
8.35970402 6.66664171 2.64805031
8.13333702 7.20550776 3
7.97275114 7.12488604 2.64805031
7.61684084 7.7494669 3
7.56071329 7.56071329 2.64805031
7.12488604 7.97275114 2.64805031
7.04083395 7.87869692 2.27645707
6.58799553 8.26108456 2.27645707
6.5402627 8.20123005 1.89157856
6.07012701 8.55504322 1.89157856
6.05527544 8.53411198 1.5
5.56723785 8.86020851 1.5
5.58089256 8.88193989 1.10842144
5.07409859 9.18089008 1.10842144
5.11113071 9.24789429 0.72354287
4.5845561 9.51992893 0.72354287
4.63928604 9.63357639 0.35194969
4.09182835 9.87854767 0.35194969
4.54490852 9.86986923 -0
3.8531456 10.1599102 -0
3.53149676 10.09243774 0.35194969
3.14302087 10.40153503 -0
2.96005344 10.27457333 0.35194969
2.41791821 10.59359169 -0
2.37929678 10.4243803 0.35194969
1.79105413 10.54138947 0.35194969
2.35122824 10.301404 0.72354287
1.769925 10.4170332 0.72354287
2.33419275 10.22676659 1.10842144
1.7571013 10.3415575 1.10842144
2.32848167 10.20174503 1.5
1.75280213 10.31625462 1.5
2.33419275 10.22676659 1.89157856
1.7571013 10.3415575 1.89157856
2.35122824 10.301404 2.27645707
1.769925 10.4170332 2.27645707
2.37929678 10.4243803 2.64805031
1.79105413 10.54138947 2.64805031
2.41791821 10.59359169 3
1.68129289 10.73516464 3
7.06404781 8.25649643 3
6.66664171 8.35970402 2.64805031
6.11442852 8.61748028 2.27645707
5.58089256 8.88193989 1.89157856
5.06168365 9.15842724 1.5
4.55133915 9.45095348 1.10842144
4.04355717 9.76201057 0.72354287
6.47759056 8.72418022 3
6.18742132 8.72035408 2.64805031
5.62162352 8.94676208 2.27645707
5.07409859 9.18089008 1.89157856
4.54020357 9.42782974 1.5
4.01425982 9.69128132 1.10842144
3.48983574 9.97337723 0.72354287
5.86026525 9.15028954 3
5.6887331 9.05356693 2.64805031
5.11113071 9.24789429 2.27645707
4.55133915 9.45095348 1.89157856
4.0044384 9.66756916 1.5
3.4645505 9.90111637 1.10842144
2.92513371 10.15336418 0.72354287
5.21501303 9.53279305 3
5.17214632 9.35829449 2.64805031
4.5845561 9.51992893 2.27645707
4.01425982 9.69128132 1.89157856
3.45607376 9.87689114 1.5
2.90393996 10.0797987 1.10842144
4.63928604 9.63357639 2.64805031
4.54490852 9.86986923 3
4.09182835 9.87854767 2.64805031
3.8531456 10.1599102 3
3.53149676 10.09243774 2.64805031
3.14302087 10.40153503 3
2.96005344 10.27457333 2.64805031
1.19717598 10.62523079 2.64805031
0.93665552 10.82557964 3
0.59953117 10.67564201 2.64805031
0.18755457 10.86440659 3
0 10.69246292 2.64805031
-0.56244016 10.8514595 3
-0.59953117 10.67564201 2.64805031
-1.30975461 10.78679943 3
-1.19717598 10.62523079 2.64805031
-1.79105413 10.54138947 2.64805031
-1.769925 10.4170332 2.27645707
-2.35122824 10.301404 2.27645707
-2.33419275 10.22676659 1.89157856
-2.90393996 10.0797987 1.89157856
-2.89683485 10.05513668 1.5
-3.45607376 9.87689114 1.5
-3.4645505 9.90111637 1.10842144
-4.01425982 9.69128132 1.10842144
-4.04355717 9.76201057 0.72354287
-4.5845561 9.51992893 0.72354287
-4.63928604 9.63357639 0.35194969
-5.17214632 9.35829449 0.35194969
-4.8828702 9.70711517 -0
-5.54094076 9.34711075 -0
-5.6887331 9.05356693 0.35194969
-6.17260599 8.94256401 -0
-6.18742132 8.72035408 0.35194969
-6.77485609 8.49540043 -0
-6.66664171 8.35970402 0.35194969
-7.12488604 7.97275114 0.35194969
-6.58799553 8.26108456 0.72354287
-7.04083395 7.87869692 0.72354287
-6.5402627 8.20123005 1.10842144
-6.98982048 7.82161283 1.10842144
-6.52426052 8.18116379 1.5
-6.97271824 7.80247545 1.5
-6.5402627 8.20123005 1.89157856
-6.98982048 7.82161283 1.89157856
-6.58799553 8.26108456 2.27645707
-7.04083395 7.87869692 2.27645707
-6.66664171 8.35970402 2.64805031
-7.12488604 7.97275114 2.64805031
-6.77485609 8.49540043 3
-7.34482098 8.00775337 3
-2.0508275 10.67073631 3
-2.37929678 10.4243803 2.64805031
-2.92513371 10.15336418 2.27645707
-3.4645505 9.90111637 1.89157856
-4.0044384 9.66756916 1.5
-4.55133915 9.45095348 1.10842144
-5.11113071 9.24789429 0.72354287
-2.78212714 10.50382233 3
-2.96005344 10.27457333 2.64805031
-3.48983574 9.97337723 2.27645707
-4.01425982 9.69128132 1.89157856
-4.54020357 9.42782974 1.5
-5.07409859 9.18089008 1.10842144
-5.62162352 8.94676208 0.72354287
-3.5001688 10.28685188 3
-3.53149676 10.09243774 2.64805031
-4.04355717 9.76201057 2.27645707
-4.55133915 9.45095348 1.89157856
-5.06168365 9.15842724 1.5
-5.58089256 8.88193989 1.10842144
-6.11442852 8.61748028 0.72354287
-4.20153046 10.02086067 3
-4.09182835 9.87854767 2.64805031
-4.5845561 9.51992893 2.27645707
-5.07409859 9.18089008 1.89157856
-5.56723785 8.86020851 1.5
-6.07012701 8.55504322 1.10842144
-4.63928604 9.63357639 2.64805031
-4.8828702 9.70711517 3
-5.17214632 9.35829449 2.64805031
-5.54094076 9.34711075 3
-5.6887331 9.05356693 2.64805031
-6.17260599 8.94256401 3
-6.18742132 8.72035408 2.64805031
-7.56071329 7.56071329 2.64805031
-7.87978411 7.48194551 3
-7.97275114 7.12488604 2.64805031
-8.37719631 6.92048264 3
-8.35970402 6.66664171 2.64805031
-8.83468819 6.32604074 3
-8.72035408 6.18742132 2.64805031
-9.2500782 5.70145226 3
-9.05356693 5.6887331 2.64805031
-9.35829449 5.17214632 2.64805031
-9.24789429 5.11113071 2.27645707
-9.51992893 4.5845561 2.27645707
-9.45095348 4.55133915 1.89157856
-9.69128132 4.01425982 1.89157856
-9.66756916 4.0044384 1.5
-9.87689114 3.45607376 1.5
-9.90111637 3.4645505 1.10842144
-10.0797987 2.90393996 1.10842144
-10.15336418 2.92513371 0.72354287
-10.301404 2.35122824 0.72354287
-10.4243803 2.37929678 0.35194969
-10.54138947 1.79105413 0.35194969
-10.63374805 2.23470569 -0
-10.76258564 1.49574661 -0
-10.62523079 1.19717598 0.35194969
-9.62138748 5.04969358 3
-9.63357639 4.63928604 2.64805031
-9.76201057 4.04355717 2.27645707
-9.90111637 3.4645505 1.89157856
-10.05513668 2.89683485 1.5
-10.22676659 2.33419275 1.10842144
-10.4170332 1.769925 0.72354287
-9.94684696 4.37387133 3
-9.87854767 4.09182835 2.64805031
-9.97337723 3.48983574 2.27645707
-10.0797987 2.90393996 1.89157856
-10.20174503 2.32848167 1.5
-10.3415575 1.7571013 1.10842144
-10.49988556 1.1830529 0.72354287
-10.22490406 3.67720509 3
-10.09243774 3.53149676 2.64805031
-10.15336418 2.92513371 2.27645707
-10.22676659 2.33419275 1.89157856
-10.31625462 1.75280213 1.5
-10.42381001 1.17448127 1.10842144
-10.45423603 2.96301556 3
-10.27457333 2.96005344 2.64805031
-10.301404 2.35122824 2.27645707
-10.3415575 1.7571013 1.89157856
-10.39830589 1.17160761 1.5
-10.4243803 2.37929678 2.64805031
-10.63374805 2.23470569 3
-10.54138947 1.79105413 2.64805031
-10.76258564 1.49574661 3
-10.62523079 1.19717598 2.64805031
-10.84013462 0.74965954 3
-10.45423603 2.96301556 -0
-10.27457333 2.96005344 0.35194969
-9.97337723 3.48983574 0.72354287
-9.69128132 4.01425982 1.10842144
-9.42782974 4.54020357 1.5
-9.18089008 5.07409859 1.89157856
-8.94676208 5.62162352 2.27645707
-10.22490406 3.67720509 -0
-10.09243774 3.53149676 0.35194969
-9.76201057 4.04355717 0.72354287
-9.45095348 4.55133915 1.10842144
-9.15842724 5.06168365 1.5
-8.88193989 5.58089256 1.89157856
-8.61748028 6.11442852 2.27645707
-9.87854767 4.09182835 0.35194969
-9.94684696 4.37387133 -0
-9.63357639 4.63928604 0.35194969
-9.62138748 5.04969358 -0
-9.35829449 5.17214632 0.35194969
-9.2500782 5.70145226 -0
-9.05356693 5.6887331 0.35194969
-8.83468819 6.32604074 -0
-8.72035408 6.18742132 0.35194969
-8.35970402 6.66664171 0.35194969
-8.26108456 6.58799553 0.72354287
-7.87869692 7.04083395 0.72354287
-7.82161283 6.98982048 1.10842144
-7.41738558 7.41738558 1.10842144
-7.39923716 7.39923716 1.5
-8.37719631 6.92048264 -0
-7.97275114 7.12488604 0.35194969
-7.47151947 7.47151947 0.72354287
-7.87978411 7.48194551 -0
-7.56071329 7.56071329 0.35194969
-7.34482098 8.00775337 -0
-4.20153046 10.02086067 -0
-4.09182835 9.87854767 0.35194969
-3.48983574 9.97337723 0.72354287
-2.90393996 10.0797987 1.10842144
-2.32848167 10.20174503 1.5
-1.7571013 10.3415575 1.89157856
-1.1830529 10.49988556 2.27645707
-3.5001688 10.28685188 -0
-3.53149676 10.09243774 0.35194969
-2.92513371 10.15336418 0.72354287
-2.33419275 10.22676659 1.10842144
-1.75280213 10.31625462 1.5
-1.17448127 10.42381001 1.89157856
-0.59245855 10.54970169 2.27645707
-2.96005344 10.27457333 0.35194969
-2.78212714 10.50382233 -0
-2.37929678 10.4243803 0.35194969
-2.0508275 10.67073631 -0
-1.79105413 10.54138947 0.35194969
-1.30975461 10.78679943 -0
-1.19717598 10.62523079 0.35194969
-0.56244016 10.8514595 -0
-0.59953117 10.67564201 0.35194969
0 10.69246292 0.35194969
0 10.56632423 0.72354287
0.59245855 10.54970169 0.72354287
0.58816594 10.47326469 1.10842144
1.17448127 10.42381001 1.10842144
1.17160761 10.39830589 1.5
0.18755457 10.86440659 -0
0.59953117 10.67564201 0.35194969
1.1830529 10.49988556 0.72354287
0.93665552 10.82557964 -0
1.19717598 10.62523079 0.35194969
1.68129289 10.73516464 -0
5.21501303 9.53279305 -0
5.17214632 9.35829449 0.35194969
5.62162352 8.94676208 0.72354287
6.07012701 8.55504322 1.10842144
6.52426052 8.18116379 1.5
6.98982048 7.82161283 1.89157856
7.47151947 7.47151947 2.27645707
5.86026525 9.15028954 -0
5.6887331 9.05356693 0.35194969
6.11442852 8.61748028 0.72354287
6.5402627 8.20123005 1.10842144
6.97271824 7.80247545 1.5
7.41738558 7.41738558 1.89157856
7.87869692 7.04083395 2.27645707
6.18742132 8.72035408 0.35194969
6.47759056 8.72418022 -0
6.66664171 8.35970402 0.35194969
7.06404781 8.25649643 -0
7.12488604 7.97275114 0.35194969
7.61684084 7.7494669 -0
7.56071329 7.56071329 0.35194969
8.13333702 7.20550776 -0
7.97275114 7.12488604 0.35194969
8.35970402 6.66664171 0.35194969
8.26108456 6.58799553 0.72354287
8.61748028 6.11442852 0.72354287
8.55504322 6.07012701 1.10842144
8.88193989 5.58089256 1.10842144
8.86020851 5.56723785 1.5
8.61107349 6.62721062 -0
8.72035408 6.18742132 0.35194969
8.94676208 5.62162352 0.72354287
9.04777431 6.01733208 -0
9.05356693 5.6887331 0.35194969
9.44135857 5.37877798 -0
10.70454502 1.86633825 -0
10.54138947 1.79105413 0.35194969
10.49988556 1.1830529 0.72354287
10.47326469 0.58816594 1.10842144
10.46410179 0 1.5
10.47326469 -0.58816594 1.89157856
10.49988556 -1.1830529 2.27645707
10.80780029 1.12337244 -0
10.62523079 1.19717598 0.35194969
10.54970169 0.59245855 0.72354287
10.48976707 0 1.10842144
10.44763947 -0.58672684 1.5
10.42381001 -1.17448127 1.89157856
10.4170332 -1.769925 2.27645707
10.67564201 0.59953117 0.35194969
10.85955048 0.37505326 -0
10.69246292 0 0.35194969
10.85955048 -0.37505326 -0
10.67564201 -0.59953117 0.35194969
10.80780029 -1.12337244 -0
10.62523079 -1.19717598 0.35194969
10.70454502 -1.86633825 -0
10.54138947 -1.79105413 0.35194969
10.4243803 -2.37929678 0.35194969
10.301404 -2.35122824 0.72354287
10.15336418 -2.92513371 0.72354287
10.0797987 -2.90393996 1.10842144
9.90111637 -3.4645505 1.10842144
9.87689114 -3.45607376 1.5
10.55027866 -2.60040998 -0
10.27457333 -2.96005344 0.35194969
9.97337723 -3.48983574 0.72354287
10.3457346 -3.32208991 -0
10.09243774 -3.53149676 0.35194969
10.09188843 -4.02793837 -0
8.13333702 -7.20550776 -0
7.97275114 -7.12488604 0.35194969
7.47151947 -7.47151947 0.72354287
6.98982048 -7.82161283 1.10842144
6.52426052 -8.18116379 1.5
6.07012701 -8.55504322 1.89157856
5.62162352 -8.94676208 2.27645707
7.61684084 -7.7494669 -0
7.56071329 -7.56071329 0.35194969
7.04083395 -7.87869692 0.72354287
6.5402627 -8.20123005 1.10842144
6.05527544 -8.53411198 1.5
5.58089256 -8.88193989 1.89157856
5.11113071 -9.24789429 2.27645707
7.12488604 -7.97275114 0.35194969
7.06404781 -8.25649643 -0
6.66664171 -8.35970402 0.35194969
6.47759056 -8.72418022 -0
6.18742132 -8.72035408 0.35194969
5.86026525 -9.15028954 -0
5.6887331 -9.05356693 0.35194969
5.21501303 -9.53279305 -0
5.17214632 -9.35829449 0.35194969
4.63928604 -9.63357639 0.35194969
4.5845561 -9.51992893 0.72354287
4.04355717 -9.76201057 0.72354287
4.01425982 -9.69128132 1.10842144
3.4645505 -9.90111637 1.10842144
3.45607376 -9.87689114 1.5
4.54490852 -9.86986923 -0
4.09182835 -9.87854767 0.35194969
3.48983574 -9.97337723 0.72354287
3.8531456 -10.1599102 -0
3.53149676 -10.09243774 0.35194969
3.14302087 -10.40153503 -0
-0.56244016 -10.8514595 -0
-0.59953117 -10.67564201 0.35194969
-1.1830529 -10.49988556 0.72354287
-1.7571013 -10.3415575 1.10842144
-2.32848167 -10.20174503 1.5
-2.90393996 -10.0797987 1.89157856
-3.48983574 -9.97337723 2.27645707
-1.30975461 -10.78679943 -0
-1.19717598 -10.62523079 0.35194969
-1.769925 -10.4170332 0.72354287
-2.33419275 -10.22676659 1.10842144
-2.89683485 -10.05513668 1.5
-3.4645505 -9.90111637 1.89157856
-4.04355717 -9.76201057 2.27645707
-1.79105413 -10.54138947 0.35194969
-2.0508275 -10.67073631 -0
-2.37929678 -10.4243803 0.35194969
-2.78212714 -10.50382233 -0
-2.96005344 -10.27457333 0.35194969
-3.5001688 -10.28685188 -0
-3.53149676 -10.09243774 0.35194969
-4.20153046 -10.02086067 -0
-4.09182835 -9.87854767 0.35194969
-4.63928604 -9.63357639 0.35194969
-4.5845561 -9.51992893 0.72354287
-5.11113071 -9.24789429 0.72354287
-5.07409859 -9.18089008 1.10842144
-5.58089256 -8.88193989 1.10842144
-5.56723785 -8.86020851 1.5
-4.8828702 -9.70711517 -0
-5.17214632 -9.35829449 0.35194969
-5.62162352 -8.94676208 0.72354287
-5.54094076 -9.34711075 -0
-5.6887331 -9.05356693 0.35194969
-6.17260599 -8.94256401 -0
-8.83468819 -6.32604074 -0
-8.72035408 -6.18742132 0.35194969
-8.94676208 -5.62162352 0.72354287
-9.18089008 -5.07409859 1.10842144
-9.42782974 -4.54020357 1.5
-9.69128132 -4.01425982 1.89157856
-9.97337723 -3.48983574 2.27645707
-9.2500782 -5.70145226 -0
-9.05356693 -5.6887331 0.35194969
-9.24789429 -5.11113071 0.72354287
-9.45095348 -4.55133915 1.10842144
-9.66756916 -4.0044384 1.5
-9.90111637 -3.4645505 1.89157856
-10.15336418 -2.92513371 2.27645707
-9.35829449 -5.17214632 0.35194969
-9.62138748 -5.04969358 -0
-9.63357639 -4.63928604 0.35194969
-9.94684696 -4.37387133 -0
-9.87854767 -4.09182835 0.35194969
-10.22490406 -3.67720509 -0
-10.09243774 -3.53149676 0.35194969
-10.45423603 -2.96301556 -0
-10.27457333 -2.96005344 0.35194969
-10.4243803 -2.37929678 0.35194969
-10.301404 -2.35122824 0.72354287
-10.4170332 -1.769925 0.72354287
-10.3415575 -1.7571013 1.10842144
-10.42381001 -1.17448127 1.10842144
-10.39830589 -1.17160761 1.5
-10.44763947 -0.58672684 1.5
-10.47326469 -0.58816594 1.89157856
-10.63374805 -2.23470569 -0
-10.54138947 -1.79105413 0.35194969
-10.49988556 -1.1830529 0.72354287
-10.47326469 -0.58816594 1.10842144
-10.76258564 -1.49574661 -0
-10.62523079 -1.19717598 0.35194969
-10.54970169 -0.59245855 0.72354287
-10.84013462 -0.74965954 -0
-10.67564201 -0.59953117 0.35194969
-10.42381001 1.17448127 1.89157856
-10.4170332 1.769925 2.27645707
-8.86020851 5.56723785 1.5
-8.55504322 6.07012701 1.89157856
-8.26108456 6.58799553 2.27645707
-8.53411198 6.05527544 1.5
-8.20123005 6.5402627 1.89157856
-7.87869692 7.04083395 2.27645707
-9.18089008 5.07409859 1.10842144
-9.51992893 4.5845561 0.72354287
-8.18116379 6.52426052 1.5
-7.82161283 6.98982048 1.89157856
-7.47151947 7.47151947 2.27645707
-8.88193989 5.58089256 1.10842144
-9.24789429 5.11113071 0.72354287
-7.80247545 6.97271824 1.5
-7.41738558 7.41738558 1.89157856
-8.55504322 6.07012701 1.10842144
-8.94676208 5.62162352 0.72354287
-8.20123005 6.5402627 1.10842144
-8.61748028 6.11442852 0.72354287
-6.05527544 8.53411198 1.5
-6.07012701 8.55504322 1.89157856
-5.58089256 8.88193989 1.89157856
-5.62162352 8.94676208 2.27645707
-5.11113071 9.24789429 2.27645707
-1.17160761 10.39830589 1.5
-0.58816594 10.47326469 1.89157856
0 10.56632423 2.27645707
-0.58672684 10.44763947 1.5
0 10.48976707 1.89157856
0.59245855 10.54970169 2.27645707
-1.7571013 10.3415575 1.10842144
-2.35122824 10.301404 0.72354287
0 10.46410179 1.5
0.58816594 10.47326469 1.89157856
1.1830529 10.49988556 2.27645707
-1.17448127 10.42381001 1.10842144
-1.769925 10.4170332 0.72354287
0.58672684 10.44763947 1.5
1.17448127 10.42381001 1.89157856
-0.58816594 10.47326469 1.10842144
-1.1830529 10.49988556 0.72354287
0 10.48976707 1.10842144
-0.59245855 10.54970169 0.72354287
2.89683485 10.05513668 1.5
2.90393996 10.0797987 1.89157856
3.4645505 9.90111637 1.89157856
3.48983574 9.97337723 2.27645707
4.04355717 9.76201057 2.27645707
7.39923716 7.39923716 1.5
7.82161283 6.98982048 1.89157856
8.26108456 6.58799553 2.27645707
7.80247545 6.97271824 1.5
8.20123005 6.5402627 1.89157856
8.61748028 6.11442852 2.27645707
6.98982048 7.82161283 1.10842144
6.58799553 8.26108456 0.72354287
8.18116379 6.52426052 1.5
8.55504322 6.07012701 1.89157856
8.94676208 5.62162352 2.27645707
7.41738558 7.41738558 1.10842144
7.04083395 7.87869692 0.72354287
8.53411198 6.05527544 1.5
8.88193989 5.58089256 1.89157856
7.82161283 6.98982048 1.10842144
7.47151947 7.47151947 0.72354287
8.20123005 6.5402627 1.10842144
7.87869692 7.04083395 0.72354287
9.66756916 4.0044384 1.5
9.69128132 4.01425982 1.89157856
9.90111637 3.4645505 1.89157856
9.97337723 3.48983574 2.27645707
10.15336418 2.92513371 2.27645707
10.39830589 -1.17160761 1.5
10.3415575 -1.7571013 1.89157856
10.301404 -2.35122824 2.27645707
10.31625462 -1.75280213 1.5
10.22676659 -2.33419275 1.89157856
10.15336418 -2.92513371 2.27645707
10.47326469 -0.58816594 1.10842144
10.56632423 0 0.72354287
10.20174503 -2.32848167 1.5
10.0797987 -2.90393996 1.89157856
9.97337723 -3.48983574 2.27645707
10.42381001 -1.17448127 1.10842144
10.54970169 -0.59245855 0.72354287
10.05513668 -2.89683485 1.5
9.90111637 -3.4645505 1.89157856
10.3415575 -1.7571013 1.10842144
10.49988556 -1.1830529 0.72354287
10.22676659 -2.33419275 1.10842144
10.4170332 -1.769925 0.72354287
9.15842724 -5.06168365 1.5
9.18089008 -5.07409859 1.89157856
8.88193989 -5.58089256 1.89157856
8.94676208 -5.62162352 2.27645707
8.61748028 -6.11442852 2.27645707
5.56723785 -8.86020851 1.5
5.07409859 -9.18089008 1.89157856
4.5845561 -9.51992893 2.27645707
5.06168365 -9.15842724 1.5
4.55133915 -9.45095348 1.89157856
4.04355717 -9.76201057 2.27645707
6.07012701 -8.55504322 1.10842144
6.58799553 -8.26108456 0.72354287
4.54020357 -9.42782974 1.5
4.01425982 -9.69128132 1.89157856
3.48983574 -9.97337723 2.27645707
5.58089256 -8.88193989 1.10842144
6.11442852 -8.61748028 0.72354287
4.0044384 -9.66756916 1.5
3.4645505 -9.90111637 1.89157856
5.07409859 -9.18089008 1.10842144
5.62162352 -8.94676208 0.72354287
4.55133915 -9.45095348 1.10842144
5.11113071 -9.24789429 0.72354287
1.75280213 -10.31625462 1.5
1.7571013 -10.3415575 1.89157856
1.17448127 -10.42381001 1.89157856
1.1830529 -10.49988556 2.27645707
0.59245855 -10.54970169 2.27645707
-3.45607376 -9.87689114 1.5
-4.01425982 -9.69128132 1.89157856
-4.5845561 -9.51992893 2.27645707
-4.0044384 -9.66756916 1.5
-4.55133915 -9.45095348 1.89157856
-5.11113071 -9.24789429 2.27645707
-2.90393996 -10.0797987 1.10842144
-2.35122824 -10.301404 0.72354287
-4.54020357 -9.42782974 1.5
-5.07409859 -9.18089008 1.89157856
-5.62162352 -8.94676208 2.27645707
-3.4645505 -9.90111637 1.10842144
-2.92513371 -10.15336418 0.72354287
-5.06168365 -9.15842724 1.5
-5.58089256 -8.88193989 1.89157856
-4.01425982 -9.69128132 1.10842144
-3.48983574 -9.97337723 0.72354287
-4.55133915 -9.45095348 1.10842144
-4.04355717 -9.76201057 0.72354287
-6.97271824 -7.80247545 1.5
-6.98982048 -7.82161283 1.89157856
-7.41738558 -7.41738558 1.89157856
-7.47151947 -7.47151947 2.27645707
-7.87869692 -7.04083395 2.27645707
-9.87689114 -3.45607376 1.5
-10.0797987 -2.90393996 1.89157856
-10.301404 -2.35122824 2.27645707
-10.05513668 -2.89683485 1.5
-10.22676659 -2.33419275 1.89157856
-10.4170332 -1.769925 2.27645707
-9.69128132 -4.01425982 1.10842144
-9.51992893 -4.5845561 0.72354287
-10.20174503 -2.32848167 1.5
-10.3415575 -1.7571013 1.89157856
-10.49988556 -1.1830529 2.27645707
-9.90111637 -3.4645505 1.10842144
-9.76201057 -4.04355717 0.72354287
-10.31625462 -1.75280213 1.5
-10.42381001 -1.17448127 1.89157856
-10.54970169 -0.59245855 2.27645707
-10.0797987 -2.90393996 1.10842144
-9.97337723 -3.48983574 0.72354287
-10.22676659 -2.33419275 1.10842144
-10.15336418 -2.92513371 0.72354287
-7.04083395 -7.87869692 2.27645707
1.769925 -10.4170332 2.27645707
9.24789429 -5.11113071 2.27645707
9.76201057 4.04355717 2.27645707
2.92513371 10.15336418 2.27645707
-6.11442852 8.61748028 2.27645707
-10.49988556 1.1830529 2.27645707
7.36427498 10.26570797 3
8.00152779 9.77715969 3
7.52808142 10.36151505 2.64805031
8.11145115 9.91147614 2.64805031
8.19133949 10.00909233 2.27645707
7.60222387 10.46356392 2.27645707
8.23982525 10.06833839 1.89157856
7.647223 10.52549934 1.89157856
8.25607967 10.08820057 1.5
7.66230869 10.54626369 1.5
8.23982525 10.06833839 1.10842144
7.647223 10.52549934 1.10842144
8.19133854 10.00909328 0.72354287
7.60222387 10.46356392 0.72354287
8.1114502 9.91147709 0.35194969
7.52808142 10.36151505 0.35194969
8.00152779 9.77716064 -0
7.3642745 10.26570892 0
6.86262131 10.81376076 0.35194969
6.69727325 10.71278858 0
6.1700778 11.2233305 0.35194969
6.00321913 11.11659431 0
5.45318413 11.58860588 0.35194969
5.28491449 11.47549534 0
4.71476889 11.90814686 0.35194969
4.54526186 11.78804111 0
3.95774651 12.18069172 0.35194969
3.78724885 12.05296898 0
3.18510485 12.40516472 0.35194969
3.013937 12.26920891 0
2.39989305 12.58067989 0.35194969
2.22845078 12.43588829 0
1.60521007 12.70654583 0.35194969
1.43396246 12.55233288 0
0.80419189 12.78226471 0.35194969
0.63368183 12.61807251 0
0 12.80753708 0.35194969
-0.16915856 12.63284206 0
-0.80419189 12.78226471 0.35194969
-0.97131562 12.59658146 0
-1.60521007 12.70654583 0.35194969
-1.76954913 12.50943661 0
-2.39989305 12.58067989 0.35194969
-2.56063461 12.37176037 0
-3.18510485 12.40516472 0.35194969
-3.3413763 12.18410969 0
-3.95774651 12.18069172 0.35194969
-4.10862064 11.94723988 0
-4.71476889 11.90814686 0.35194969
-4.85926819 11.66211033 0
-5.45318413 11.58860588 0.35194969
-5.59028721 11.32987213 0
-6.1700778 11.2233305 0.35194969
-6.29872417 10.9518671 0
-6.86262131 10.81376076 0.35194969
-6.98171711 10.52962208 0
-7.52808142 10.36151505 0.35194969
-7.63650799 10.06484222 0
-8.16383171 9.86837673 0.35194969
-8.26045132 9.55940628 0
-8.76736259 9.33629227 0.35194969
-8.85102654 9.01535606 0
-9.33629227 8.76736259 0.35194969
-9.4058485 8.43488693 0
-9.86837673 8.16383171 0.35194969
-9.92267609 7.82034636 0
-10.36151505 7.52808142 0.35194969
-10.39942074 7.17421532 0
-10.81376076 6.86262131 0.35194969
-10.83415699 6.49910402 0
-11.2233305 6.1700778 0.35194969
-11.22512913 5.79773998 0
-11.58860588 5.45318413 0.35194969
-11.57075787 5.07295609 0
-11.90814686 4.71476889 0.35194969
-11.86964607 4.32768011 0
-12.18069172 3.95774651 0.35194969
-12.12058735 3.56492233 0
-12.40516472 3.18510485 0.35194969
-12.32256794 2.78776431 0
-12.58067989 2.39989305 0.35194969
-12.4747715 1.99934506 0
-12.70654583 1.60521007 0.35194969
-12.57658386 1.20284951 0
-12.78226471 0.80419189 0.35194969
-12.62759304 0.4014951 0
-12.80753708 0 0.35194969
-12.62759399 -0.40148112 0
-12.78226471 -0.80419189 0.35194969
-12.57658577 -1.20283556 0
-12.70654583 -1.60521007 0.35194969
-12.47477436 -1.99933124 0
-12.58067989 -2.39989305 0.35194969
-12.3225708 -2.78775048 0
-12.40516472 -3.18510485 0.35194969
-12.12059116 -3.56490898 0
-12.18069172 -3.95774651 0.35194969
-11.86965084 -4.32766676 0
-11.90814686 -4.71476889 0.35194969
-11.57076359 -5.07294321 0
-11.58860588 -5.45318413 0.35194969
-11.2251358 -5.79772758 0
-11.2233305 -6.1700778 0.35194969
-10.83416462 -6.4990921 0
-10.81376076 -6.86262131 0.35194969
-10.39942837 -7.17420387 0
-10.36151505 -7.52808142 0.35194969
-9.92268467 -7.82033539 0
-9.86837673 -8.16383171 0.35194969
-9.40585804 -8.43487644 0
-9.33629227 -8.76736259 0.35194969
-8.85103703 -9.01534557 0
-8.76736259 -9.33629227 0.35194969
-8.26046181 -9.5593977 0
-8.16383171 -9.86837673 0.35194969
-7.63651943 -10.06483459 0
-7.52808142 -10.36151505 0.35194969
-6.98172903 -10.52961445 0
-6.86262131 -10.81376076 0.35194969
-6.2987361 -10.95186043 0
-6.1700778 -11.2233305 0.35194969
-5.59029961 -11.32986641 0
-5.45318413 -11.58860588 0.35194969
-4.85928106 -11.66210556 0
-4.71476889 -11.90814686 0.35194969
-4.108634 -11.94723606 0
-3.95774651 -12.18069172 0.35194969
-3.34138989 -12.18410587 0
-3.18510485 -12.40516472 0.35194969
-2.5606482 -12.37175751 0
-2.39989305 -12.58067989 0.35194969
-1.76956296 -12.5094347 0
-1.60521007 -12.70654583 0.35194969
-0.97132957 -12.59658051 0
-0.80419189 -12.78226471 0.35194969
-0.16917254 -12.63284206 0
0 -12.80753708 0.35194969
0.63366789 -12.61807346 0
0.80419189 -12.78226471 0.35194969
1.43394864 -12.55233479 0
1.60521007 -12.70654583 0.35194969
2.22843695 -12.43589115 0
2.39989305 -12.58067989 0.35194969
3.01392341 -12.26921272 0
3.18510485 -12.40516472 0.35194969
3.7872355 -12.05297279 0
3.95774651 -12.18069172 0.35194969
4.54524899 -11.78804588 0
4.71476889 -11.90814686 0.35194969
5.28490162 -11.47550106 0
5.45318413 -11.58860588 0.35194969
6.00320673 -11.11660099 0
6.1700778 -11.2233305 0.35194969
6.69726133 -10.71279621 0
6.86262131 -10.81376076 0.35194969
7.36426306 -10.26571655 0
7.52808142 -10.36151505 0.35194969
8.00151634 -9.77716923 -0
8.1114397 -9.91148567 0.35194969
7.60222387 -10.46356392 0.72354287
8.1913271 -10.00910187 0.72354287
7.647223 -10.52549934 1.10842144
8.2398138 -10.06834793 1.10842144
7.66230869 -10.54626369 1.5
8.25606823 -10.08821011 1.5
7.647223 -10.52549934 1.89157856
8.2398138 -10.06834793 1.89157856
7.60222387 -10.46356392 2.27645707
8.1913271 -10.00910187 2.27645707
7.52808142 -10.36151505 2.64805031
8.1114397 -9.91148567 2.64805031
8.00151634 -9.77716923 3
7.36426306 -10.26571655 3
6.86262131 -10.81376076 2.64805031
6.93021011 -10.92026329 2.27645707
6.23084593 -11.33386612 2.27645707
6.26772738 -11.40095425 1.89157856
5.53948784 -11.7720108 1.89157856
5.55041552 -11.79523373 1.5
4.79883432 -12.12047195 1.5
4.78938627 -12.09660912 1.10842144
4.02038288 -12.37346649 1.10842144
3.99672556 -12.30065632 0.72354287
3.21647429 -12.52734089 0.72354287
6.69726133 -10.71279621 3
6.1700778 -11.2233305 2.64805031
5.50689125 -11.70273972 2.27645707
4.78938627 -12.09660912 1.89157856
4.02831411 -12.39787579 1.5
3.23551345 -12.60149288 1.10842144
2.42352915 -12.70458508 0.72354287
6.00320673 -11.11660099 3
5.45318413 -11.58860588 2.64805031
4.76120377 -12.02542782 2.27645707
4.02038288 -12.37346649 1.89157856
3.24189615 -12.62635136 1.5
2.43787456 -12.77978611 1.10842144
1.62101936 -12.83168983 0.72354287
5.28490162 -11.47550106 3
4.71476889 -11.90814686 2.64805031
3.99672556 -12.30065632 2.27645707
3.23551345 -12.60149288 1.89157856
2.4426837 -12.80499649 1.5
1.63061452 -12.90764332 1.10842144
0.81211221 -12.90815449 0.72354287
4.54524899 -11.78804588 3
3.95774651 -12.18069172 2.64805031
3.21647429 -12.52734089 2.27645707
2.43787456 -12.77978611 1.89157856
1.63383126 -12.93310642 1.5
0.81691927 -12.98456001 1.10842144
0 -12.93367577 0.72354287
3.78723526 -12.05297279 3
3.18510485 -12.40516472 2.64805031
2.42352915 -12.70458508 2.27645707
1.63061452 -12.90764332 1.89157856
0.81853086 -13.01017475 1.5
0 -13.01023293 1.10842144
-0.81211221 -12.90815449 0.72354287
3.01392341 -12.26921272 3
2.39989305 -12.58067989 2.64805031
1.62101936 -12.83168983 2.27645707
0.81691927 -12.98456001 1.89157856
0 -13.03589821 1.5
-0.81691927 -12.98456001 1.10842144
-1.62101936 -12.83168983 0.72354287
2.22843695 -12.43589115 3
1.60521007 -12.70654583 2.64805031
0.81211221 -12.90815449 2.27645707
0 -13.01023293 1.89157856
-0.81853086 -13.01017475 1.5
-1.63061452 -12.90764332 1.10842144
-2.42352915 -12.70458508 0.72354287
1.43394852 -12.55233479 3
0.80419189 -12.78226471 2.64805031
0 -12.93367577 2.27645707
-0.81691927 -12.98456001 1.89157856
-1.63383126 -12.93310642 1.5
-2.43787456 -12.77978611 1.10842144
-3.21647429 -12.52734089 0.72354287
0.63366777 -12.61807346 3
0 -12.80753708 2.64805031
-0.81211221 -12.90815449 2.27645707
-1.63061452 -12.90764332 1.89157856
-2.4426837 -12.80499649 1.5
-3.23551345 -12.60149288 1.10842144
-3.99672556 -12.30065632 0.72354287
-0.16917264 -12.63284206 3
-0.80419189 -12.78226471 2.64805031
-1.62101936 -12.83168983 2.27645707
-2.43787456 -12.77978611 1.89157856
-3.24189615 -12.62635136 1.5
-4.02038288 -12.37346649 1.10842144
-4.76120377 -12.02542782 0.72354287
-0.97132969 -12.59658051 3
-1.60521007 -12.70654583 2.64805031
-2.42352915 -12.70458508 2.27645707
-3.23551345 -12.60149288 1.89157856
-4.02831411 -12.39787579 1.5
-4.78938627 -12.09660912 1.10842144
-5.50689125 -11.70273972 0.72354287
-1.76956308 -12.5094347 3
-2.39989305 -12.58067989 2.64805031
-3.21647429 -12.52734089 2.27645707
-4.02038288 -12.37346649 1.89157856
-4.79883432 -12.12047195 1.5
-5.53948784 -11.7720108 1.10842144
-6.23084593 -11.33386612 0.72354287
-2.56064844 -12.37175751 3
-3.18510485 -12.40516472 2.64805031
-3.99672556 -12.30065632 2.27645707
-4.78938627 -12.09660912 1.89157856
-5.55041552 -11.79523373 1.5
-6.26772738 -11.40095425 1.10842144
-6.93021011 -10.92026329 0.72354287
-3.34138989 -12.18410587 3
-3.95774651 -12.18069172 2.64805031
-4.76120377 -12.02542782 2.27645707
-5.53948784 -11.7720108 1.89157856
-6.28009176 -11.42344475 1.5
-6.97123146 -10.98490334 1.10842144
-7.60222387 -10.46356392 0.72354287
-4.108634 -11.94723606 3
-4.71476889 -11.90814686 2.64805031
-5.50689125 -11.70273972 2.27645707
-6.26772738 -11.40095425 1.89157856
-6.98498344 -11.00657272 1.5
-7.647223 -10.52549934 1.10842144
-8.24423504 -9.96556854 0.72354287
-4.85928154 -11.66210556 3
-5.45318413 -11.58860588 2.64805031
-6.23084593 -11.33386612 2.27645707
-6.97123146 -10.98490334 1.89157856
-7.66230869 -10.54626369 1.5
-8.29303455 -10.02455711 1.10842144
-8.85371017 -9.42824364 0.72354287
-5.59029961 -11.32986641 3
-6.1700778 -11.2233305 2.64805031
-6.93021011 -10.92026329 2.27645707
-7.647223 -10.52549934 1.89157856
-8.30939388 -10.0443325 1.5
-8.90611744 -9.4840517 1.10842144
-9.42824364 -8.85371017 0.72354287
-6.2987361 -10.95185947 3
-6.86262131 -10.81376076 2.64805031
-7.60222387 -10.46356392 2.27645707
-8.29303455 -10.02455711 1.89157856
-8.92368698 -9.50276089 1.5
-9.4840517 -8.90611744 1.10842144
-9.96556854 -8.24423504 0.72354287
-6.98172903 -10.52961445 3
-7.52808142 -10.36151505 2.64805031
-8.24423504 -9.96556854 2.27645707
-8.90611744 -9.4840517 1.89157856
-9.50276089 -8.92368698 1.5
-10.02455711 -8.29303455 1.10842144
-10.46356392 -7.60222387 0.72354287
-7.63651943 -10.06483364 3
-8.16383171 -9.86837673 2.64805031
-8.85371017 -9.42824364 2.27645707
-9.4840517 -8.90611744 1.89157856
-10.0443325 -8.30939388 1.5
-10.52549934 -7.647223 1.10842144
-10.92026329 -6.93021011 0.72354287
-8.26046276 -9.5593977 3
-8.76736259 -9.33629227 2.64805031
-9.42824364 -8.85371017 2.27645707
-10.02455711 -8.29303455 1.89157856
-10.54626369 -7.66230869 1.5
-10.98490334 -6.97123146 1.10842144
-11.33386612 -6.23084593 0.72354287
-8.85103703 -9.01534557 3
-9.33629227 -8.76736259 2.64805031
-9.96556854 -8.24423504 2.27645707
-10.52549934 -7.647223 1.89157856
-11.00657272 -6.98498344 1.5
-11.40095425 -6.26772738 1.10842144
-11.70273972 -5.50689125 0.72354287
-9.40585804 -8.43487644 3
-9.86837673 -8.16383171 2.64805031
-10.46356392 -7.60222387 2.27645707
-10.98490334 -6.97123146 1.89157856
-11.42344475 -6.28009176 1.5
-11.7720108 -5.53948784 1.10842144
-12.02542782 -4.76120377 0.72354287
-9.92268467 -7.82033491 3
-10.36151505 -7.52808142 2.64805031
-10.92026329 -6.93021011 2.27645707
-11.40095425 -6.26772738 1.89157856
-11.79523373 -5.55041552 1.5
-12.09660912 -4.78938627 1.10842144
-12.30065632 -3.99672556 0.72354287
-10.39942837 -7.1742034 3
-10.81376076 -6.86262131 2.64805031
-11.33386612 -6.23084593 2.27645707
-11.7720108 -5.53948784 1.89157856
-12.12047195 -4.79883432 1.5
-12.37346649 -4.02038288 1.10842144
-12.52734089 -3.21647429 0.72354287
-10.83416462 -6.4990921 3
-11.2233305 -6.1700778 2.64805031
-11.70273972 -5.50689125 2.27645707
-12.09660912 -4.78938627 1.89157856
-12.39787579 -4.02831411 1.5
-12.60149288 -3.23551345 1.10842144
-12.70458508 -2.42352915 0.72354287
-11.2251358 -5.79772711 3
-11.58860588 -5.45318413 2.64805031
-12.02542782 -4.76120377 2.27645707
-12.37346649 -4.02038288 1.89157856
-12.62635136 -3.24189615 1.5
-12.77978611 -2.43787456 1.10842144
-12.83168983 -1.62101936 0.72354287
-11.57076359 -5.07294273 3
-11.90814686 -4.71476889 2.64805031
-12.30065632 -3.99672556 2.27645707
-12.60149288 -3.23551345 1.89157856
-12.80499649 -2.4426837 1.5
-12.90764332 -1.63061452 1.10842144
-12.90815449 -0.81211221 0.72354287
-11.86965084 -4.32766628 3
-12.18069172 -3.95774651 2.64805031
-12.52734089 -3.21647429 2.27645707
-12.77978611 -2.43787456 1.89157856
-12.93310642 -1.63383126 1.5
-12.98456001 -0.81691927 1.10842144
-12.93367577 0 0.72354287
-12.12059116 -3.5649085 3
-12.40516472 -3.18510485 2.64805031
-12.70458508 -2.42352915 2.27645707
-12.90764332 -1.63061452 1.89157856
-13.01017475 -0.81853086 1.5
-13.01023293 0 1.10842144
-12.90815449 0.81211221 0.72354287
-12.32257175 -2.78775024 3
-12.58067989 -2.39989305 2.64805031
-12.83168983 -1.62101936 2.27645707
-12.98456001 -0.81691927 1.89157856
-13.03589821 0 1.5
-12.98456001 0.81691927 1.10842144
-12.83168983 1.62101936 0.72354287
-12.47477436 -1.99933076 3
-12.70654583 -1.60521007 2.64805031
-12.90815449 -0.81211221 2.27645707
-13.01023293 0 1.89157856
-13.01017475 0.81853086 1.5
-12.90764332 1.63061452 1.10842144
-12.70458508 2.42352915 0.72354287
-12.57658577 -1.2028352 3
-12.78226471 -0.80419189 2.64805031
-12.93367577 0 2.27645707
-12.98456001 0.81691927 1.89157856
-12.93310642 1.63383126 1.5
-12.77978611 2.43787456 1.10842144
-12.52734089 3.21647429 0.72354287
-12.62759399 -0.4014807 3
-12.80753708 -0 2.64805031
-12.90815449 0.81211221 2.27645707
-12.90764332 1.63061452 1.89157856
-12.80499649 2.4426837 1.5
-12.60149288 3.23551345 1.10842144
-12.30065632 3.99672556 0.72354287
-12.62759304 0.40149555 3
-12.78226471 0.80419189 2.64805031
-12.83168983 1.62101936 2.27645707
-12.77978611 2.43787456 1.89157856
-12.62635136 3.24189615 1.5
-12.37346649 4.02038288 1.10842144
-12.02542782 4.76120377 0.72354287
-12.57658386 1.20284998 3
-12.70654583 1.60521007 2.64805031
-12.70458508 2.42352915 2.27645707
-12.60149288 3.23551345 1.89157856
-12.39787579 4.02831411 1.5
-12.09660912 4.78938627 1.10842144
-11.70273972 5.50689125 0.72354287
-12.4747715 1.99934542 3
-12.58067989 2.39989305 2.64805031
-12.52734089 3.21647429 2.27645707
-12.37346649 4.02038288 1.89157856
-12.12047195 4.79883432 1.5
-11.7720108 5.53948784 1.10842144
-11.33386612 6.23084593 0.72354287
-12.32256794 2.78776479 3
-12.40516472 3.18510485 2.64805031
-12.30065632 3.99672556 2.27645707
-12.09660912 4.78938627 1.89157856
-11.79523373 5.55041552 1.5
-11.40095425 6.26772738 1.10842144
-10.92026329 6.93021011 0.72354287
-12.12058735 3.56492281 3
-12.18069172 3.95774651 2.64805031
-12.02542782 4.76120377 2.27645707
-11.7720108 5.53948784 1.89157856
-11.42344475 6.28009176 1.5
-10.98490334 6.97123146 1.10842144
-10.46356392 7.60222387 0.72354287
-11.86964607 4.32768059 3
-11.90814686 4.71476889 2.64805031
-11.70273972 5.50689125 2.27645707
-11.40095425 6.26772738 1.89157856
-11.00657272 6.98498344 1.5
-10.52549934 7.647223 1.10842144
-9.96556854 8.24423504 0.72354287
-11.57075691 5.07295656 3
-11.58860588 5.45318413 2.64805031
-11.33386612 6.23084593 2.27645707
-10.98490334 6.97123146 1.89157856
-10.54626369 7.66230869 1.5
-10.02455711 8.29303455 1.10842144
-9.42824364 8.85371017 0.72354287
-11.22512913 5.79774046 3
-11.2233305 6.1700778 2.64805031
-10.92026329 6.93021011 2.27645707
-10.52549934 7.647223 1.89157856
-10.0443325 8.30939388 1.5
-9.4840517 8.90611744 1.10842144
-8.85371017 9.42824364 0.72354287
-10.83415699 6.4991045 3
-10.81376076 6.86262131 2.64805031
-10.46356392 7.60222387 2.27645707
-10.02455711 8.29303455 1.89157856
-9.50276089 8.92368698 1.5
-8.90611744 9.4840517 1.10842144
-8.24423504 9.96556854 0.72354287
-10.39942074 7.17421579 3
-10.36151505 7.52808142 2.64805031
-9.96556854 8.24423504 2.27645707
-9.4840517 8.90611744 1.89157856
-8.92368698 9.50276089 1.5
-8.29303455 10.02455711 1.10842144
-7.60222387 10.46356392 0.72354287
-9.92267513 7.82034683 3
-9.86837673 8.16383171 2.64805031
-9.42824364 8.85371017 2.27645707
-8.90611744 9.4840517 1.89157856
-8.30939388 10.0443325 1.5
-7.647223 10.52549934 1.10842144
-6.93021011 10.92026329 0.72354287
-9.4058485 8.43488789 3
-9.33629227 8.76736259 2.64805031
-8.85371017 9.42824364 2.27645707
-8.29303455 10.02455711 1.89157856
-7.66230869 10.54626369 1.5
-6.97123146 10.98490334 1.10842144
-6.23084593 11.33386612 0.72354287
-8.85102654 9.01535606 3
-8.76736259 9.33629227 2.64805031
-8.24423504 9.96556854 2.27645707
-7.647223 10.52549934 1.89157856
-6.98498344 11.00657272 1.5
-6.26772738 11.40095425 1.10842144
-5.50689125 11.70273972 0.72354287
-8.26045132 9.55940723 3
-8.16383171 9.86837673 2.64805031
-7.60222387 10.46356392 2.27645707
-6.97123146 10.98490334 1.89157856
-6.28009176 11.42344475 1.5
-5.53948784 11.7720108 1.10842144
-4.76120377 12.02542782 0.72354287
-7.63650751 10.06484318 3
-7.52808142 10.36151505 2.64805031
-6.93021011 10.92026329 2.27645707
-6.26772738 11.40095425 1.89157856
-5.55041552 11.79523373 1.5
-4.78938627 12.09660912 1.10842144
-3.99672556 12.30065632 0.72354287
-6.98171663 10.52962208 3
-6.86262131 10.81376076 2.64805031
-6.23084593 11.33386612 2.27645707
-5.53948784 11.7720108 1.89157856
-4.79883432 12.12047195 1.5
-4.02038288 12.37346649 1.10842144
-3.21647429 12.52734089 0.72354287
-6.29872322 10.9518671 3
-6.1700778 11.2233305 2.64805031
-5.50689125 11.70273972 2.27645707
-4.78938627 12.09660912 1.89157856
-4.02831411 12.39787579 1.5
-3.23551345 12.60149288 1.10842144
-2.42352915 12.70458508 0.72354287
-5.59028625 11.32987213 3
-5.45318413 11.58860588 2.64805031
-4.76120377 12.02542782 2.27645707
-4.02038288 12.37346649 1.89157856
-3.24189615 12.62635136 1.5
-2.43787456 12.77978611 1.10842144
-1.62101936 12.83168983 0.72354287
-4.85926771 11.66211128 3
-4.71476889 11.90814686 2.64805031
-3.99672556 12.30065632 2.27645707
-3.23551345 12.60149288 1.89157856
-2.4426837 12.80499649 1.5
-1.63061452 12.90764332 1.10842144
-0.81211221 12.90815449 0.72354287
-4.10862017 11.94724083 3
-3.95774651 12.18069172 2.64805031
-3.21647429 12.52734089 2.27645707
-2.43787456 12.77978611 1.89157856
-1.63383126 12.93310642 1.5
-0.81691927 12.98456001 1.10842144
0 12.93367577 0.72354287
-3.34137559 12.18410969 3
-3.18510485 12.40516472 2.64805031
-2.42352915 12.70458508 2.27645707
-1.63061452 12.90764332 1.89157856
-0.81853086 13.01017475 1.5
0 13.01023293 1.10842144
0.81211221 12.90815449 0.72354287
-2.5606339 12.37176132 3
-2.39989305 12.58067989 2.64805031
-1.62101936 12.83168983 2.27645707
-0.81691927 12.98456001 1.89157856
0 13.03589821 1.5
0.81691927 12.98456001 1.10842144
1.62101936 12.83168983 0.72354287
-1.76954842 12.50943661 3
-1.60521007 12.70654583 2.64805031
-0.81211221 12.90815449 2.27645707
0 13.01023293 1.89157856
0.81853086 13.01017475 1.5
1.63061452 12.90764332 1.10842144
2.42352915 12.70458508 0.72354287
-0.97131491 12.59658146 3
-0.80419189 12.78226471 2.64805031
0 12.93367577 2.27645707
0.81691927 12.98456001 1.89157856
1.63383126 12.93310642 1.5
2.43787456 12.77978611 1.10842144
3.21647429 12.52734089 0.72354287
-0.16915779 12.63284206 3
0 12.80753708 2.64805031
0.81211221 12.90815449 2.27645707
1.63061452 12.90764332 1.89157856
2.4426837 12.80499649 1.5
3.23551345 12.60149288 1.10842144
3.99672556 12.30065632 0.72354287
0.63368261 12.61807251 3
0.80419189 12.78226471 2.64805031
1.62101936 12.83168983 2.27645707
2.43787456 12.77978611 1.89157856
3.24189615 12.62635136 1.5
4.02038288 12.37346649 1.10842144
4.76120377 12.02542782 0.72354287
1.4339633 12.55233288 3
1.60521007 12.70654583 2.64805031
2.42352915 12.70458508 2.27645707
3.23551345 12.60149288 1.89157856
4.02831411 12.39787579 1.5
4.78938627 12.09660912 1.10842144
5.50689125 11.70273972 0.72354287
2.22845149 12.43588829 3
2.39989305 12.58067989 2.64805031
3.21647429 12.52734089 2.27645707
4.02038288 12.37346649 1.89157856
4.79883432 12.12047195 1.5
5.53948784 11.7720108 1.10842144
6.23084593 11.33386612 0.72354287
3.01393795 12.26920891 3
3.18510485 12.40516472 2.64805031
3.99672556 12.30065632 2.27645707
4.78938627 12.09660912 1.89157856
5.55041552 11.79523373 1.5
6.26772738 11.40095425 1.10842144
6.93021011 10.92026329 0.72354287
3.78724957 12.05296898 3
3.95774651 12.18069172 2.64805031
4.76120377 12.02542782 2.27645707
5.53948784 11.7720108 1.89157856
6.28009176 11.42344475 1.5
6.97123146 10.98490334 1.10842144
4.54526281 11.78804016 3
4.71476889 11.90814686 2.64805031
5.50689125 11.70273972 2.27645707
6.26772738 11.40095425 1.89157856
6.98498344 11.00657272 1.5
5.28491545 11.47549534 3
5.45318413 11.58860588 2.64805031
6.23084593 11.33386612 2.27645707
6.97123146 10.98490334 1.89157856
6.0032196 11.11659431 3
6.1700778 11.2233305 2.64805031
6.93021011 10.92026329 2.27645707
6.69727421 10.71278858 3
6.86262131 10.81376076 2.64805031
4.76120377 -12.02542782 0.72354287
5.53948784 -11.7720108 1.10842144
6.28009176 -11.42344475 1.5
6.97123146 -10.98490334 1.89157856
5.50689125 -11.70273972 0.72354287
6.26772738 -11.40095425 1.10842144
6.98498344 -11.00657272 1.5
6.23084593 -11.33386612 0.72354287
6.97123146 -10.98490334 1.10842144
6.93021011 -10.92026329 0.72354287
16.98485184 -2.42531705 3
12.6031065 -6.23555946 2.64805031
12.68299484 -6.33317566 2.27645707
12.7314806 -6.39242172 1.89157856
12.74773598 -6.4122839 1.5
12.7314806 -6.39242172 1.10842144
12.68299484 -6.33317566 0.72354287
12.6031065 -6.23555946 0.35194969
16.98485184 -2.42531705 -0
17.09477425 -2.55963349 0.35194969
17.17466164 -2.65724969 0.72354287
17.22314835 -2.71649551 1.10842144
17.23940277 -2.73635745 1.5
17.22314835 -2.71649551 1.89157856
17.17466164 -2.65724945 2.27645707
17.09477425 -2.55963326 2.64805031
17.27480507 -2.15570426 3
17.14338112 -2.41937709 2.81516743
17.24113274 -2.52971697 2.4555006
17.30722809 -2.6043222 2.07979298
17.34055519 -2.64194083 1.69435191
17.34055519 -2.64194083 1.30564809
17.30722809 -2.6043222 0.92020702
17.24113274 -2.52971697 0.5444994
17.14338112 -2.41937709 0.18483263
17.27480507 -2.15570426 0
17.41937637 -2.14338112 0.18483263
17.52845001 -1.85168481 0
17.66009331 -1.83612967 0.18483263
17.74173927 -1.51811087 0
17.86201859 -1.50210345 0.18483263
17.91126823 -1.16030657 0
18.02221107 -1.14617312 0.18483263
18.03433228 -0.78398281 0
18.13833046 -0.77352905 0.18483263
18.10896301 -0.39514601 0
18.20868683 -0.38960519 0.18483263
18.13397408 -2.41E-06 0
18.23225403 -2.44E-06 0.18483263
18.20868683 0.38960519 0.18483263
18.37966728 -2.46E-06 0.5444994
18.35502434 0.40737382 0.5444994
18.47933769 -2.44E-06 0.92020702
18.45396996 0.41938791 0.92020702
18.52959633 -2.38E-06 1.30564809
18.50386238 0.42544582 1.30564809
18.52959633 -2.28E-06 1.69435191
18.50386238 0.42544582 1.69435191
18.47933769 -2.16E-06 2.07979298
18.45396996 0.41938791 2.07979298
18.37966728 -2.01E-06 2.4555006
18.35502434 0.40737382 2.4555006
18.23225403 -1.83E-06 2.81516743
18.20868683 0.38960519 2.81516743
18.13397408 -1.73E-06 3
18.10896492 0.39514199 3
18.13833046 0.77352905 2.81516743
18.03433228 0.78397894 3
18.02221107 1.14617312 2.81516743
17.91127014 1.16030288 3
17.86201859 1.50210345 2.81516743
17.74174118 1.51810741 3
17.66009331 1.83612967 2.81516743
17.52845192 1.85168171 3
17.41937637 2.14338112 2.81516743
17.27480698 2.15570164 3
17.14338112 2.41937709 2.81516743
16.98485374 2.4253149 3
17.09477615 2.55963087 2.64805031
17.24113274 2.52971697 2.4555006
17.17466545 2.65724683 2.27645707
17.30722809 2.6043222 2.07979298
17.22315216 2.71649265 1.89157856
17.34055519 2.64194083 1.69435191
17.23940659 2.73635435 1.5
17.34055519 2.64194083 1.30564809
17.22315216 2.71649241 1.10842144
17.30722809 2.6043222 0.92020702
17.17466545 2.65724659 0.72354287
17.24113274 2.52971697 0.5444994
17.09477806 2.55963039 0.35194969
17.14338112 2.41937709 0.18483263
16.98485565 2.42531395 -0
17.27480698 2.15570092 0
17.41937637 2.14338112 0.18483263
17.52845383 1.85168087 0
17.66009331 1.83612967 0.18483263
17.74174118 1.51810658 0
17.86201859 1.50210345 0.18483263
17.91127014 1.16030204 0
18.02221107 1.14617312 0.18483263
18.03433228 0.7839781 0
18.13833046 0.77352905 0.18483263
18.10896492 0.39514124 0
18.20868683 -0.38960519 2.81516743
18.10896301 -0.39514542 3
18.13833046 -0.77352905 2.81516743
18.03433228 -0.78398228 3
18.02221107 -1.14617312 2.81516743
17.91126823 -1.1603061 3
17.86201859 -1.50210345 2.81516743
17.74173927 -1.51811051 3
17.66009331 -1.83612967 2.81516743
17.52845001 -1.85168457 3
17.41937637 -2.14338112 2.81516743
17.52971649 -2.24113369 0.5444994
17.78141212 -1.91986954 0.5444994
17.99254608 -1.57060945 0.5444994
18.16004372 -1.19844639 0.5444994
18.28145981 -0.80880719 0.5444994
18.35502434 -0.40737382 0.5444994
17.60432243 -2.30722833 0.92020702
17.86343956 -1.97648954 0.92020702
18.08080101 -1.61692929 0.92020702
18.25323868 -1.23379052 0.92020702
18.37823486 -0.8326602 0.92020702
18.45396996 -0.41938791 0.92020702
17.64194107 -2.34055519 1.30564809
17.90480042 -2.00503922 1.30564809
18.12530327 -1.64028525 1.30564809
18.30023003 -1.25161207 1.30564809
18.42703247 -0.8446877 1.30564809
18.50386238 -0.42544582 1.30564809
17.64194107 -2.34055519 1.69435191
17.90480042 -2.00503922 1.69435191
18.12530327 -1.64028525 1.69435191
18.30023003 -1.25161207 1.69435191
18.42703247 -0.8446877 1.69435191
18.50386238 -0.42544582 1.69435191
17.60432243 -2.30722833 2.07979298
17.86343956 -1.97648954 2.07979298
18.08080101 -1.61692929 2.07979298
18.25323868 -1.23379052 2.07979298
18.37823486 -0.8326602 2.07979298
18.45396996 -0.41938791 2.07979298
17.52971649 -2.24113369 2.4555006
17.78141212 -1.91986954 2.4555006
17.99254608 -1.57060945 2.4555006
18.16004372 -1.19844639 2.4555006
18.28145981 -0.80880719 2.4555006
18.35502434 -0.40737382 2.4555006
18.28145981 0.80880719 0.5444994
18.16004372 1.19844639 0.5444994
17.99254608 1.57060945 0.5444994
17.78141212 1.91986954 0.5444994
17.52971649 2.24113369 0.5444994
18.37823486 0.8326602 0.92020702
18.25323868 1.23379052 0.92020702
18.08080101 1.61692929 0.92020702
17.86343956 1.97648954 0.92020702
17.60432243 2.30722833 0.92020702
18.42703247 0.8446877 1.30564809
18.30023003 1.25161207 1.30564809
18.12530327 1.64028525 1.30564809
17.90480042 2.00503922 1.30564809
17.64194107 2.34055519 1.30564809
18.42703247 0.8446877 1.69435191
18.30023003 1.25161207 1.69435191
18.12530327 1.64028525 1.69435191
17.90480042 2.00503922 1.69435191
17.64194107 2.34055519 1.69435191
18.37823486 0.8326602 2.07979298
18.25323868 1.23379052 2.07979298
18.08080101 1.61692929 2.07979298
17.86343956 1.97648954 2.07979298
17.60432243 2.30722833 2.07979298
18.28145981 0.80880719 2.4555006
18.16004372 1.19844639 2.4555006
17.99254608 1.57060945 2.4555006
17.78141212 1.91986954 2.4555006
17.52971649 2.24113369 2.4555006
12.60311413 6.23555374 0.35194969
12.68300247 6.33316994 0.72354287
12.73148823 6.392416 1.10842144
12.74774265 6.4122777 1.5
12.73148823 6.392416 1.89157856
12.68300247 6.33316994 2.27645707
12.60311413 6.23555374 2.64805031
13.44799805 -0.28164676 2.5
13.4689188 -0.15079829 2.42944646
13.42264938 -0 2.5
13.46151066 0 2.42944646
13.4689188 0.15079829 2.42944646
13.58767223 0 2.13333607
13.59447289 0.13843237 2.13333607
13.66469955 0 1.8208226
13.67112923 0.13088234 1.8208226
13.69059849 0 1.5
13.69690418 0.12834375 1.5
13.66469955 -0 1.1791774
13.67112923 0.13088234 1.1791774
13.58767223 -0 0.86666399
13.59447289 0.13843237 0.86666399
13.46151066 -0 0.57055366
13.4689188 0.15079829 0.57055366
13.42264938 0 0.5
13.44799805 0.28164676 0.5
13.49107265 -0.30014431 2.42944646
13.5232296 -0.55424118 2.5
13.52775764 -0.44659978 2.42944646
13.57862186 -0.58875424 2.42944646
13.69517899 -0.54047459 2.13333607
13.75443745 -0.66576689 2.13333607
13.82236958 -0.62945634 1.8208226
13.88973808 -0.74185324 1.8208226
13.911273 -0.72746426 1.5
13.98781967 -0.83067524 1.5
13.96779919 -0.84710568 1.1791774
14.05579948 -0.9442001 1.1791774
14.00133324 -0.99866682 0.86666399
14.1040287 -1.09174442 0.86666399
14.02399254 -1.18926811 0.57055366
14.14526176 -1.27920687 0.57055366
14.01653862 -1.23322213 0.5
14.25254345 -1.38900757 0.5
14.2747612 -1.35682619 0.57055366
14.41124535 -1.42137849 0.57055366
14.33423328 -1.24556231 0.86666399
14.45952511 -1.30482113 0.86666399
14.37054348 -1.17762995 1.1791774
14.48900223 -1.23365688 1.1791774
14.38275242 -1.15478861 1.5
14.49891376 -1.20972884 1.5
14.37054348 -1.17762995 1.8208226
14.48900223 -1.23365688 1.8208226
14.33423328 -1.24556231 2.13333607
14.45952511 -1.30482113 2.13333607
14.2747612 -1.35682619 2.42944646
14.41124535 -1.42137849 2.42944646
14.51257229 -1.50014925 2.5
14.55340004 -1.47224224 2.42944646
14.78826714 -1.56307483 2.5
14.6998558 -1.50892735 2.42944646
14.84920216 -1.53108072 2.42944646
14.8615675 -1.40552747 2.13333607
15 -1.41232824 2.13333607
15 -1.33530056 1.8208226
15.13088226 -1.32887077 1.8208226
15.12834358 -1.30309594 1.5
15.2554512 -1.28424132 1.5
15.26050377 -1.30964315 1.1791774
15.38761711 -1.27780294 1.1791774
15.40997696 -1.35151386 0.86666399
15.54047489 -1.30482113 0.86666399
15.58875465 -1.42137849 0.57055366
15.7252388 -1.35682619 0.57055366
15.6199379 -1.4504174 0.5
15.86895752 -1.31641436 0.5
15.85473824 -1.27920687 0.57055366
15.97600746 -1.18926811 0.57055366
15.78464794 -1.17430794 0.86666399
15.8959713 -1.09174442 0.86666399
15.74185371 -1.1102618 1.1791774
15.84710598 -1.03220129 1.1791774
15.72746468 -1.08872724 1.5
15.83067513 -1.01218069 1.5
15.74185371 -1.1102618 1.8208226
15.84710598 -1.03220129 1.8208226
15.78464794 -1.17430794 2.13333607
15.8959713 -1.09174442 2.13333607
15.85473824 -1.27920687 2.42944646
15.97600746 -1.18926811 2.42944646
16.09004784 -1.14010072 2.5
16.08787537 -1.08787608 2.42944646
16.27610397 -0.92714322 2.5
16.18926811 -0.9760071 2.42944646
16.27920723 -0.85473871 2.42944646
16.17430878 -0.78464752 2.13333607
16.2455616 -0.66576689 2.13333607
16.17762947 -0.62945634 1.8208226
16.23365593 -0.51099741 1.8208226
16.20972824 -0.50108612 1.5
16.25301933 -0.38009906 1.5
16.27780342 -0.38761729 1.1791774
16.30964279 -0.26050422 1.1791774
16.38519096 -0.27553156 0.86666399
16.40552711 -0.13843237 0.86666399
16.53108025 -0.15079829 0.57055366
16.53848839 0 0.57055366
16.57100105 -0.14139259 0.5
16.57100105 0.14139259 0.5
16.53108025 0.15079829 0.57055366
16.5089283 0.30014431 0.57055366
16.40552711 0.13843237 0.86666399
16.38519096 0.27553156 0.86666399
16.32887077 0.13088234 1.1791774
16.30964279 0.26050422 1.1791774
16.30309677 0.12834375 1.5
16.28424072 0.25545147 1.5
16.32887077 0.13088234 1.8208226
16.30964279 0.26050422 1.8208226
16.40552711 0.13843237 2.13333607
16.38519096 0.27553156 2.13333607
16.53108025 0.15079829 2.42944646
16.5089283 0.30014431 2.42944646
16.52050781 0.4196333 2.5
16.47224236 0.44659978 2.42944646
16.42114258 0.68438661 2.5
16.42137909 0.58875424 2.42944646
16.35682678 0.72523868 2.42944646
16.2455616 0.66576689 2.13333607
16.17430878 0.78464752 2.13333607
16.11026192 0.74185324 1.8208226
16.03220177 0.84710568 1.8208226
16.01218033 0.83067524 1.5
15.92588615 0.92588639 1.5
15.94420052 0.9442001 1.1791774
15.84710598 1.03220129 1.1791774
15.8959713 1.09174442 0.86666399
15.78464794 1.17430794 0.86666399
15.85473824 1.27920687 0.57055366
15.7252388 1.35682619 0.57055366
15.86895752 1.31641436 0.5
15.6199379 1.4504174 0.5
15.58875465 1.42137849 0.57055366
15.44659996 1.47224224 0.57055366
15.54047489 1.30482113 0.86666399
15.40997696 1.35151386 0.86666399
15.51099777 1.23365688 1.1791774
15.38761711 1.27780294 1.1791774
15.50108624 1.20972884 1.5
15.3800993 1.25301874 1.5
15.51099777 1.23365688 1.8208226
15.38761711 1.27780294 1.8208226
15.54047489 1.30482113 2.13333607
15.40997696 1.35151386 2.13333607
15.58875465 1.42137849 2.42944646
15.44659996 1.47224224 2.42944646
15.35099316 1.53780282 2.5
15.3001442 1.50892735 2.42944646
15.0707674 1.57576203 2.5
15.15079784 1.53108072 2.42944646
15 1.53848898 2.42944646
15 1.41232824 2.13333607
14.8615675 1.40552747 2.13333607
14.86911774 1.32887077 1.8208226
14.73949623 1.30964315 1.8208226
14.7445488 1.28424132 1.5
14.6199007 1.25301874 1.5
14.61238289 1.27780294 1.1791774
14.48900223 1.23365688 1.1791774
14.45952511 1.30482113 0.86666399
14.33423328 1.24556231 0.86666399
14.2747612 1.35682619 0.57055366
14.14526176 1.27920687 0.57055366
14.25254345 1.38900757 0.5
14.01653862 1.23322213 0.5
14.02399254 1.18926811 0.57055366
13.91212368 1.08787608 0.57055366
14.1040287 1.09174442 0.86666399
14.00133324 0.99866682 0.86666399
14.15289402 1.03220129 1.1791774
14.05579948 0.9442001 1.1791774
14.16932487 1.01218069 1.5
14.07411385 0.92588639 1.5
14.15289402 1.03220129 1.8208226
14.05579948 0.9442001 1.8208226
14.1040287 1.09174442 2.13333607
14.00133324 0.99866682 2.13333607
14.02399254 1.18926811 2.42944646
13.91212368 1.08787608 2.42944646
13.81214237 1.03779984 2.5
13.81073189 0.9760071 2.42944646
13.64592552 0.80902183 2.5
13.72079277 0.85473871 2.42944646
13.64317417 0.72523868 2.42944646
13.75443745 0.66576689 2.13333607
13.69517899 0.54047459 2.13333607
13.76634312 0.51099741 1.8208226
13.72219658 0.38761729 1.8208226
13.74698162 0.38009906 1.5
13.71575832 0.25545147 1.5
13.69035721 0.26050422 1.1791774
13.64592552 -0.80902183 2.5
13.64317417 -0.72523868 2.42944646
13.82569218 -0.78464752 2.13333607
13.96779919 -0.84710568 1.8208226
14.07411385 -0.92588639 1.5
14.15289402 -1.03220129 1.1791774
14.21535206 -1.17430794 0.86666399
13.72079277 -0.85473871 2.42944646
13.81214237 -1.03779984 2.5
13.81073189 -0.9760071 2.42944646
13.91212368 -1.08787608 2.42944646
14.00133324 -0.99866682 2.13333607
14.1040287 -1.09174442 2.13333607
14.15289402 -1.03220129 1.8208226
14.25814629 -1.1102618 1.8208226
14.27253532 -1.08872724 1.5
14.01653862 -1.23322213 2.5
14.02399254 -1.18926811 2.42944646
14.21535206 -1.17430794 2.13333607
14.14526176 -1.27920687 2.42944646
14.25254345 -1.38900757 2.5
15.0707674 -1.57576203 2.5
15 -1.53848898 2.42944646
15.1384325 -1.40552747 2.13333607
15.26050377 -1.30964315 1.8208226
15.3800993 -1.25301874 1.5
15.51099777 -1.23365688 1.1791774
15.66576672 -1.24556231 0.86666399
15.15079784 -1.53108072 2.42944646
15.35099316 -1.53780282 2.5
15.3001442 -1.50892735 2.42944646
15.44659996 -1.47224224 2.42944646
15.40997696 -1.35151386 2.13333607
15.54047489 -1.30482113 2.13333607
15.51099777 -1.23365688 1.8208226
15.62945652 -1.17762995 1.8208226
15.61724758 -1.15478861 1.5
15.6199379 -1.4504174 2.5
15.58875465 -1.42137849 2.42944646
15.66576672 -1.24556231 2.13333607
15.7252388 -1.35682619 2.42944646
15.86895752 -1.31641436 2.5
16.42114258 -0.68438661 2.5
16.35682678 -0.72523868 2.42944646
16.30482101 -0.54047459 2.13333607
16.27780342 -0.38761729 1.8208226
16.28424072 -0.25545147 1.5
16.32887077 -0.13088234 1.1791774
16.41232872 0 0.86666399
16.42137909 -0.58875424 2.42944646
16.52050781 -0.4196333 2.5
16.47224236 -0.44659978 2.42944646
16.5089283 -0.30014431 2.42944646
16.38519096 -0.27553156 2.13333607
16.40552711 -0.13843237 2.13333607
16.32887077 -0.13088234 1.8208226
16.33530045 0 1.8208226
16.30940056 0 1.5
16.57100105 -0.14139259 2.5
16.53108025 -0.15079829 2.42944646
16.41232872 0 2.13333607
16.53848839 0 2.42944646
16.57100105 0.14139259 2.5
16.27610397 0.92714322 2.5
16.27920723 0.85473871 2.42944646
16.09174538 0.89597154 2.13333607
15.94420052 0.9442001 1.8208226
15.83067513 1.01218069 1.5
15.74185371 1.1102618 1.1791774
15.66576672 1.24556231 0.86666399
16.18926811 0.9760071 2.42944646
16.09004784 1.14010072 2.5
16.08787537 1.08787608 2.42944646
15.97600746 1.18926811 2.42944646
15.8959713 1.09174442 2.13333607
15.78464794 1.17430794 2.13333607
15.74185371 1.1102618 1.8208226
15.62945652 1.17762995 1.8208226
15.61724758 1.15478861 1.5
15.86895752 1.31641436 2.5
15.85473824 1.27920687 2.42944646
15.66576672 1.24556231 2.13333607
15.7252388 1.35682619 2.42944646
15.6199379 1.4504174 2.5
14.78826714 1.56307483 2.5
14.84920216 1.53108072 2.42944646
14.72446823 1.38519073 2.13333607
14.61238289 1.27780294 1.8208226
14.49891376 1.20972884 1.5
14.37054348 1.17762995 1.1791774
14.21535206 1.17430794 0.86666399
14.6998558 1.50892735 2.42944646
14.51257229 1.50014925 2.5
14.55340004 1.47224224 2.42944646
14.41124535 1.42137849 2.42944646
14.45952511 1.30482113 2.13333607
14.33423328 1.24556231 2.13333607
14.37054348 1.17762995 1.8208226
14.25814629 1.1102618 1.8208226
14.27253532 1.08872724 1.5
14.25254345 1.38900757 2.5
14.2747612 1.35682619 2.42944646
14.21535206 1.17430794 2.13333607
14.14526176 1.27920687 2.42944646
14.01653862 1.23322213 2.5
13.5232296 0.55424118 2.5
13.57862186 0.58875424 2.42944646
13.64848614 0.40997723 2.13333607
13.69035721 0.26050422 1.8208226
13.52775764 0.44659978 2.42944646
13.44799805 0.28164676 2.5
13.49107265 0.30014431 2.42944646
13.49107265 0.30014431 0.57055366
13.5232296 0.55424118 0.5
13.52775764 0.44659978 0.57055366
13.57862186 0.58875424 0.57055366
13.69517899 0.54047459 0.86666399
13.75443745 0.66576689 0.86666399
13.82236958 0.62945634 1.1791774
13.88973808 0.74185324 1.1791774
13.911273 0.72746426 1.5
13.98781967 0.83067524 1.5
13.96779919 0.84710568 1.8208226
13.64592552 0.80902183 0.5
13.64317417 0.72523868 0.57055366
13.82569218 0.78464752 0.86666399
13.96779919 0.84710568 1.1791774
13.72079277 0.85473871 0.57055366
13.81214237 1.03779984 0.5
13.81073189 0.9760071 0.57055366
14.51257229 1.50014925 0.5
14.41124535 1.42137849 0.57055366
14.59002304 1.35151386 0.86666399
14.73949623 1.30964315 1.1791774
14.87165642 1.30309594 1.5
15 1.33530056 1.8208226
15.1384325 1.40552747 2.13333607
14.55340004 1.47224224 0.57055366
14.78826714 1.56307483 0.5
14.6998558 1.50892735 0.57055366
14.84920216 1.53108072 0.57055366
14.8615675 1.40552747 0.86666399
15 1.41232824 0.86666399
15 1.33530056 1.1791774
15.13088226 1.32887077 1.1791774
15.12834358 1.30309594 1.5
15.2554512 1.28424132 1.5
15.26050377 1.30964315 1.8208226
15.0707674 1.57576203 0.5
15 1.53848898 0.57055366
15.1384325 1.40552747 0.86666399
15.26050377 1.30964315 1.1791774
15.15079784 1.53108072 0.57055366
15.35099316 1.53780282 0.5
15.3001442 1.50892735 0.57055366
16.09004784 1.14010072 0.5
15.97600746 1.18926811 0.57055366
15.99866676 0.99866682 0.86666399
16.03220177 0.84710568 1.1791774
16.08872795 0.72746426 1.5
16.17762947 0.62945634 1.8208226
16.30482101 0.54047459 2.13333607
16.08787537 1.08787608 0.57055366
16.27610397 0.92714322 0.5
16.18926811 0.9760071 0.57055366
16.27920723 0.85473871 0.57055366
16.17430878 0.78464752 0.86666399
16.2455616 0.66576689 0.86666399
16.17762947 0.62945634 1.1791774
16.23365593 0.51099741 1.1791774
16.20972824 0.50108612 1.5
16.25301933 0.38009906 1.5
16.27780342 0.38761729 1.8208226
16.42114258 0.68438661 0.5
16.35682678 0.72523868 0.57055366
16.30482101 0.54047459 0.86666399
16.27780342 0.38761729 1.1791774
16.42137909 0.58875424 0.57055366
16.52050781 0.4196333 0.5
16.47224236 0.44659978 0.57055366
16.52050781 -0.4196333 0.5
16.5089283 -0.30014431 0.57055366
16.35151291 -0.40997723 0.86666399
16.23365593 -0.51099741 1.1791774
16.15478897 -0.6172474 1.5
16.11026192 -0.74185324 1.8208226
16.09174538 -0.89597154 2.13333607
16.47224236 -0.44659978 0.57055366
16.42114258 -0.68438661 0.5
16.42137909 -0.58875424 0.57055366
16.35682678 -0.72523868 0.57055366
16.2455616 -0.66576689 0.86666399
16.17430878 -0.78464752 0.86666399
16.11026192 -0.74185324 1.1791774
16.03220177 -0.84710568 1.1791774
16.01218033 -0.83067524 1.5
15.92588615 -0.92588639 1.5
15.94420052 -0.9442001 1.8208226
16.27610397 -0.92714322 0.5
16.27920723 -0.85473871 0.57055366
16.09174538 -0.89597154 0.86666399
15.94420052 -0.9442001 1.1791774
16.18926811 -0.9760071 0.57055366
16.09004784 -1.14010072 0.5
16.08787537 -1.08787608 0.57055366
15.35099316 -1.53780282 0.5
15.44659996 -1.47224224 0.57055366
15.27553177 -1.38519073 0.86666399
15.13088226 -1.32887077 1.1791774
15 -1.30940104 1.5
14.86911774 -1.32887077 1.8208226
14.72446823 -1.38519073 2.13333607
15.3001442 -1.50892735 0.57055366
15.0707674 -1.57576203 0.5
15.15079784 -1.53108072 0.57055366
15 -1.53848898 0.57055366
15 -1.41232824 0.86666399
14.8615675 -1.40552747 0.86666399
14.86911774 -1.32887077 1.1791774
14.73949623 -1.30964315 1.1791774
14.7445488 -1.28424132 1.5
14.6199007 -1.25301874 1.5
14.61238289 -1.27780294 1.8208226
14.78826714 -1.56307483 0.5
14.84920216 -1.53108072 0.57055366
14.72446823 -1.38519073 0.86666399
14.61238289 -1.27780294 1.1791774
14.6998558 -1.50892735 0.57055366
14.51257229 -1.50014925 0.5
14.55340004 -1.47224224 0.57055366
13.81214237 -1.03779984 0.5
13.91212368 -1.08787608 0.57055366
13.90825558 -0.89597154 0.86666399
13.88973808 -0.74185324 1.1791774
13.84521103 -0.6172474 1.5
13.76634312 -0.51099741 1.8208226
13.64848614 -0.40997723 2.13333607
13.81073189 -0.9760071 0.57055366
13.64592552 -0.80902183 0.5
13.72079277 -0.85473871 0.57055366
13.64317417 -0.72523868 0.57055366
13.75443745 -0.66576689 0.86666399
13.69517899 -0.54047459 0.86666399
13.76634312 -0.51099741 1.1791774
13.72219658 -0.38761729 1.1791774
13.74698162 -0.38009906 1.5
13.71575832 -0.25545147 1.5
13.69035721 -0.26050422 1.8208226
13.67112923 -0.13088234 1.8208226
13.59447289 -0.13843237 2.13333607
13.5232296 -0.55424118 0.5
13.57862186 -0.58875424 0.57055366
13.64848614 -0.40997723 0.86666399
13.69035721 -0.26050422 1.1791774
13.69690418 -0.12834375 1.5
13.52775764 -0.44659978 0.57055366
13.44799805 -0.28164676 0.5
13.49107265 -0.30014431 0.57055366
13.4689188 -0.15079829 0.57055366
13.59447289 -0.13843237 0.86666399
13.67112923 -0.13088234 1.1791774
13.79027081 0.50108612 1.5
13.82236958 0.62945634 1.8208226
13.82569218 0.78464752 2.13333607
13.84521103 0.6172474 1.5
13.88973808 0.74185324 1.8208226
13.90825558 0.89597154 2.13333607
13.72219658 0.38761729 1.1791774
13.61480904 0.27553156 0.86666399
13.76634312 0.51099741 1.1791774
13.64848614 0.40997723 0.86666399
14.38275242 1.15478861 1.5
14.48900223 1.23365688 1.8208226
14.59002304 1.35151386 2.13333607
14.25814629 1.1102618 1.1791774
15 1.30940104 1.5
15.13088226 1.32887077 1.8208226
15.27553177 1.38519073 2.13333607
14.86911774 1.32887077 1.1791774
14.72446823 1.38519073 0.86666399
15.72746468 1.08872724 1.5
15.84710598 1.03220129 1.8208226
15.99866676 0.99866682 2.13333607
15.62945652 1.17762995 1.1791774
16.15478897 0.6172474 1.5
16.23365593 0.51099741 1.8208226
16.35151291 0.40997723 2.13333607
16.11026192 0.74185324 1.1791774
16.09174538 0.89597154 0.86666399
16.30309677 -0.12834375 1.5
16.30964279 -0.26050422 1.8208226
16.35151291 -0.40997723 2.13333607
16.33530045 0 1.1791774
16.08872795 -0.72746426 1.5
16.03220177 -0.84710568 1.8208226
15.99866676 -0.99866682 2.13333607
16.17762947 -0.62945634 1.1791774
16.30482101 -0.54047459 0.86666399
15.50108624 -1.20972884 1.5
15.38761711 -1.27780294 1.8208226
15.27553177 -1.38519073 2.13333607
15.62945652 -1.17762995 1.1791774
14.87165642 -1.30309594 1.5
14.73949623 -1.30964315 1.8208226
14.59002304 -1.35151386 2.13333607
15 -1.33530056 1.1791774
15.1384325 -1.40552747 0.86666399
14.16932487 -1.01218069 1.5
14.05579948 -0.9442001 1.8208226
13.90825558 -0.89597154 2.13333607
14.25814629 -1.1102618 1.1791774
13.79027081 -0.50108612 1.5
13.72219658 -0.38761729 1.8208226
13.61480904 -0.27553156 2.13333607
13.82236958 -0.62945634 1.1791774
13.82569218 -0.78464752 0.86666399
13.61480904 0.27553156 2.13333607
13.90825558 0.89597154 0.86666399
15.27553177 1.38519073 0.86666399
16.35151291 0.40997723 0.86666399
15.99866676 -0.99866682 0.86666399
14.59002304 -1.35151386 0.86666399
13.61480904 -0.27553156 0.86666399
13.15942478 -0.3071377 -0
13.13397503 0 0
13.15942478 0.3071377 -0
13.23508072 0.60589749 -0
13.35888004 0.88812995 -0
13.52744389 1.14613652 -0
13.73617554 1.37287951 -0
13.97938061 1.56217396 -0
14.25042629 1.70885634 -0
14.5419178 1.80892551 -0
14.8459053 1.85965192 -0
15.1540947 1.85965192 -0
15.4580822 1.80892551 -0
15.74957371 1.70885634 -0
16.02061844 1.56217396 -0
16.26382446 1.37287951 -0
16.47255707 1.14613652 -0
16.64112091 0.88812995 -0
16.76491928 0.60589749 -0
16.84057617 0.3071377 -0
16.86602592 0 -0
16.84057617 -0.3071377 -0
16.76491928 -0.60589749 -0
16.64112091 -0.88812995 -0
16.47255707 -1.14613652 -0
16.26382446 -1.37287951 -0
16.02061844 -1.56217396 -0
15.74957371 -1.70885634 -0
15.4580822 -1.80892551 -0
15.1540947 -1.85965192 -0
14.8459053 -1.85965192 -0
14.5419178 -1.80892551 -0
14.25042629 -1.70885634 -0
13.97938061 -1.56217396 -0
13.73617554 -1.37287951 -0
13.52744389 -1.14613652 -0
13.35888004 -0.88812995 -0
13.23508072 -0.60589749 -0
13.15942478 0.3071377 3
13.13397503 0 3
13.15942478 -0.3071377 3
13.23508072 -0.60589749 3
13.35888004 -0.88812995 3
13.52744389 -1.14613652 3
13.73617554 -1.37287951 3
13.97938061 -1.56217396 3
14.25042629 -1.70885634 3
14.5419178 -1.80892551 3
14.8459053 -1.85965192 3
15.1540947 -1.85965192 3
15.4580822 -1.80892551 3
15.74957371 -1.70885634 3
16.02061844 -1.56217396 3
16.26382446 -1.37287951 3
16.47255707 -1.14613652 3
16.64112091 -0.88812995 3
16.76491928 -0.60589749 3
16.84057617 -0.3071377 3
16.86602592 0 3
16.84057617 0.3071377 3
16.76491928 0.60589749 3
16.64112091 0.88812995 3
16.47255707 1.14613652 3
16.26382446 1.37287951 3
16.02061844 1.56217396 3
15.74957371 1.70885634 3
15.4580822 1.80892551 3
15.1540947 1.85965192 3
14.8459053 1.85965192 3
14.5419178 1.80892551 3
14.25042629 1.70885634 3
13.97938061 1.56217396 3
13.73617554 1.37287951 3
13.52744389 1.14613652 3
13.35888004 0.88812995 3
13.23508072 0.60589749 3
3 0 1 2  152 152 152
3 2 1 3  152 152 152
3 2 3 4  152 152 152
3 4 3 5  152 152 152
3 4 5 6  152 152 152
3 6 5 7  152 152 152
3 6 7 8  152 152 152
3 8 7 9  152 152 152
3 8 9 10  152 152 152
3 10 9 11  152 152 152
3 10 11 12  152 152 152
3 12 11 13  152 152 152
3 12 13 14  152 152 152
3 14 13 15  152 152 152
3 14 15 16  152 152 152
3 16 15 17  152 152 152
3 16 17 18  152 152 152
3 1 0 19  152 152 152
3 19 0 20  152 152 152
3 19 20 21  152 152 152
3 21 20 22  152 152 152
3 21 22 23  152 152 152
3 23 22 24  152 152 152
3 23 24 25  152 152 152
3 25 24 26  152 152 152
3 25 26 27  152 152 152
3 27 26 28  152 152 152
3 27 28 29  152 152 152
3 29 28 30  152 152 152
3 29 30 31  152 152 152
3 31 30 32  152 152 152
3 31 32 33  152 152 152
3 33 32 34  152 152 152
3 33 34 35  152 152 152
3 35 34 36  152 152 152
3 35 36 37  152 152 152
3 37 36 38  152 152 152
3 37 38 39  152 152 152
3 39 38 40  152 152 152
3 39 40 41  152 152 152
3 41 40 42  152 152 152
3 42 40 43  152 152 152
3 42 43 44  152 152 152
3 44 43 45  152 152 152
3 44 45 46  152 152 152
3 46 45 47  152 152 152
3 46 47 48  152 152 152
3 48 47 49  152 152 152
3 48 49 50  152 152 152
3 50 49 51  152 152 152
3 50 51 52  152 152 152
3 52 51 53  152 152 152
3 52 53 54  152 152 152
3 54 53 55  152 152 152
3 54 55 56  152 152 152
3 56 55 57  152 152 152
3 56 57 58  152 152 152
3 58 57 59  152 152 152
3 58 59 60  152 152 152
3 60 59 61  152 152 152
3 60 61 62  152 152 152
3 26 63 28  152 152 152
3 28 63 64  152 152 152
3 28 64 30  152 152 152
3 30 64 65  152 152 152
3 30 65 32  152 152 152
3 32 65 66  152 152 152
3 32 66 34  152 152 152
3 34 66 67  152 152 152
3 34 67 36  152 152 152
3 36 67 68  152 152 152
3 36 68 38  152 152 152
3 38 68 69  152 152 152
3 38 69 40  152 152 152
3 40 69 43  152 152 152
3 63 70 64  152 152 152
3 64 70 71  152 152 152
3 64 71 65  152 152 152
3 65 71 72  152 152 152
3 65 72 66  152 152 152
3 66 72 73  152 152 152
3 66 73 67  152 152 152
3 67 73 74  152 152 152
3 67 74 68  152 152 152
3 68 74 75  152 152 152
3 68 75 69  152 152 152
3 69 75 76  152 152 152
3 69 76 43  152 152 152
3 43 76 45  152 152 152
3 70 77 71  152 152 152
3 71 77 78  152 152 152
3 71 78 72  152 152 152
3 72 78 79  152 152 152
3 72 79 73  152 152 152
3 73 79 80  152 152 152
3 73 80 74  152 152 152
3 74 80 81  152 152 152
3 74 81 75  152 152 152
3 75 81 82  152 152 152
3 75 82 76  152 152 152
3 76 82 83  152 152 152
3 76 83 45  152 152 152
3 45 83 47  152 152 152
3 77 84 78  152 152 152
3 78 84 85  152 152 152
3 78 85 79  152 152 152
3 79 85 86  152 152 152
3 79 86 80  152 152 152
3 80 86 87  152 152 152
3 80 87 81  152 152 152
3 81 87 88  152 152 152
3 81 88 82  152 152 152
3 82 88 89  152 152 152
3 82 89 83  152 152 152
3 83 89 49  152 152 152
3 83 49 47  152 152 152
3 85 84 90  152 152 152
3 90 84 91  152 152 152
3 90 91 92  152 152 152
3 92 91 93  152 152 152
3 92 93 94  152 152 152
3 94 93 95  152 152 152
3 94 95 96  152 152 152
3 96 95 61  152 152 152
3 96 61 59  152 152 152
3 60 62 97  152 152 152
3 97 62 98  152 152 152
3 97 98 99  152 152 152
3 99 98 100  152 152 152
3 99 100 101  152 152 152
3 101 100 102  152 152 152
3 101 102 103  152 152 152
3 103 102 104  152 152 152
3 103 104 105  152 152 152
3 105 104 106  152 152 152
3 105 106 107  152 152 152
3 107 106 108  152 152 152
3 107 108 109  152 152 152
3 109 108 110  152 152 152
3 109 110 111  152 152 152
3 111 110 112  152 152 152
3 111 112 113  152 152 152
3 113 112 114  152 152 152
3 113 114 115  152 152 152
3 115 114 116  152 152 152
3 115 116 117  152 152 152
3 117 116 118  152 152 152
3 117 118 119  152 152 152
3 119 118 120  152 152 152
3 120 118 121  152 152 152
3 120 121 122  152 152 152
3 122 121 123  152 152 152
3 122 123 124  152 152 152
3 124 123 125  152 152 152
3 124 125 126  152 152 152
3 126 125 127  152 152 152
3 126 127 128  152 152 152
3 128 127 129  152 152 152
3 128 129 130  152 152 152
3 130 129 131  152 152 152
3 130 131 132  152 152 152
3 132 131 133  152 152 152
3 132 133 134  152 152 152
3 134 133 135  152 152 152
3 134 135 136  152 152 152
3 136 135 137  152 152 152
3 136 137 138  152 152 152
3 138 137 139  152 152 152
3 138 139 140  152 152 152
3 104 141 106  152 152 152
3 106 141 142  152 152 152
3 106 142 108  152 152 152
3 108 142 143  152 152 152
3 108 143 110  152 152 152
3 110 143 144  152 152 152
3 110 144 112  152 152 152
3 112 144 145  152 152 152
3 112 145 114  152 152 152
3 114 145 146  152 152 152
3 114 146 116  152 152 152
3 116 146 147  152 152 152
3 116 147 118  152 152 152
3 118 147 121  152 152 152
3 141 148 142  152 152 152
3 142 148 149  152 152 152
3 142 149 143  152 152 152
3 143 149 150  152 152 152
3 143 150 144  152 152 152
3 144 150 151  152 152 152
3 144 151 145  152 152 152
3 145 151 152  152 152 152
3 145 152 146  152 152 152
3 146 152 153  152 152 152
3 146 153 147  152 152 152
3 147 153 154  152 152 152
3 147 154 121  152 152 152
3 121 154 123  152 152 152
3 148 155 149  152 152 152
3 149 155 156  152 152 152
3 149 156 150  152 152 152
3 150 156 157  152 152 152
3 150 157 151  152 152 152
3 151 157 158  152 152 152
3 151 158 152  152 152 152
3 152 158 159  152 152 152
3 152 159 153  152 152 152
3 153 159 160  152 152 152
3 153 160 154  152 152 152
3 154 160 161  152 152 152
3 154 161 123  152 152 152
3 123 161 125  152 152 152
3 155 162 156  152 152 152
3 156 162 163  152 152 152
3 156 163 157  152 152 152
3 157 163 164  152 152 152
3 157 164 158  152 152 152
3 158 164 165  152 152 152
3 158 165 159  152 152 152
3 159 165 166  152 152 152
3 159 166 160  152 152 152
3 160 166 167  152 152 152
3 160 167 161  152 152 152
3 161 167 127  152 152 152
3 161 127 125  152 152 152
3 163 162 168  152 152 152
3 168 162 169  152 152 152
3 168 169 170  152 152 152
3 170 169 171  152 152 152
3 170 171 172  152 152 152
3 172 171 173  152 152 152
3 172 173 174  152 152 152
3 174 173 139  152 152 152
3 174 139 137  152 152 152
3 138 140 175  152 152 152
3 175 140 176  152 152 152
3 175 176 177  152 152 152
3 177 176 178  152 152 152
3 177 178 179  152 152 152
3 179 178 180  152 152 152
3 179 180 181  152 152 152
3 181 180 182  152 152 152
3 181 182 183  152 152 152
3 183 182 184  152 152 152
3 183 184 185  152 152 152
3 185 184 186  152 152 152
3 185 186 187  152 152 152
3 187 186 188  152 152 152
3 187 188 189  152 152 152
3 189 188 190  152 152 152
3 189 190 191  152 152 152
3 191 190 192  152 152 152
3 191 192 193  152 152 152
3 193 192 194  152 152 152
3 193 194 195  152 152 152
3 195 194 196  152 152 152
3 195 196 197  152 152 152
3 197 196 198  152 152 152
3 198 196 199  152 152 152
3 198 199 200  152 152 152
3 200 199 201  152 152 152
3 200 201 202  152 152 152
3 202 201 203  152 152 152
3 202 203 204  152 152 152
3 204 203 205  152 152 152
3 204 205 206  152 152 152
3 206 205 207  152 152 152
3 206 207 208  152 152 152
3 208 207 209  152 152 152
3 208 209 210  152 152 152
3 210 209 211  152 152 152
3 210 211 212  152 152 152
3 212 211 213  152 152 152
3 212 213 214  152 152 152
3 214 213 215  152 152 152
3 214 215 216  152 152 152
3 216 215 217  152 152 152
3 216 217 218  152 152 152
3 182 219 184  152 152 152
3 184 219 220  152 152 152
3 184 220 186  152 152 152
3 186 220 221  152 152 152
3 186 221 188  152 152 152
3 188 221 222  152 152 152
3 188 222 190  152 152 152
3 190 222 223  152 152 152
3 190 223 192  152 152 152
3 192 223 224  152 152 152
3 192 224 194  152 152 152
3 194 224 225  152 152 152
3 194 225 196  152 152 152
3 196 225 199  152 152 152
3 219 226 220  152 152 152
3 220 226 227  152 152 152
3 220 227 221  152 152 152
3 221 227 228  152 152 152
3 221 228 222  152 152 152
3 222 228 229  152 152 152
3 222 229 223  152 152 152
3 223 229 230  152 152 152
3 223 230 224  152 152 152
3 224 230 231  152 152 152
3 224 231 225  152 152 152
3 225 231 232  152 152 152
3 225 232 199  152 152 152
3 199 232 201  152 152 152
3 226 233 227  152 152 152
3 227 233 234  152 152 152
3 227 234 228  152 152 152
3 228 234 235  152 152 152
3 228 235 229  152 152 152
3 229 235 236  152 152 152
3 229 236 230  152 152 152
3 230 236 237  152 152 152
3 230 237 231  152 152 152
3 231 237 238  152 152 152
3 231 238 232  152 152 152
3 232 238 239  152 152 152
3 232 239 201  152 152 152
3 201 239 203  152 152 152
3 233 240 234  152 152 152
3 234 240 241  152 152 152
3 234 241 235  152 152 152
3 235 241 242  152 152 152
3 235 242 236  152 152 152
3 236 242 243  152 152 152
3 236 243 237  152 152 152
3 237 243 244  152 152 152
3 237 244 238  152 152 152
3 238 244 245  152 152 152
3 238 245 239  152 152 152
3 239 245 205  152 152 152
3 239 205 203  152 152 152
3 241 240 246  152 152 152
3 246 240 247  152 152 152
3 246 247 248  152 152 152
3 248 247 249  152 152 152
3 248 249 250  152 152 152
3 250 249 251  152 152 152
3 250 251 252  152 152 152
3 252 251 217  152 152 152
3 252 217 215  152 152 152
3 216 218 253  152 152 152
3 253 218 254  152 152 152
3 253 254 255  152 152 152
3 255 254 256  152 152 152
3 255 256 257  152 152 152
3 257 256 258  152 152 152
3 257 258 259  152 152 152
3 259 258 260  152 152 152
3 259 260 261  152 152 152
3 261 260 262  152 152 152
3 261 262 263  152 152 152
3 263 262 264  152 152 152
3 263 264 265  152 152 152
3 265 264 266  152 152 152
3 265 266 267  152 152 152
3 267 266 268  152 152 152
3 267 268 269  152 152 152
3 269 268 270  152 152 152
3 269 270 271  152 152 152
3 271 270 272  152 152 152
3 271 272 273  152 152 152
3 273 272 274  152 152 152
3 273 274 275  152 152 152
3 275 274 276  152 152 152
3 276 274 277  152 152 152
3 276 277 278  152 152 152
3 278 277 279  152 152 152
3 278 279 280  152 152 152
3 280 279 281  152 152 152
3 280 281 282  152 152 152
3 282 281 283  152 152 152
3 282 283 284  152 152 152
3 284 283 285  152 152 152
3 284 285 286  152 152 152
3 286 285 287  152 152 152
3 286 287 288  152 152 152
3 288 287 289  152 152 152
3 288 289 290  152 152 152
3 290 289 291  152 152 152
3 290 291 292  152 152 152
3 292 291 293  152 152 152
3 292 293 294  152 152 152
3 294 293 295  152 152 152
3 294 295 296  152 152 152
3 260 297 262  152 152 152
3 262 297 298  152 152 152
3 262 298 264  152 152 152
3 264 298 299  152 152 152
3 264 299 266  152 152 152
3 266 299 300  152 152 152
3 266 300 268  152 152 152
3 268 300 301  152 152 152
3 268 301 270  152 152 152
3 270 301 302  152 152 152
3 270 302 272  152 152 152
3 272 302 303  152 152 152
3 272 303 274  152 152 152
3 274 303 277  152 152 152
3 297 304 298  152 152 152
3 298 304 305  152 152 152
3 298 305 299  152 152 152
3 299 305 306  152 152 152
3 299 306 300  152 152 152
3 300 306 307  152 152 152
3 300 307 301  152 152 152
3 301 307 308  152 152 152
3 301 308 302  152 152 152
3 302 308 309  152 152 152
3 302 309 303  152 152 152
3 303 309 310  152 152 152
3 303 310 277  152 152 152
3 277 310 279  152 152 152
3 304 311 305  152 152 152
3 305 311 312  152 152 152
3 305 312 306  152 152 152
3 306 312 313  152 152 152
3 306 313 307  152 152 152
3 307 313 314  152 152 152
3 307 314 308  152 152 152
3 308 314 315  152 152 152
3 308 315 309  152 152 152
3 309 315 316  152 152 152
3 309 316 310  152 152 152
3 310 316 317  152 152 152
3 310 317 279  152 152 152
3 279 317 281  152 152 152
3 311 318 312  152 152 152
3 312 318 319  152 152 152
3 312 319 313  152 152 152
3 313 319 320  152 152 152
3 313 320 314  152 152 152
3 314 320 321  152 152 152
3 314 321 315  152 152 152
3 315 321 322  152 152 152
3 315 322 316  152 152 152
3 316 322 323  152 152 152
3 316 323 317  152 152 152
3 317 323 283  152 152 152
3 317 283 281  152 152 152
3 319 318 324  152 152 152
3 324 318 325  152 152 152
3 324 325 326  152 152 152
3 326 325 327  152 152 152
3 326 327 328  152 152 152
3 328 327 329  152 152 152
3 328 329 330  152 152 152
3 330 329 295  152 152 152
3 330 295 293  152 152 152
3 294 296 331  152 152 152
3 331 296 332  152 152 152
3 331 332 333  152 152 152
3 333 332 334  152 152 152
3 333 334 335  152 152 152
3 335 334 336  152 152 152
3 335 336 337  152 152 152
3 337 336 338  152 152 152
3 337 338 339  152 152 152
3 339 338 340  152 152 152
3 339 340 341  152 152 152
3 341 340 342  152 152 152
3 341 342 343  152 152 152
3 343 342 344  152 152 152
3 343 344 345  152 152 152
3 345 344 346  152 152 152
3 345 346 347  152 152 152
3 347 346 348  152 152 152
3 347 348 349  152 152 152
3 349 348 350  152 152 152
3 349 350 351  152 152 152
3 351 350 352  152 152 152
3 351 352 353  152 152 152
3 353 352 354  152 152 152
3 354 352 355  152 152 152
3 354 355 356  152 152 152
3 356 355 357  152 152 152
3 356 357 358  152 152 152
3 358 357 359  152 152 152
3 358 359 360  152 152 152
3 360 359 361  152 152 152
3 360 361 362  152 152 152
3 362 361 363  152 152 152
3 362 363 364  152 152 152
3 364 363 365  152 152 152
3 364 365 366  152 152 152
3 366 365 367  152 152 152
3 366 367 368  152 152 152
3 368 367 369  152 152 152
3 368 369 370  152 152 152
3 370 369 371  152 152 152
3 370 371 372  152 152 152
3 372 371 373  152 152 152
3 372 373 374  152 152 152
3 338 375 340  152 152 152
3 340 375 376  152 152 152
3 340 376 342  152 152 152
3 342 376 377  152 152 152
3 342 377 344  152 152 152
3 344 377 378  152 152 152
3 344 378 346  152 152 152
3 346 378 379  152 152 152
3 346 379 348  152 152 152
3 348 379 380  152 152 152
3 348 380 350  152 152 152
3 350 380 381  152 152 152
3 350 381 352  152 152 152
3 352 381 355  152 152 152
3 375 382 376  152 152 152
3 376 382 383  152 152 152
3 376 383 377  152 152 152
3 377 383 384  152 152 152
3 377 384 378  152 152 152
3 378 384 385  152 152 152
3 378 385 379  152 152 152
3 379 385 386  152 152 152
3 379 386 380  152 152 152
3 380 386 387  152 152 152
3 380 387 381  152 152 152
3 381 387 388  152 152 152
3 381 388 355  152 152 152
3 355 388 357  152 152 152
3 382 389 383  152 152 152
3 383 389 390  152 152 152
3 383 390 384  152 152 152
3 384 390 391  152 152 152
3 384 391 385  152 152 152
3 385 391 392  152 152 152
3 385 392 386  152 152 152
3 386 392 393  152 152 152
3 386 393 387  152 152 152
3 387 393 394  152 152 152
3 387 394 388  152 152 152
3 388 394 395  152 152 152
3 388 395 357  152 152 152
3 357 395 359  152 152 152
3 389 396 390  152 152 152
3 390 396 397  152 152 152
3 390 397 391  152 152 152
3 391 397 398  152 152 152
3 391 398 392  152 152 152
3 392 398 399  152 152 152
3 392 399 393  152 152 152
3 393 399 400  152 152 152
3 393 400 394  152 152 152
3 394 400 401  152 152 152
3 394 401 395  152 152 152
3 395 401 361  152 152 152
3 395 361 359  152 152 152
3 397 396 402  152 152 152
3 402 396 403  152 152 152
3 402 403 404  152 152 152
3 404 403 405  152 152 152
3 404 405 406  152 152 152
3 406 405 407  152 152 152
3 406 407 408  152 152 152
3 408 407 373  152 152 152
3 408 373 371  152 152 152
3 372 374 409  152 152 152
3 409 374 410  152 152 152
3 409 410 411  152 152 152
3 411 410 412  152 152 152
3 411 412 413  152 152 152
3 413 412 414  152 152 152
3 413 414 415  152 152 152
3 415 414 416  152 152 152
3 415 416 417  152 152 152
3 417 416 418  152 152 152
3 417 418 419  152 152 152
3 419 418 420  152 152 152
3 419 420 421  152 152 152
3 421 420 422  152 152 152
3 421 422 423  152 152 152
3 423 422 424  152 152 152
3 423 424 425  152 152 152
3 425 424 426  152 152 152
3 425 426 427  152 152 152
3 427 426 428  152 152 152
3 427 428 429  152 152 152
3 429 428 430  152 152 152
3 429 430 431  152 152 152
3 431 430 432  152 152 152
3 432 430 433  152 152 152
3 432 433 434  152 152 152
3 434 433 435  152 152 152
3 434 435 436  152 152 152
3 436 435 437  152 152 152
3 436 437 438  152 152 152
3 438 437 439  152 152 152
3 438 439 440  152 152 152
3 440 439 441  152 152 152
3 440 441 442  152 152 152
3 442 441 443  152 152 152
3 442 443 444  152 152 152
3 444 443 445  152 152 152
3 444 445 446  152 152 152
3 446 445 447  152 152 152
3 446 447 448  152 152 152
3 448 447 449  152 152 152
3 448 449 450  152 152 152
3 450 449 451  152 152 152
3 450 451 452  152 152 152
3 416 453 418  152 152 152
3 418 453 454  152 152 152
3 418 454 420  152 152 152
3 420 454 455  152 152 152
3 420 455 422  152 152 152
3 422 455 456  152 152 152
3 422 456 424  152 152 152
3 424 456 457  152 152 152
3 424 457 426  152 152 152
3 426 457 458  152 152 152
3 426 458 428  152 152 152
3 428 458 459  152 152 152
3 428 459 430  152 152 152
3 430 459 433  152 152 152
3 453 460 454  152 152 152
3 454 460 461  152 152 152
3 454 461 455  152 152 152
3 455 461 462  152 152 152
3 455 462 456  152 152 152
3 456 462 463  152 152 152
3 456 463 457  152 152 152
3 457 463 464  152 152 152
3 457 464 458  152 152 152
3 458 464 465  152 152 152
3 458 465 459  152 152 152
3 459 465 466  152 152 152
3 459 466 433  152 152 152
3 433 466 435  152 152 152
3 460 467 461  152 152 152
3 461 467 468  152 152 152
3 461 468 462  152 152 152
3 462 468 469  152 152 152
3 462 469 463  152 152 152
3 463 469 470  152 152 152
3 463 470 464  152 152 152
3 464 470 471  152 152 152
3 464 471 465  152 152 152
3 465 471 472  152 152 152
3 465 472 466  152 152 152
3 466 472 473  152 152 152
3 466 473 435  152 152 152
3 435 473 437  152 152 152
3 467 474 468  152 152 152
3 468 474 475  152 152 152
3 468 475 469  152 152 152
3 469 475 476  152 152 152
3 469 476 470  152 152 152
3 470 476 477  152 152 152
3 470 477 471  152 152 152
3 471 477 478  152 152 152
3 471 478 472  152 152 152
3 472 478 479  152 152 152
3 472 479 473  152 152 152
3 473 479 439  152 152 152
3 473 439 437  152 152 152
3 475 474 480  152 152 152
3 480 474 481  152 152 152
3 480 481 482  152 152 152
3 482 481 483  152 152 152
3 482 483 484  152 152 152
3 484 483 485  152 152 152
3 484 485 486  152 152 152
3 486 485 451  152 152 152
3 486 451 449  152 152 152
3 450 452 487  152 152 152
3 487 452 488  152 152 152
3 487 488 489  152 152 152
3 489 488 490  152 152 152
3 489 490 491  152 152 152
3 491 490 492  152 152 152
3 491 492 493  152 152 152
3 493 492 494  152 152 152
3 493 494 495  152 152 152
3 495 494 496  152 152 152
3 495 496 497  152 152 152
3 497 496 498  152 152 152
3 497 498 499  152 152 152
3 499 498 500  152 152 152
3 499 500 501  152 152 152
3 501 500 502  152 152 152
3 501 502 503  152 152 152
3 503 502 504  152 152 152
3 503 504 505  152 152 152
3 505 504 506  152 152 152
3 505 506 507  152 152 152
3 507 506 508  152 152 152
3 507 508 509  152 152 152
3 509 508 510  152 152 152
3 510 508 511  152 152 152
3 510 511 18  152 152 152
3 18 511 16  152 152 152
3 494 512 496  152 152 152
3 496 512 513  152 152 152
3 496 513 498  152 152 152
3 498 513 514  152 152 152
3 498 514 500  152 152 152
3 500 514 515  152 152 152
3 500 515 502  152 152 152
3 502 515 516  152 152 152
3 502 516 504  152 152 152
3 504 516 517  152 152 152
3 504 517 506  152 152 152
3 506 517 518  152 152 152
3 506 518 508  152 152 152
3 508 518 511  152 152 152
3 512 519 513  152 152 152
3 513 519 520  152 152 152
3 513 520 514  152 152 152
3 514 520 521  152 152 152
3 514 521 515  152 152 152
3 515 521 522  152 152 152
3 515 522 516  152 152 152
3 516 522 523  152 152 152
3 516 523 517  152 152 152
3 517 523 524  152 152 152
3 517 524 518  152 152 152
3 518 524 525  152 152 152
3 518 525 511  152 152 152
3 511 525 16  152 152 152
3 519 526 520  152 152 152
3 520 526 527  152 152 152
3 520 527 521  152 152 152
3 521 527 528  152 152 152
3 521 528 522  152 152 152
3 522 528 529  152 152 152
3 522 529 523  152 152 152
3 523 529 530  152 152 152
3 523 530 524  152 152 152
3 524 530 531  152 152 152
3 524 531 525  152 152 152
3 525 531 14  152 152 152
3 525 14 16  152 152 152
3 526 532 527  152 152 152
3 527 532 533  152 152 152
3 527 533 528  152 152 152
3 528 533 534  152 152 152
3 528 534 529  152 152 152
3 529 534 535  152 152 152
3 529 535 530  152 152 152
3 530 535 536  152 152 152
3 530 536 531  152 152 152
3 531 536 12  152 152 152
3 531 12 14  152 152 152
3 533 532 537  152 152 152
3 537 532 538  152 152 152
3 537 538 539  152 152 152
3 539 538 540  152 152 152
3 539 540 541  152 152 152
3 541 540 542  152 152 152
3 541 542 4  152 152 152
3 4 542 2  152 152 152
3 509 543 507  152 152 152
3 507 543 544  152 152 152
3 507 544 505  152 152 152
3 505 544 545  152 152 152
3 505 545 503  152 152 152
3 503 545 546  152 152 152
3 503 546 501  152 152 152
3 501 546 547  152 152 152
3 501 547 499  152 152 152
3 499 547 548  152 152 152
3 499 548 497  152 152 152
3 497 548 549  152 152 152
3 497 549 495  152 152 152
3 495 549 493  152 152 152
3 543 550 544  152 152 152
3 544 550 551  152 152 152
3 544 551 545  152 152 152
3 545 551 552  152 152 152
3 545 552 546  152 152 152
3 546 552 553  152 152 152
3 546 553 547  152 152 152
3 547 553 554  152 152 152
3 547 554 548  152 152 152
3 548 554 555  152 152 152
3 548 555 549  152 152 152
3 549 555 556  152 152 152
3 549 556 493  152 152 152
3 493 556 491  152 152 152
3 551 550 557  152 152 152
3 557 550 558  152 152 152
3 557 558 559  152 152 152
3 559 558 560  152 152 152
3 559 560 561  152 152 152
3 561 560 562  152 152 152
3 561 562 563  152 152 152
3 563 562 564  152 152 152
3 563 564 565  152 152 152
3 565 564 566  152 152 152
3 565 566 567  152 152 152
3 567 566 568  152 152 152
3 567 568 569  152 152 152
3 569 568 570  152 152 152
3 569 570 571  152 152 152
3 571 570 444  152 152 152
3 571 444 446  152 152 152
3 564 572 566  152 152 152
3 566 572 573  152 152 152
3 566 573 568  152 152 152
3 568 573 574  152 152 152
3 568 574 570  152 152 152
3 570 574 442  152 152 152
3 570 442 444  152 152 152
3 572 575 573  152 152 152
3 573 575 576  152 152 152
3 573 576 574  152 152 152
3 574 576 440  152 152 152
3 574 440 442  152 152 152
3 575 577 576  152 152 152
3 576 577 438  152 152 152
3 576 438 440  152 152 152
3 577 436 438  152 152 152
3 431 578 429  152 152 152
3 429 578 579  152 152 152
3 429 579 427  152 152 152
3 427 579 580  152 152 152
3 427 580 425  152 152 152
3 425 580 581  152 152 152
3 425 581 423  152 152 152
3 423 581 582  152 152 152
3 423 582 421  152 152 152
3 421 582 583  152 152 152
3 421 583 419  152 152 152
3 419 583 584  152 152 152
3 419 584 417  152 152 152
3 417 584 415  152 152 152
3 578 585 579  152 152 152
3 579 585 586  152 152 152
3 579 586 580  152 152 152
3 580 586 587  152 152 152
3 580 587 581  152 152 152
3 581 587 588  152 152 152
3 581 588 582  152 152 152
3 582 588 589  152 152 152
3 582 589 583  152 152 152
3 583 589 590  152 152 152
3 583 590 584  152 152 152
3 584 590 591  152 152 152
3 584 591 415  152 152 152
3 415 591 413  152 152 152
3 586 585 592  152 152 152
3 592 585 593  152 152 152
3 592 593 594  152 152 152
3 594 593 595  152 152 152
3 594 595 596  152 152 152
3 596 595 597  152 152 152
3 596 597 598  152 152 152
3 598 597 599  152 152 152
3 598 599 600  152 152 152
3 600 599 601  152 152 152
3 600 601 602  152 152 152
3 602 601 603  152 152 152
3 602 603 604  152 152 152
3 604 603 605  152 152 152
3 604 605 606  152 152 152
3 606 605 366  152 152 152
3 606 366 368  152 152 152
3 599 607 601  152 152 152
3 601 607 608  152 152 152
3 601 608 603  152 152 152
3 603 608 609  152 152 152
3 603 609 605  152 152 152
3 605 609 364  152 152 152
3 605 364 366  152 152 152
3 607 610 608  152 152 152
3 608 610 611  152 152 152
3 608 611 609  152 152 152
3 609 611 362  152 152 152
3 609 362 364  152 152 152
3 610 612 611  152 152 152
3 611 612 360  152 152 152
3 611 360 362  152 152 152
3 612 358 360  152 152 152
3 353 613 351  152 152 152
3 351 613 614  152 152 152
3 351 614 349  152 152 152
3 349 614 615  152 152 152
3 349 615 347  152 152 152
3 347 615 616  152 152 152
3 347 616 345  152 152 152
3 345 616 617  152 152 152
3 345 617 343  152 152 152
3 343 617 618  152 152 152
3 343 618 341  152 152 152
3 341 618 619  152 152 152
3 341 619 339  152 152 152
3 339 619 337  152 152 152
3 613 620 614  152 152 152
3 614 620 621  152 152 152
3 614 621 615  152 152 152
3 615 621 622  152 152 152
3 615 622 616  152 152 152
3 616 622 623  152 152 152
3 616 623 617  152 152 152
3 617 623 624  152 152 152
3 617 624 618  152 152 152
3 618 624 625  152 152 152
3 618 625 619  152 152 152
3 619 625 626  152 152 152
3 619 626 337  152 152 152
3 337 626 335  152 152 152
3 621 620 627  152 152 152
3 627 620 628  152 152 152
3 627 628 629  152 152 152
3 629 628 630  152 152 152
3 629 630 631  152 152 152
3 631 630 632  152 152 152
3 631 632 633  152 152 152
3 633 632 634  152 152 152
3 633 634 635  152 152 152
3 635 634 636  152 152 152
3 635 636 637  152 152 152
3 637 636 638  152 152 152
3 637 638 639  152 152 152
3 639 638 640  152 152 152
3 639 640 641  152 152 152
3 641 640 288  152 152 152
3 641 288 290  152 152 152
3 634 642 636  152 152 152
3 636 642 643  152 152 152
3 636 643 638  152 152 152
3 638 643 644  152 152 152
3 638 644 640  152 152 152
3 640 644 286  152 152 152
3 640 286 288  152 152 152
3 642 645 643  152 152 152
3 643 645 646  152 152 152
3 643 646 644  152 152 152
3 644 646 284  152 152 152
3 644 284 286  152 152 152
3 645 647 646  152 152 152
3 646 647 282  152 152 152
3 646 282 284  152 152 152
3 647 280 282  152 152 152
3 275 648 273  152 152 152
3 273 648 649  152 152 152
3 273 649 271  152 152 152
3 271 649 650  152 152 152
3 271 650 269  152 152 152
3 269 650 651  152 152 152
3 269 651 267  152 152 152
3 267 651 652  152 152 152
3 267 652 265  152 152 152
3 265 652 653  152 152 152
3 265 653 263  152 152 152
3 263 653 654  152 152 152
3 263 654 261  152 152 152
3 261 654 259  152 152 152
3 648 655 649  152 152 152
3 649 655 656  152 152 152
3 649 656 650  152 152 152
3 650 656 657  152 152 152
3 650 657 651  152 152 152
3 651 657 658  152 152 152
3 651 658 652  152 152 152
3 652 658 659  152 152 152
3 652 659 653  152 152 152
3 653 659 660  152 152 152
3 653 660 654  152 152 152
3 654 660 661  152 152 152
3 654 661 259  152 152 152
3 259 661 257  152 152 152
3 656 655 662  152 152 152
3 662 655 663  152 152 152
3 662 663 664  152 152 152
3 664 663 665  152 152 152
3 664 665 666  152 152 152
3 666 665 667  152 152 152
3 666 667 668  152 152 152
3 668 667 669  152 152 152
3 668 669 670  152 152 152
3 670 669 671  152 152 152
3 670 671 672  152 152 152
3 672 671 673  152 152 152
3 672 673 674  152 152 152
3 674 673 675  152 152 152
3 674 675 676  152 152 152
3 676 675 210  152 152 152
3 676 210 212  152 152 152
3 669 677 671  152 152 152
3 671 677 678  152 152 152
3 671 678 673  152 152 152
3 673 678 679  152 152 152
3 673 679 675  152 152 152
3 675 679 208  152 152 152
3 675 208 210  152 152 152
3 677 680 678  152 152 152
3 678 680 681  152 152 152
3 678 681 679  152 152 152
3 679 681 206  152 152 152
3 679 206 208  152 152 152
3 680 682 681  152 152 152
3 681 682 204  152 152 152
3 681 204 206  152 152 152
3 682 202 204  152 152 152
3 197 683 195  152 152 152
3 195 683 684  152 152 152
3 195 684 193  152 152 152
3 193 684 685  152 152 152
3 193 685 191  152 152 152
3 191 685 686  152 152 152
3 191 686 189  152 152 152
3 189 686 687  152 152 152
3 189 687 187  152 152 152
3 187 687 688  152 152 152
3 187 688 185  152 152 152
3 185 688 689  152 152 152
3 185 689 183  152 152 152
3 183 689 181  152 152 152
3 683 690 684  152 152 152
3 684 690 691  152 152 152
3 684 691 685  152 152 152
3 685 691 692  152 152 152
3 685 692 686  152 152 152
3 686 692 693  152 152 152
3 686 693 687  152 152 152
3 687 693 694  152 152 152
3 687 694 688  152 152 152
3 688 694 695  152 152 152
3 688 695 689  152 152 152
3 689 695 696  152 152 152
3 689 696 181  152 152 152
3 181 696 179  152 152 152
3 691 690 697  152 152 152
3 697 690 698  152 152 152
3 697 698 699  152 152 152
3 699 698 700  152 152 152
3 699 700 701  152 152 152
3 701 700 702  152 152 152
3 701 702 703  152 152 152
3 703 702 704  152 152 152
3 703 704 705  152 152 152
3 705 704 706  152 152 152
3 705 706 707  152 152 152
3 707 706 708  152 152 152
3 707 708 709  152 152 152
3 709 708 710  152 152 152
3 709 710 711  152 152 152
3 711 710 132  152 152 152
3 711 132 134  152 152 152
3 704 712 706  152 152 152
3 706 712 713  152 152 152
3 706 713 708  152 152 152
3 708 713 714  152 152 152
3 708 714 710  152 152 152
3 710 714 130  152 152 152
3 710 130 132  152 152 152
3 712 715 713  152 152 152
3 713 715 716  152 152 152
3 713 716 714  152 152 152
3 714 716 128  152 152 152
3 714 128 130  152 152 152
3 715 717 716  152 152 152
3 716 717 126  152 152 152
3 716 126 128  152 152 152
3 717 124 126  152 152 152
3 119 718 117  152 152 152
3 117 718 719  152 152 152
3 117 719 115  152 152 152
3 115 719 720  152 152 152
3 115 720 113  152 152 152
3 113 720 721  152 152 152
3 113 721 111  152 152 152
3 111 721 722  152 152 152
3 111 722 109  152 152 152
3 109 722 723  152 152 152
3 109 723 107  152 152 152
3 107 723 724  152 152 152
3 107 724 105  152 152 152
3 105 724 103  152 152 152
3 718 725 719  152 152 152
3 719 725 726  152 152 152
3 719 726 720  152 152 152
3 720 726 727  152 152 152
3 720 727 721  152 152 152
3 721 727 728  152 152 152
3 721 728 722  152 152 152
3 722 728 729  152 152 152
3 722 729 723  152 152 152
3 723 729 730  152 152 152
3 723 730 724  152 152 152
3 724 730 731  152 152 152
3 724 731 103  152 152 152
3 103 731 101  152 152 152
3 726 725 732  152 152 152
3 732 725 733  152 152 152
3 732 733 734  152 152 152
3 734 733 735  152 152 152
3 734 735 736  152 152 152
3 736 735 737  152 152 152
3 736 737 738  152 152 152
3 738 737 739  152 152 152
3 738 739 740  152 152 152
3 740 739 741  152 152 152
3 740 741 742  152 152 152
3 742 741 743  152 152 152
3 742 743 744  152 152 152
3 744 743 745  152 152 152
3 744 745 746  152 152 152
3 746 745 54  152 152 152
3 746 54 56  152 152 152
3 739 747 741  152 152 152
3 741 747 748  152 152 152
3 741 748 743  152 152 152
3 743 748 749  152 152 152
3 743 749 745  152 152 152
3 745 749 52  152 152 152
3 745 52 54  152 152 152
3 747 750 748  152 152 152
3 748 750 751  152 152 152
3 748 751 749  152 152 152
3 749 751 50  152 152 152
3 749 50 52  152 152 152
3 750 752 751  152 152 152
3 751 752 48  152 152 152
3 751 48 50  152 152 152
3 752 46 48  152 152 152
3 41 753 39  152 152 152
3 39 753 754  152 152 152
3 39 754 37  152 152 152
3 37 754 755  152 152 152
3 37 755 35  152 152 152
3 35 755 756  152 152 152
3 35 756 33  152 152 152
3 33 756 757  152 152 152
3 33 757 31  152 152 152
3 31 757 758  152 152 152
3 31 758 29  152 152 152
3 29 758 759  152 152 152
3 29 759 27  152 152 152
3 27 759 25  152 152 152
3 753 760 754  152 152 152
3 754 760 761  152 152 152
3 754 761 755  152 152 152
3 755 761 762  152 152 152
3 755 762 756  152 152 152
3 756 762 763  152 152 152
3 756 763 757  152 152 152
3 757 763 764  152 152 152
3 757 764 758  152 152 152
3 758 764 765  152 152 152
3 758 765 759  152 152 152
3 759 765 766  152 152 152
3 759 766 25  152 152 152
3 25 766 23  152 152 152
3 761 760 767  152 152 152
3 767 760 768  152 152 152
3 767 768 769  152 152 152
3 769 768 770  152 152 152
3 769 770 771  152 152 152
3 771 770 772  152 152 152
3 771 772 773  152 152 152
3 773 772 774  152 152 152
3 773 774 775  152 152 152
3 775 774 776  152 152 152
3 775 776 777  152 152 152
3 777 776 778  152 152 152
3 777 778 779  152 152 152
3 779 778 780  152 152 152
3 779 780 781  152 152 152
3 781 780 782  152 152 152
3 781 782 783  152 152 152
3 783 782 7  152 152 152
3 783 7 5  152 152 152
3 774 784 776  152 152 152
3 776 784 785  152 152 152
3 776 785 778  152 152 152
3 778 785 786  152 152 152
3 778 786 780  152 152 152
3 780 786 787  152 152 152
3 780 787 782  152 152 152
3 782 787 9  152 152 152
3 782 9 7  152 152 152
3 784 788 785  152 152 152
3 785 788 789  152 152 152
3 785 789 786  152 152 152
3 786 789 790  152 152 152
3 786 790 787  152 152 152
3 787 790 11  152 152 152
3 787 11 9  152 152 152
3 788 791 789  152 152 152
3 789 791 792  152 152 152
3 789 792 790  152 152 152
3 790 792 13  152 152 152
3 790 13 11  152 152 152
3 791 17 792  152 152 152
3 792 17 15  152 152 152
3 792 15 13  152 152 152
3 10 536 793  152 152 152
3 793 536 535  152 152 152
3 793 535 794  152 152 152
3 794 535 534  152 152 152
3 794 534 537  152 152 152
3 537 534 533  152 152 152
3 536 10 12  152 152 152
3 554 795 555  152 152 152
3 555 795 796  152 152 152
3 555 796 556  152 152 152
3 556 796 797  152 152 152
3 556 797 491  152 152 152
3 491 797 489  152 152 152
3 795 798 796  152 152 152
3 796 798 799  152 152 152
3 796 799 797  152 152 152
3 797 799 800  152 152 152
3 797 800 489  152 152 152
3 489 800 487  152 152 152
3 795 554 801  152 152 152
3 801 554 553  152 152 152
3 801 553 802  152 152 152
3 802 553 552  152 152 152
3 802 552 557  152 152 152
3 557 552 551  152 152 152
3 798 803 799  152 152 152
3 799 803 804  152 152 152
3 799 804 800  152 152 152
3 800 804 805  152 152 152
3 800 805 487  152 152 152
3 487 805 450  152 152 152
3 798 795 806  152 152 152
3 806 795 801  152 152 152
3 806 801 807  152 152 152
3 807 801 802  152 152 152
3 807 802 559  152 152 152
3 559 802 557  152 152 152
3 803 808 804  152 152 152
3 804 808 809  152 152 152
3 804 809 805  152 152 152
3 805 809 448  152 152 152
3 805 448 450  152 152 152
3 803 798 810  152 152 152
3 810 798 806  152 152 152
3 810 806 811  152 152 152
3 811 806 807  152 152 152
3 811 807 561  152 152 152
3 561 807 559  152 152 152
3 808 571 809  152 152 152
3 809 571 446  152 152 152
3 809 446 448  152 152 152
3 808 803 812  152 152 152
3 812 803 810  152 152 152
3 812 810 813  152 152 152
3 813 810 811  152 152 152
3 813 811 563  152 152 152
3 563 811 561  152 152 152
3 571 808 569  152 152 152
3 569 808 812  152 152 152
3 569 812 567  152 152 152
3 567 812 813  152 152 152
3 567 813 565  152 152 152
3 565 813 563  152 152 152
3 443 814 815  152 152 152
3 815 814 816  152 152 152
3 815 816 817  152 152 152
3 817 816 818  152 152 152
3 817 818 482  152 152 152
3 482 818 480  152 152 152
3 814 478 816  152 152 152
3 816 478 477  152 152 152
3 816 477 818  152 152 152
3 818 477 476  152 152 152
3 818 476 480  152 152 152
3 480 476 475  152 152 152
3 443 441 814  152 152 152
3 814 441 479  152 152 152
3 814 479 478  152 152 152
3 589 819 590  152 152 152
3 590 819 820  152 152 152
3 590 820 591  152 152 152
3 591 820 821  152 152 152
3 591 821 413  152 152 152
3 413 821 411  152 152 152
3 819 822 820  152 152 152
3 820 822 823  152 152 152
3 820 823 821  152 152 152
3 821 823 824  152 152 152
3 821 824 411  152 152 152
3 411 824 409  152 152 152
3 819 589 825  152 152 152
3 825 589 588  152 152 152
3 825 588 826  152 152 152
3 826 588 587  152 152 152
3 826 587 592  152 152 152
3 592 587 586  152 152 152
3 822 827 823  152 152 152
3 823 827 828  152 152 152
3 823 828 824  152 152 152
3 824 828 829  152 152 152
3 824 829 409  152 152 152
3 409 829 372  152 152 152
3 822 819 830  152 152 152
3 830 819 825  152 152 152
3 830 825 831  152 152 152
3 831 825 826  152 152 152
3 831 826 594  152 152 152
3 594 826 592  152 152 152
3 827 832 828  152 152 152
3 828 832 833  152 152 152
3 828 833 829  152 152 152
3 829 833 370  152 152 152
3 829 370 372  152 152 152
3 827 822 834  152 152 152
3 834 822 830  152 152 152
3 834 830 835  152 152 152
3 835 830 831  152 152 152
3 835 831 596  152 152 152
3 596 831 594  152 152 152
3 832 606 833  152 152 152
3 833 606 368  152 152 152
3 833 368 370  152 152 152
3 832 827 836  152 152 152
3 836 827 834  152 152 152
3 836 834 837  152 152 152
3 837 834 835  152 152 152
3 837 835 598  152 152 152
3 598 835 596  152 152 152
3 606 832 604  152 152 152
3 604 832 836  152 152 152
3 604 836 602  152 152 152
3 602 836 837  152 152 152
3 602 837 600  152 152 152
3 600 837 598  152 152 152
3 365 838 839  152 152 152
3 839 838 840  152 152 152
3 839 840 841  152 152 152
3 841 840 842  152 152 152
3 841 842 404  152 152 152
3 404 842 402  152 152 152
3 838 400 840  152 152 152
3 840 400 399  152 152 152
3 840 399 842  152 152 152
3 842 399 398  152 152 152
3 842 398 402  152 152 152
3 402 398 397  152 152 152
3 365 363 838  152 152 152
3 838 363 401  152 152 152
3 838 401 400  152 152 152
3 624 843 625  152 152 152
3 625 843 844  152 152 152
3 625 844 626  152 152 152
3 626 844 845  152 152 152
3 626 845 335  152 152 152
3 335 845 333  152 152 152
3 843 846 844  152 152 152
3 844 846 847  152 152 152
3 844 847 845  152 152 152
3 845 847 848  152 152 152
3 845 848 333  152 152 152
3 333 848 331  152 152 152
3 843 624 849  152 152 152
3 849 624 623  152 152 152
3 849 623 850  152 152 152
3 850 623 622  152 152 152
3 850 622 627  152 152 152
3 627 622 621  152 152 152
3 846 851 847  152 152 152
3 847 851 852  152 152 152
3 847 852 848  152 152 152
3 848 852 853  152 152 152
3 848 853 331  152 152 152
3 331 853 294  152 152 152
3 846 843 854  152 152 152
3 854 843 849  152 152 152
3 854 849 855  152 152 152
3 855 849 850  152 152 152
3 855 850 629  152 152 152
3 629 850 627  152 152 152
3 851 856 852  152 152 152
3 852 856 857  152 152 152
3 852 857 853  152 152 152
3 853 857 292  152 152 152
3 853 292 294  152 152 152
3 851 846 858  152 152 152
3 858 846 854  152 152 152
3 858 854 859  152 152 152
3 859 854 855  152 152 152
3 859 855 631  152 152 152
3 631 855 629  152 152 152
3 856 641 857  152 152 152
3 857 641 290  152 152 152
3 857 290 292  152 152 152
3 856 851 860  152 152 152
3 860 851 858  152 152 152
3 860 858 861  152 152 152
3 861 858 859  152 152 152
3 861 859 633  152 152 152
3 633 859 631  152 152 152
3 641 856 639  152 152 152
3 639 856 860  152 152 152
3 639 860 637  152 152 152
3 637 860 861  152 152 152
3 637 861 635  152 152 152
3 635 861 633  152 152 152
3 287 862 863  152 152 152
3 863 862 864  152 152 152
3 863 864 865  152 152 152
3 865 864 866  152 152 152
3 865 866 326  152 152 152
3 326 866 324  152 152 152
3 862 322 864  152 152 152
3 864 322 321  152 152 152
3 864 321 866  152 152 152
3 866 321 320  152 152 152
3 866 320 324  152 152 152
3 324 320 319  152 152 152
3 287 285 862  152 152 152
3 862 285 323  152 152 152
3 862 323 322  152 152 152
3 659 867 660  152 152 152
3 660 867 868  152 152 152
3 660 868 661  152 152 152
3 661 868 869  152 152 152
3 661 869 257  152 152 152
3 257 869 255  152 152 152
3 867 870 868  152 152 152
3 868 870 871  152 152 152
3 868 871 869  152 152 152
3 869 871 872  152 152 152
3 869 872 255  152 152 152
3 255 872 253  152 152 152
3 867 659 873  152 152 152
3 873 659 658  152 152 152
3 873 658 874  152 152 152
3 874 658 657  152 152 152
3 874 657 662  152 152 152
3 662 657 656  152 152 152
3 870 875 871  152 152 152
3 871 875 876  152 152 152
3 871 876 872  152 152 152
3 872 876 877  152 152 152
3 872 877 253  152 152 152
3 253 877 216  152 152 152
3 870 867 878  152 152 152
3 878 867 873  152 152 152
3 878 873 879  152 152 152
3 879 873 874  152 152 152
3 879 874 664  152 152 152
3 664 874 662  152 152 152
3 875 880 876  152 152 152
3 876 880 881  152 152 152
3 876 881 877  152 152 152
3 877 881 214  152 152 152
3 877 214 216  152 152 152
3 875 870 882  152 152 152
3 882 870 878  152 152 152
3 882 878 883  152 152 152
3 883 878 879  152 152 152
3 883 879 666  152 152 152
3 666 879 664  152 152 152
3 880 676 881  152 152 152
3 881 676 212  152 152 152
3 881 212 214  152 152 152
3 880 875 884  152 152 152
3 884 875 882  152 152 152
3 884 882 885  152 152 152
3 885 882 883  152 152 152
3 885 883 668  152 152 152
3 668 883 666  152 152 152
3 676 880 674  152 152 152
3 674 880 884  152 152 152
3 674 884 672  152 152 152
3 672 884 885  152 152 152
3 672 885 670  152 152 152
3 670 885 668  152 152 152
3 209 886 887  152 152 152
3 887 886 888  152 152 152
3 887 888 889  152 152 152
3 889 888 890  152 152 152
3 889 890 248  152 152 152
3 248 890 246  152 152 152
3 886 244 888  152 152 152
3 888 244 243  152 152 152
3 888 243 890  152 152 152
3 890 243 242  152 152 152
3 890 242 246  152 152 152
3 246 242 241  152 152 152
3 209 207 886  152 152 152
3 886 207 245  152 152 152
3 886 245 244  152 152 152
3 694 891 695  152 152 152
3 695 891 892  152 152 152
3 695 892 696  152 152 152
3 696 892 893  152 152 152
3 696 893 179  152 152 152
3 179 893 177  152 152 152
3 891 894 892  152 152 152
3 892 894 895  152 152 152
3 892 895 893  152 152 152
3 893 895 896  152 152 152
3 893 896 177  152 152 152
3 177 896 175  152 152 152
3 891 694 897  152 152 152
3 897 694 693  152 152 152
3 897 693 898  152 152 152
3 898 693 692  152 152 152
3 898 692 697  152 152 152
3 697 692 691  152 152 152
3 894 899 895  152 152 152
3 895 899 900  152 152 152
3 895 900 896  152 152 152
3 896 900 901  152 152 152
3 896 901 175  152 152 152
3 175 901 138  152 152 152
3 894 891 902  152 152 152
3 902 891 897  152 152 152
3 902 897 903  152 152 152
3 903 897 898  152 152 152
3 903 898 699  152 152 152
3 699 898 697  152 152 152
3 899 904 900  152 152 152
3 900 904 905  152 152 152
3 900 905 901  152 152 152
3 901 905 136  152 152 152
3 901 136 138  152 152 152
3 899 894 906  152 152 152
3 906 894 902  152 152 152
3 906 902 907  152 152 152
3 907 902 903  152 152 152
3 907 903 701  152 152 152
3 701 903 699  152 152 152
3 904 711 905  152 152 152
3 905 711 134  152 152 152
3 905 134 136  152 152 152
3 904 899 908  152 152 152
3 908 899 906  152 152 152
3 908 906 909  152 152 152
3 909 906 907  152 152 152
3 909 907 703  152 152 152
3 703 907 701  152 152 152
3 711 904 709  152 152 152
3 709 904 908  152 152 152
3 709 908 707  152 152 152
3 707 908 909  152 152 152
3 707 909 705  152 152 152
3 705 909 703  152 152 152
3 131 910 911  152 152 152
3 911 910 912  152 152 152
3 911 912 913  152 152 152
3 913 912 914  152 152 152
3 913 914 170  152 152 152
3 170 914 168  152 152 152
3 910 166 912  152 152 152
3 912 166 165  152 152 152
3 912 165 914  152 152 152
3 914 165 164  152 152 152
3 914 164 168  152 152 152
3 168 164 163  152 152 152
3 131 129 910  152 152 152
3 910 129 167  152 152 152
3 910 167 166  152 152 152
3 729 915 730  152 152 152
3 730 915 916  152 152 152
3 730 916 731  152 152 152
3 731 916 917  152 152 152
3 731 917 101  152 152 152
3 101 917 99  152 152 152
3 915 918 916  152 152 152
3 916 918 919  152 152 152
3 916 919 917  152 152 152
3 917 919 920  152 152 152
3 917 920 99  152 152 152
3 99 920 97  152 152 152
3 915 729 921  152 152 152
3 921 729 728  152 152 152
3 921 728 922  152 152 152
3 922 728 727  152 152 152
3 922 727 732  152 152 152
3 732 727 726  152 152 152
3 918 923 919  152 152 152
3 919 923 924  152 152 152
3 919 924 920  152 152 152
3 920 924 925  152 152 152
3 920 925 97  152 152 152
3 97 925 60  152 152 152
3 918 915 926  152 152 152
3 926 915 921  152 152 152
3 926 921 927  152 152 152
3 927 921 922  152 152 152
3 927 922 734  152 152 152
3 734 922 732  152 152 152
3 923 928 924  152 152 152
3 924 928 929  152 152 152
3 924 929 925  152 152 152
3 925 929 58  152 152 152
3 925 58 60  152 152 152
3 923 918 930  152 152 152
3 930 918 926  152 152 152
3 930 926 931  152 152 152
3 931 926 927  152 152 152
3 931 927 736  152 152 152
3 736 927 734  152 152 152
3 928 746 929  152 152 152
3 929 746 56  152 152 152
3 929 56 58  152 152 152
3 928 923 932  152 152 152
3 932 923 930  152 152 152
3 932 930 933  152 152 152
3 933 930 931  152 152 152
3 933 931 738  152 152 152
3 738 931 736  152 152 152
3 746 928 744  152 152 152
3 744 928 932  152 152 152
3 744 932 742  152 152 152
3 742 932 933  152 152 152
3 742 933 740  152 152 152
3 740 933 738  152 152 152
3 53 934 935  152 152 152
3 935 934 936  152 152 152
3 935 936 937  152 152 152
3 937 936 938  152 152 152
3 937 938 92  152 152 152
3 92 938 90  152 152 152
3 934 88 936  152 152 152
3 936 88 87  152 152 152
3 936 87 938  152 152 152
3 938 87 86  152 152 152
3 938 86 90  152 152 152
3 90 86 85  152 152 152
3 53 51 934  152 152 152
3 934 51 89  152 152 152
3 934 89 88  152 152 152
3 764 939 765  152 152 152
3 765 939 940  152 152 152
3 765 940 766  152 152 152
3 766 940 941  152 152 152
3 766 941 23  152 152 152
3 23 941 21  152 152 152
3 939 942 940  152 152 152
3 940 942 943  152 152 152
3 940 943 941  152 152 152
3 941 943 944  152 152 152
3 941 944 21  152 152 152
3 21 944 19  152 152 152
3 939 764 945  152 152 152
3 945 764 763  152 152 152
3 945 763 946  152 152 152
3 946 763 762  152 152 152
3 946 762 767  152 152 152
3 767 762 761  152 152 152
3 942 947 943  152 152 152
3 943 947 948  152 152 152
3 943 948 944  152 152 152
3 944 948 949  152 152 152
3 944 949 19  152 152 152
3 19 949 1  152 152 152
3 942 939 950  152 152 152
3 950 939 945  152 152 152
3 950 945 951  152 152 152
3 951 945 946  152 152 152
3 951 946 769  152 152 152
3 769 946 767  152 152 152
3 947 952 948  152 152 152
3 948 952 953  152 152 152
3 948 953 949  152 152 152
3 949 953 954  152 152 152
3 949 954 1  152 152 152
3 1 954 3  152 152 152
3 947 942 955  152 152 152
3 955 942 950  152 152 152
3 955 950 956  152 152 152
3 956 950 951  152 152 152
3 956 951 771  152 152 152
3 771 951 769  152 152 152
3 952 781 953  152 152 152
3 953 781 783  152 152 152
3 953 783 954  152 152 152
3 954 783 5  152 152 152
3 954 5 3  152 152 152
3 952 947 957  152 152 152
3 957 947 955  152 152 152
3 957 955 958  152 152 152
3 958 955 956  152 152 152
3 958 956 773  152 152 152
3 773 956 771  152 152 152
3 781 952 779  152 152 152
3 779 952 957  152 152 152
3 779 957 777  152 152 152
3 777 957 958  152 152 152
3 777 958 775  152 152 152
3 775 958 773  152 152 152
3 55 53 935  152 152 152
3 133 131 911  152 152 152
3 211 209 887  152 152 152
3 289 287 863  152 152 152
3 367 365 839  152 152 152
3 445 443 815  152 152 152
3 8 10 793  152 152 152
3 92 94 937  152 152 152
3 937 94 959  152 152 152
3 937 959 935  152 152 152
3 935 959 55  152 152 152
3 94 96 959  152 152 152
3 959 96 57  152 152 152
3 959 57 55  152 152 152
3 59 57 96  152 152 152
3 170 172 913  152 152 152
3 913 172 960  152 152 152
3 913 960 911  152 152 152
3 911 960 133  152 152 152
3 172 174 960  152 152 152
3 960 174 135  152 152 152
3 960 135 133  152 152 152
3 137 135 174  152 152 152
3 248 250 889  152 152 152
3 889 250 961  152 152 152
3 889 961 887  152 152 152
3 887 961 211  152 152 152
3 250 252 961  152 152 152
3 961 252 213  152 152 152
3 961 213 211  152 152 152
3 215 213 252  152 152 152
3 326 328 865  152 152 152
3 865 328 962  152 152 152
3 865 962 863  152 152 152
3 863 962 289  152 152 152
3 328 330 962  152 152 152
3 962 330 291  152 152 152
3 962 291 289  152 152 152
3 293 291 330  152 152 152
3 404 406 841  152 152 152
3 841 406 963  152 152 152
3 841 963 839  152 152 152
3 839 963 367  152 152 152
3 406 408 963  152 152 152
3 963 408 369  152 152 152
3 963 369 367  152 152 152
3 371 369 408  152 152 152
3 482 484 817  152 152 152
3 817 484 964  152 152 152
3 817 964 815  152 152 152
3 815 964 445  152 152 152
3 484 486 964  152 152 152
3 964 486 447  152 152 152
3 964 447 445  152 152 152
3 449 447 486  152 152 152
3 537 539 794  152 152 152
3 794 539 965  152 152 152
3 794 965 793  152 152 152
3 793 965 8  152 152 152
3 539 541 965  152 152 152
3 965 541 6  152 152 152
3 965 6 8  152 152 152
3 4 6 541  152 152 152
3 441 439 479  152 152 152
3 363 361 401  152 152 152
3 285 283 323  152 152 152
3 207 205 245  152 152 152
3 129 127 167  152 152 152
3 51 49 89  152 152 152
3 966 967 968  152 152 152
3 968 967 969  152 152 152
3 968 969 970  152 152 152
3 968 970 971  152 152 152
3 971 970 972  152 152 152
3 971 972 973  152 152 152
3 973 972 974  152 152 152
3 973 974 975  152 152 152
3 975 974 976  152 152 152
3 975 976 977  152 152 152
3 977 976 978  152 152 152
3 977 978 979  152 152 152
3 979 978 980  152 152 152
3 979 980 981  152 152 152
3 981 980 982  152 152 152
3 981 982 983  152 152 152
3 981 983 984  152 152 152
3 984 983 985  152 152 152
3 984 985 986  152 152 152
3 986 985 987  152 152 152
3 986 987 988  152 152 152
3 988 987 989  152 152 152
3 988 989 990  152 152 152
3 990 989 991  152 152 152
3 990 991 992  152 152 152
3 992 991 993  152 152 152
3 992 993 994  152 152 152
3 994 993 995  152 152 152
3 994 995 996  152 152 152
3 996 995 997  152 152 152
3 996 997 998  152 152 152
3 998 997 999  152 152 152
3 998 999 1000  152 152 152
3 1000 999 1001  152 152 152
3 1000 1001 1002  152 152 152
3 1002 1001 1003  152 152 152
3 1002 1003 1004  152 152 152
3 1004 1003 1005  152 152 152
3 1004 1005 1006  152 152 152
3 1006 1005 1007  152 152 152
3 1006 1007 1008  152 152 152
3 1008 1007 1009  152 152 152
3 1008 1009 1010  152 152 152
3 1010 1009 1011  152 152 152
3 1010 1011 1012  152 152 152
3 1012 1011 1013  152 152 152
3 1012 1013 1014  152 152 152
3 1014 1013 1015  152 152 152
3 1014 1015 1016  152 152 152
3 1016 1015 1017  152 152 152
3 1016 1017 1018  152 152 152
3 1018 1017 1019  152 152 152
3 1018 1019 1020  152 152 152
3 1020 1019 1021  152 152 152
3 1020 1021 1022  152 152 152
3 1022 1021 1023  152 152 152
3 1022 1023 1024  152 152 152
3 1024 1023 1025  152 152 152
3 1024 1025 1026  152 152 152
3 1026 1025 1027  152 152 152
3 1026 1027 1028  152 152 152
3 1028 1027 1029  152 152 152
3 1028 1029 1030  152 152 152
3 1030 1029 1031  152 152 152
3 1030 1031 1032  152 152 152
3 1032 1031 1033  152 152 152
3 1032 1033 1034  152 152 152
3 1034 1033 1035  152 152 152
3 1034 1035 1036  152 152 152
3 1036 1035 1037  152 152 152
3 1036 1037 1038  152 152 152
3 1038 1037 1039  152 152 152
3 1038 1039 1040  152 152 152
3 1040 1039 1041  152 152 152
3 1040 1041 1042  152 152 152
3 1042 1041 1043  152 152 152
3 1042 1043 1044  152 152 152
3 1044 1043 1045  152 152 152
3 1044 1045 1046  152 152 152
3 1046 1045 1047  152 152 152
3 1046 1047 1048  152 152 152
3 1048 1047 1049  152 152 152
3 1048 1049 1050  152 152 152
3 1050 1049 1051  152 152 152
3 1050 1051 1052  152 152 152
3 1052 1051 1053  152 152 152
3 1052 1053 1054  152 152 152
3 1054 1053 1055  152 152 152
3 1054 1055 1056  152 152 152
3 1056 1055 1057  152 152 152
3 1056 1057 1058  152 152 152
3 1058 1057 1059  152 152 152
3 1058 1059 1060  152 152 152
3 1060 1059 1061  152 152 152
3 1060 1061 1062  152 152 152
3 1062 1061 1063  152 152 152
3 1062 1063 1064  152 152 152
3 1064 1063 1065  152 152 152
3 1064 1065 1066  152 152 152
3 1066 1065 1067  152 152 152
3 1066 1067 1068  152 152 152
3 1068 1067 1069  152 152 152
3 1068 1069 1070  152 152 152
3 1070 1069 1071  152 152 152
3 1070 1071 1072  152 152 152
3 1072 1071 1073  152 152 152
3 1072 1073 1074  152 152 152
3 1074 1073 1075  152 152 152
3 1074 1075 1076  152 152 152
3 1076 1075 1077  152 152 152
3 1076 1077 1078  152 152 152
3 1078 1077 1079  152 152 152
3 1078 1079 1080  152 152 152
3 1080 1079 1081  152 152 152
3 1080 1081 1082  152 152 152
3 1082 1081 1083  152 152 152
3 1082 1083 1084  152 152 152
3 1084 1083 1085  152 152 152
3 1084 1085 1086  152 152 152
3 1086 1085 1087  152 152 152
3 1086 1087 1088  152 152 152
3 1088 1087 1089  152 152 152
3 1088 1089 1090  152 152 152
3 1090 1089 1091  152 152 152
3 1090 1091 1092  152 152 152
3 1092 1091 1093  152 152 152
3 1092 1093 1094  152 152 152
3 1094 1093 1095  152 152 152
3 1094 1095 1096  152 152 152
3 1096 1095 1097  152 152 152
3 1096 1097 1098  152 152 152
3 1098 1097 1099  152 152 152
3 1098 1099 1100  152 152 152
3 1100 1099 1101  152 152 152
3 1100 1101 1102  152 152 152
3 1102 1101 1103  152 152 152
3 1102 1103 1104  152 152 152
3 1104 1103 1105  152 152 152
3 1104 1105 1106  152 152 152
3 1106 1105 1107  152 152 152
3 1106 1107 1108  152 152 152
3 1108 1107 1109  152 152 152
3 1108 1109 1110  152 152 152
3 1110 1109 1111  152 152 152
3 1110 1111 1112  152 152 152
3 1112 1111 1113  152 152 152
3 1112 1113 1114  152 152 152
3 1114 1113 1115  152 152 152
3 1114 1115 1116  152 152 152
3 1116 1115 1117  152 152 152
3 1116 1117 1118  152 152 152
3 1118 1117 1119  152 152 152
3 1118 1119 1120  152 152 152
3 1120 1119 1121  152 152 152
3 1120 1121 1122  152 152 152
3 1122 1121 1123  152 152 152
3 1122 1123 1124  152 152 152
3 1122 1124 1125  152 152 152
3 1125 1124 1126  152 152 152
3 1125 1126 1127  152 152 152
3 1127 1126 1128  152 152 152
3 1127 1128 1129  152 152 152
3 1129 1128 1130  152 152 152
3 1129 1130 1131  152 152 152
3 1131 1130 1132  152 152 152
3 1131 1132 1133  152 152 152
3 1133 1132 1134  152 152 152
3 1133 1134 1135  152 152 152
3 1135 1134 1136  152 152 152
3 1135 1136 1137  152 152 152
3 1137 1138 1135  152 152 152
3 1135 1138 1139  152 152 152
3 1135 1139 1140  152 152 152
3 1140 1139 1141  152 152 152
3 1140 1141 1142  152 152 152
3 1142 1141 1143  152 152 152
3 1142 1143 1144  152 152 152
3 1144 1143 1145  152 152 152
3 1144 1145 1146  152 152 152
3 1146 1145 1147  152 152 152
3 1146 1147 1148  152 152 152
3 1148 1147 1149  152 152 152
3 1148 1149 1110  152 152 152
3 1110 1149 1108  152 152 152
3 1138 1150 1139  152 152 152
3 1139 1150 1151  152 152 152
3 1139 1151 1141  152 152 152
3 1141 1151 1152  152 152 152
3 1141 1152 1143  152 152 152
3 1143 1152 1153  152 152 152
3 1143 1153 1145  152 152 152
3 1145 1153 1154  152 152 152
3 1145 1154 1147  152 152 152
3 1147 1154 1155  152 152 152
3 1147 1155 1149  152 152 152
3 1149 1155 1156  152 152 152
3 1149 1156 1108  152 152 152
3 1108 1156 1106  152 152 152
3 1150 1157 1151  152 152 152
3 1151 1157 1158  152 152 152
3 1151 1158 1152  152 152 152
3 1152 1158 1159  152 152 152
3 1152 1159 1153  152 152 152
3 1153 1159 1160  152 152 152
3 1153 1160 1154  152 152 152
3 1154 1160 1161  152 152 152
3 1154 1161 1155  152 152 152
3 1155 1161 1162  152 152 152
3 1155 1162 1156  152 152 152
3 1156 1162 1163  152 152 152
3 1156 1163 1106  152 152 152
3 1106 1163 1104  152 152 152
3 1157 1164 1158  152 152 152
3 1158 1164 1165  152 152 152
3 1158 1165 1159  152 152 152
3 1159 1165 1166  152 152 152
3 1159 1166 1160  152 152 152
3 1160 1166 1167  152 152 152
3 1160 1167 1161  152 152 152
3 1161 1167 1168  152 152 152
3 1161 1168 1162  152 152 152
3 1162 1168 1169  152 152 152
3 1162 1169 1163  152 152 152
3 1163 1169 1170  152 152 152
3 1163 1170 1104  152 152 152
3 1104 1170 1102  152 152 152
3 1164 1171 1165  152 152 152
3 1165 1171 1172  152 152 152
3 1165 1172 1166  152 152 152
3 1166 1172 1173  152 152 152
3 1166 1173 1167  152 152 152
3 1167 1173 1174  152 152 152
3 1167 1174 1168  152 152 152
3 1168 1174 1175  152 152 152
3 1168 1175 1169  152 152 152
3 1169 1175 1176  152 152 152
3 1169 1176 1170  152 152 152
3 1170 1176 1177  152 152 152
3 1170 1177 1102  152 152 152
3 1102 1177 1100  152 152 152
3 1171 1178 1172  152 152 152
3 1172 1178 1179  152 152 152
3 1172 1179 1173  152 152 152
3 1173 1179 1180  152 152 152
3 1173 1180 1174  152 152 152
3 1174 1180 1181  152 152 152
3 1174 1181 1175  152 152 152
3 1175 1181 1182  152 152 152
3 1175 1182 1176  152 152 152
3 1176 1182 1183  152 152 152
3 1176 1183 1177  152 152 152
3 1177 1183 1184  152 152 152
3 1177 1184 1100  152 152 152
3 1100 1184 1098  152 152 152
3 1178 1185 1179  152 152 152
3 1179 1185 1186  152 152 152
3 1179 1186 1180  152 152 152
3 1180 1186 1187  152 152 152
3 1180 1187 1181  152 152 152
3 1181 1187 1188  152 152 152
3 1181 1188 1182  152 152 152
3 1182 1188 1189  152 152 152
3 1182 1189 1183  152 152 152
3 1183 1189 1190  152 152 152
3 1183 1190 1184  152 152 152
3 1184 1190 1191  152 152 152
3 1184 1191 1098  152 152 152
3 1098 1191 1096  152 152 152
3 1185 1192 1186  152 152 152
3 1186 1192 1193  152 152 152
3 1186 1193 1187  152 152 152
3 1187 1193 1194  152 152 152
3 1187 1194 1188  152 152 152
3 1188 1194 1195  152 152 152
3 1188 1195 1189  152 152 152
3 1189 1195 1196  152 152 152
3 1189 1196 1190  152 152 152
3 1190 1196 1197  152 152 152
3 1190 1197 1191  152 152 152
3 1191 1197 1198  152 152 152
3 1191 1198 1096  152 152 152
3 1096 1198 1094  152 152 152
3 1192 1199 1193  152 152 152
3 1193 1199 1200  152 152 152
3 1193 1200 1194  152 152 152
3 1194 1200 1201  152 152 152
3 1194 1201 1195  152 152 152
3 1195 1201 1202  152 152 152
3 1195 1202 1196  152 152 152
3 1196 1202 1203  152 152 152
3 1196 1203 1197  152 152 152
3 1197 1203 1204  152 152 152
3 1197 1204 1198  152 152 152
3 1198 1204 1205  152 152 152
3 1198 1205 1094  152 152 152
3 1094 1205 1092  152 152 152
3 1199 1206 1200  152 152 152
3 1200 1206 1207  152 152 152
3 1200 1207 1201  152 152 152
3 1201 1207 1208  152 152 152
3 1201 1208 1202  152 152 152
3 1202 1208 1209  152 152 152
3 1202 1209 1203  152 152 152
3 1203 1209 1210  152 152 152
3 1203 1210 1204  152 152 152
3 1204 1210 1211  152 152 152
3 1204 1211 1205  152 152 152
3 1205 1211 1212  152 152 152
3 1205 1212 1092  152 152 152
3 1092 1212 1090  152 152 152
3 1206 1213 1207  152 152 152
3 1207 1213 1214  152 152 152
3 1207 1214 1208  152 152 152
3 1208 1214 1215  152 152 152
3 1208 1215 1209  152 152 152
3 1209 1215 1216  152 152 152
3 1209 1216 1210  152 152 152
3 1210 1216 1217  152 152 152
3 1210 1217 1211  152 152 152
3 1211 1217 1218  152 152 152
3 1211 1218 1212  152 152 152
3 1212 1218 1219  152 152 152
3 1212 1219 1090  152 152 152
3 1090 1219 1088  152 152 152
3 1213 1220 1214  152 152 152
3 1214 1220 1221  152 152 152
3 1214 1221 1215  152 152 152
3 1215 1221 1222  152 152 152
3 1215 1222 1216  152 152 152
3 1216 1222 1223  152 152 152
3 1216 1223 1217  152 152 152
3 1217 1223 1224  152 152 152
3 1217 1224 1218  152 152 152
3 1218 1224 1225  152 152 152
3 1218 1225 1219  152 152 152
3 1219 1225 1226  152 152 152
3 1219 1226 1088  152 152 152
3 1088 1226 1086  152 152 152
3 1220 1227 1221  152 152 152
3 1221 1227 1228  152 152 152
3 1221 1228 1222  152 152 152
3 1222 1228 1229  152 152 152
3 1222 1229 1223  152 152 152
3 1223 1229 1230  152 152 152
3 1223 1230 1224  152 152 152
3 1224 1230 1231  152 152 152
3 1224 1231 1225  152 152 152
3 1225 1231 1232  152 152 152
3 1225 1232 1226  152 152 152
3 1226 1232 1233  152 152 152
3 1226 1233 1086  152 152 152
3 1086 1233 1084  152 152 152
3 1227 1234 1228  152 152 152
3 1228 1234 1235  152 152 152
3 1228 1235 1229  152 152 152
3 1229 1235 1236  152 152 152
3 1229 1236 1230  152 152 152
3 1230 1236 1237  152 152 152
3 1230 1237 1231  152 152 152
3 1231 1237 1238  152 152 152
3 1231 1238 1232  152 152 152
3 1232 1238 1239  152 152 152
3 1232 1239 1233  152 152 152
3 1233 1239 1240  152 152 152
3 1233 1240 1084  152 152 152
3 1084 1240 1082  152 152 152
3 1234 1241 1235  152 152 152
3 1235 1241 1242  152 152 152
3 1235 1242 1236  152 152 152
3 1236 1242 1243  152 152 152
3 1236 1243 1237  152 152 152
3 1237 1243 1244  152 152 152
3 1237 1244 1238  152 152 152
3 1238 1244 1245  152 152 152
3 1238 1245 1239  152 152 152
3 1239 1245 1246  152 152 152
3 1239 1246 1240  152 152 152
3 1240 1246 1247  152 152 152
3 1240 1247 1082  152 152 152
3 1082 1247 1080  152 152 152
3 1241 1248 1242  152 152 152
3 1242 1248 1249  152 152 152
3 1242 1249 1243  152 152 152
3 1243 1249 1250  152 152 152
3 1243 1250 1244  152 152 152
3 1244 1250 1251  152 152 152
3 1244 1251 1245  152 152 152
3 1245 1251 1252  152 152 152
3 1245 1252 1246  152 152 152
3 1246 1252 1253  152 152 152
3 1246 1253 1247  152 152 152
3 1247 1253 1254  152 152 152
3 1247 1254 1080  152 152 152
3 1080 1254 1078  152 152 152
3 1248 1255 1249  152 152 152
3 1249 1255 1256  152 152 152
3 1249 1256 1250  152 152 152
3 1250 1256 1257  152 152 152
3 1250 1257 1251  152 152 152
3 1251 1257 1258  152 152 152
3 1251 1258 1252  152 152 152
3 1252 1258 1259  152 152 152
3 1252 1259 1253  152 152 152
3 1253 1259 1260  152 152 152
3 1253 1260 1254  152 152 152
3 1254 1260 1261  152 152 152
3 1254 1261 1078  152 152 152
3 1078 1261 1076  152 152 152
3 1255 1262 1256  152 152 152
3 1256 1262 1263  152 152 152
3 1256 1263 1257  152 152 152
3 1257 1263 1264  152 152 152
3 1257 1264 1258  152 152 152
3 1258 1264 1265  152 152 152
3 1258 1265 1259  152 152 152
3 1259 1265 1266  152 152 152
3 1259 1266 1260  152 152 152
3 1260 1266 1267  152 152 152
3 1260 1267 1261  152 152 152
3 1261 1267 1268  152 152 152
3 1261 1268 1076  152 152 152
3 1076 1268 1074  152 152 152
3 1262 1269 1263  152 152 152
3 1263 1269 1270  152 152 152
3 1263 1270 1264  152 152 152
3 1264 1270 1271  152 152 152
3 1264 1271 1265  152 152 152
3 1265 1271 1272  152 152 152
3 1265 1272 1266  152 152 152
3 1266 1272 1273  152 152 152
3 1266 1273 1267  152 152 152
3 1267 1273 1274  152 152 152
3 1267 1274 1268  152 152 152
3 1268 1274 1275  152 152 152
3 1268 1275 1074  152 152 152
3 1074 1275 1072  152 152 152
3 1269 1276 1270  152 152 152
3 1270 1276 1277  152 152 152
3 1270 1277 1271  152 152 152
3 1271 1277 1278  152 152 152
3 1271 1278 1272  152 152 152
3 1272 1278 1279  152 152 152
3 1272 1279 1273  152 152 152
3 1273 1279 1280  152 152 152
3 1273 1280 1274  152 152 152
3 1274 1280 1281  152 152 152
3 1274 1281 1275  152 152 152
3 1275 1281 1282  152 152 152
3 1275 1282 1072  152 152 152
3 1072 1282 1070  152 152 152
3 1276 1283 1277  152 152 152
3 1277 1283 1284  152 152 152
3 1277 1284 1278  152 152 152
3 1278 1284 1285  152 152 152
3 1278 1285 1279  152 152 152
3 1279 1285 1286  152 152 152
3 1279 1286 1280  152 152 152
3 1280 1286 1287  152 152 152
3 1280 1287 1281  152 152 152
3 1281 1287 1288  152 152 152
3 1281 1288 1282  152 152 152
3 1282 1288 1289  152 152 152
3 1282 1289 1070  152 152 152
3 1070 1289 1068  152 152 152
3 1283 1290 1284  152 152 152
3 1284 1290 1291  152 152 152
3 1284 1291 1285  152 152 152
3 1285 1291 1292  152 152 152
3 1285 1292 1286  152 152 152
3 1286 1292 1293  152 152 152
3 1286 1293 1287  152 152 152
3 1287 1293 1294  152 152 152
3 1287 1294 1288  152 152 152
3 1288 1294 1295  152 152 152
3 1288 1295 1289  152 152 152
3 1289 1295 1296  152 152 152
3 1289 1296 1068  152 152 152
3 1068 1296 1066  152 152 152
3 1290 1297 1291  152 152 152
3 1291 1297 1298  152 152 152
3 1291 1298 1292  152 152 152
3 1292 1298 1299  152 152 152
3 1292 1299 1293  152 152 152
3 1293 1299 1300  152 152 152
3 1293 1300 1294  152 152 152
3 1294 1300 1301  152 152 152
3 1294 1301 1295  152 152 152
3 1295 1301 1302  152 152 152
3 1295 1302 1296  152 152 152
3 1296 1302 1303  152 152 152
3 1296 1303 1066  152 152 152
3 1066 1303 1064  152 152 152
3 1297 1304 1298  152 152 152
3 1298 1304 1305  152 152 152
3 1298 1305 1299  152 152 152
3 1299 1305 1306  152 152 152
3 1299 1306 1300  152 152 152
3 1300 1306 1307  152 152 152
3 1300 1307 1301  152 152 152
3 1301 1307 1308  152 152 152
3 1301 1308 1302  152 152 152
3 1302 1308 1309  152 152 152
3 1302 1309 1303  152 152 152
3 1303 1309 1310  152 152 152
3 1303 1310 1064  152 152 152
3 1064 1310 1062  152 152 152
3 1304 1311 1305  152 152 152
3 1305 1311 1312  152 152 152
3 1305 1312 1306  152 152 152
3 1306 1312 1313  152 152 152
3 1306 1313 1307  152 152 152
3 1307 1313 1314  152 152 152
3 1307 1314 1308  152 152 152
3 1308 1314 1315  152 152 152
3 1308 1315 1309  152 152 152
3 1309 1315 1316  152 152 152
3 1309 1316 1310  152 152 152
3 1310 1316 1317  152 152 152
3 1310 1317 1062  152 152 152
3 1062 1317 1060  152 152 152
3 1311 1318 1312  152 152 152
3 1312 1318 1319  152 152 152
3 1312 1319 1313  152 152 152
3 1313 1319 1320  152 152 152
3 1313 1320 1314  152 152 152
3 1314 1320 1321  152 152 152
3 1314 1321 1315  152 152 152
3 1315 1321 1322  152 152 152
3 1315 1322 1316  152 152 152
3 1316 1322 1323  152 152 152
3 1316 1323 1317  152 152 152
3 1317 1323 1324  152 152 152
3 1317 1324 1060  152 152 152
3 1060 1324 1058  152 152 152
3 1318 1325 1319  152 152 152
3 1319 1325 1326  152 152 152
3 1319 1326 1320  152 152 152
3 1320 1326 1327  152 152 152
3 1320 1327 1321  152 152 152
3 1321 1327 1328  152 152 152
3 1321 1328 1322  152 152 152
3 1322 1328 1329  152 152 152
3 1322 1329 1323  152 152 152
3 1323 1329 1330  152 152 152
3 1323 1330 1324  152 152 152
3 1324 1330 1331  152 152 152
3 1324 1331 1058  152 152 152
3 1058 1331 1056  152 152 152
3 1325 1332 1326  152 152 152
3 1326 1332 1333  152 152 152
3 1326 1333 1327  152 152 152
3 1327 1333 1334  152 152 152
3 1327 1334 1328  152 152 152
3 1328 1334 1335  152 152 152
3 1328 1335 1329  152 152 152
3 1329 1335 1336  152 152 152
3 1329 1336 1330  152 152 152
3 1330 1336 1337  152 152 152
3 1330 1337 1331  152 152 152
3 1331 1337 1338  152 152 152
3 1331 1338 1056  152 152 152
3 1056 1338 1054  152 152 152
3 1332 1339 1333  152 152 152
3 1333 1339 1340  152 152 152
3 1333 1340 1334  152 152 152
3 1334 1340 1341  152 152 152
3 1334 1341 1335  152 152 152
3 1335 1341 1342  152 152 152
3 1335 1342 1336  152 152 152
3 1336 1342 1343  152 152 152
3 1336 1343 1337  152 152 152
3 1337 1343 1344  152 152 152
3 1337 1344 1338  152 152 152
3 1338 1344 1345  152 152 152
3 1338 1345 1054  152 152 152
3 1054 1345 1052  152 152 152
3 1339 1346 1340  152 152 152
3 1340 1346 1347  152 152 152
3 1340 1347 1341  152 152 152
3 1341 1347 1348  152 152 152
3 1341 1348 1342  152 152 152
3 1342 1348 1349  152 152 152
3 1342 1349 1343  152 152 152
3 1343 1349 1350  152 152 152
3 1343 1350 1344  152 152 152
3 1344 1350 1351  152 152 152
3 1344 1351 1345  152 152 152
3 1345 1351 1352  152 152 152
3 1345 1352 1052  152 152 152
3 1052 1352 1050  152 152 152
3 1346 1353 1347  152 152 152
3 1347 1353 1354  152 152 152
3 1347 1354 1348  152 152 152
3 1348 1354 1355  152 152 152
3 1348 1355 1349  152 152 152
3 1349 1355 1356  152 152 152
3 1349 1356 1350  152 152 152
3 1350 1356 1357  152 152 152
3 1350 1357 1351  152 152 152
3 1351 1357 1358  152 152 152
3 1351 1358 1352  152 152 152
3 1352 1358 1359  152 152 152
3 1352 1359 1050  152 152 152
3 1050 1359 1048  152 152 152
3 1353 1360 1354  152 152 152
3 1354 1360 1361  152 152 152
3 1354 1361 1355  152 152 152
3 1355 1361 1362  152 152 152
3 1355 1362 1356  152 152 152
3 1356 1362 1363  152 152 152
3 1356 1363 1357  152 152 152
3 1357 1363 1364  152 152 152
3 1357 1364 1358  152 152 152
3 1358 1364 1365  152 152 152
3 1358 1365 1359  152 152 152
3 1359 1365 1366  152 152 152
3 1359 1366 1048  152 152 152
3 1048 1366 1046  152 152 152
3 1360 1367 1361  152 152 152
3 1361 1367 1368  152 152 152
3 1361 1368 1362  152 152 152
3 1362 1368 1369  152 152 152
3 1362 1369 1363  152 152 152
3 1363 1369 1370  152 152 152
3 1363 1370 1364  152 152 152
3 1364 1370 1371  152 152 152
3 1364 1371 1365  152 152 152
3 1365 1371 1372  152 152 152
3 1365 1372 1366  152 152 152
3 1366 1372 1373  152 152 152
3 1366 1373 1046  152 152 152
3 1046 1373 1044  152 152 152
3 1367 1374 1368  152 152 152
3 1368 1374 1375  152 152 152
3 1368 1375 1369  152 152 152
3 1369 1375 1376  152 152 152
3 1369 1376 1370  152 152 152
3 1370 1376 1377  152 152 152
3 1370 1377 1371  152 152 152
3 1371 1377 1378  152 152 152
3 1371 1378 1372  152 152 152
3 1372 1378 1379  152 152 152
3 1372 1379 1373  152 152 152
3 1373 1379 1380  152 152 152
3 1373 1380 1044  152 152 152
3 1044 1380 1042  152 152 152
3 1374 1381 1375  152 152 152
3 1375 1381 1382  152 152 152
3 1375 1382 1376  152 152 152
3 1376 1382 1383  152 152 152
3 1376 1383 1377  152 152 152
3 1377 1383 1384  152 152 152
3 1377 1384 1378  152 152 152
3 1378 1384 1385  152 152 152
3 1378 1385 1379  152 152 152
3 1379 1385 1386  152 152 152
3 1379 1386 1380  152 152 152
3 1380 1386 1387  152 152 152
3 1380 1387 1042  152 152 152
3 1042 1387 1040  152 152 152
3 1381 1388 1382  152 152 152
3 1382 1388 1389  152 152 152
3 1382 1389 1383  152 152 152
3 1383 1389 1390  152 152 152
3 1383 1390 1384  152 152 152
3 1384 1390 1391  152 152 152
3 1384 1391 1385  152 152 152
3 1385 1391 1392  152 152 152
3 1385 1392 1386  152 152 152
3 1386 1392 1393  152 152 152
3 1386 1393 1387  152 152 152
3 1387 1393 1394  152 152 152
3 1387 1394 1040  152 152 152
3 1040 1394 1038  152 152 152
3 1388 1395 1389  152 152 152
3 1389 1395 1396  152 152 152
3 1389 1396 1390  152 152 152
3 1390 1396 1397  152 152 152
3 1390 1397 1391  152 152 152
3 1391 1397 1398  152 152 152
3 1391 1398 1392  152 152 152
3 1392 1398 1399  152 152 152
3 1392 1399 1393  152 152 152
3 1393 1399 1400  152 152 152
3 1393 1400 1394  152 152 152
3 1394 1400 1401  152 152 152
3 1394 1401 1038  152 152 152
3 1038 1401 1036  152 152 152
3 1395 1402 1396  152 152 152
3 1396 1402 1403  152 152 152
3 1396 1403 1397  152 152 152
3 1397 1403 1404  152 152 152
3 1397 1404 1398  152 152 152
3 1398 1404 1405  152 152 152
3 1398 1405 1399  152 152 152
3 1399 1405 1406  152 152 152
3 1399 1406 1400  152 152 152
3 1400 1406 1407  152 152 152
3 1400 1407 1401  152 152 152
3 1401 1407 1408  152 152 152
3 1401 1408 1036  152 152 152
3 1036 1408 1034  152 152 152
3 1402 1409 1403  152 152 152
3 1403 1409 1410  152 152 152
3 1403 1410 1404  152 152 152
3 1404 1410 1411  152 152 152
3 1404 1411 1405  152 152 152
3 1405 1411 1412  152 152 152
3 1405 1412 1406  152 152 152
3 1406 1412 1413  152 152 152
3 1406 1413 1407  152 152 152
3 1407 1413 1414  152 152 152
3 1407 1414 1408  152 152 152
3 1408 1414 1415  152 152 152
3 1408 1415 1034  152 152 152
3 1034 1415 1032  152 152 152
3 1409 1416 1410  152 152 152
3 1410 1416 1417  152 152 152
3 1410 1417 1411  152 152 152
3 1411 1417 1418  152 152 152
3 1411 1418 1412  152 152 152
3 1412 1418 1419  152 152 152
3 1412 1419 1413  152 152 152
3 1413 1419 1420  152 152 152
3 1413 1420 1414  152 152 152
3 1414 1420 1421  152 152 152
3 1414 1421 1415  152 152 152
3 1415 1421 1422  152 152 152
3 1415 1422 1032  152 152 152
3 1032 1422 1030  152 152 152
3 1416 1423 1417  152 152 152
3 1417 1423 1424  152 152 152
3 1417 1424 1418  152 152 152
3 1418 1424 1425  152 152 152
3 1418 1425 1419  152 152 152
3 1419 1425 1426  152 152 152
3 1419 1426 1420  152 152 152
3 1420 1426 1427  152 152 152
3 1420 1427 1421  152 152 152
3 1421 1427 1428  152 152 152
3 1421 1428 1422  152 152 152
3 1422 1428 1429  152 152 152
3 1422 1429 1030  152 152 152
3 1030 1429 1028  152 152 152
3 1423 1430 1424  152 152 152
3 1424 1430 1431  152 152 152
3 1424 1431 1425  152 152 152
3 1425 1431 1432  152 152 152
3 1425 1432 1426  152 152 152
3 1426 1432 1433  152 152 152
3 1426 1433 1427  152 152 152
3 1427 1433 1434  152 152 152
3 1427 1434 1428  152 152 152
3 1428 1434 1435  152 152 152
3 1428 1435 1429  152 152 152
3 1429 1435 1436  152 152 152
3 1429 1436 1028  152 152 152
3 1028 1436 1026  152 152 152
3 1430 1437 1431  152 152 152
3 1431 1437 1438  152 152 152
3 1431 1438 1432  152 152 152
3 1432 1438 1439  152 152 152
3 1432 1439 1433  152 152 152
3 1433 1439 1440  152 152 152
3 1433 1440 1434  152 152 152
3 1434 1440 1441  152 152 152
3 1434 1441 1435  152 152 152
3 1435 1441 1442  152 152 152
3 1435 1442 1436  152 152 152
3 1436 1442 1443  152 152 152
3 1436 1443 1026  152 152 152
3 1026 1443 1024  152 152 152
3 1437 1444 1438  152 152 152
3 1438 1444 1445  152 152 152
3 1438 1445 1439  152 152 152
3 1439 1445 1446  152 152 152
3 1439 1446 1440  152 152 152
3 1440 1446 1447  152 152 152
3 1440 1447 1441  152 152 152
3 1441 1447 1448  152 152 152
3 1441 1448 1442  152 152 152
3 1442 1448 1449  152 152 152
3 1442 1449 1443  152 152 152
3 1443 1449 1450  152 152 152
3 1443 1450 1024  152 152 152
3 1024 1450 1022  152 152 152
3 1444 1451 1445  152 152 152
3 1445 1451 1452  152 152 152
3 1445 1452 1446  152 152 152
3 1446 1452 1453  152 152 152
3 1446 1453 1447  152 152 152
3 1447 1453 1454  152 152 152
3 1447 1454 1448  152 152 152
3 1448 1454 1455  152 152 152
3 1448 1455 1449  152 152 152
3 1449 1455 1456  152 152 152
3 1449 1456 1450  152 152 152
3 1450 1456 1457  152 152 152
3 1450 1457 1022  152 152 152
3 1022 1457 1020  152 152 152
3 1451 1458 1452  152 152 152
3 1452 1458 1459  152 152 152
3 1452 1459 1453  152 152 152
3 1453 1459 1460  152 152 152
3 1453 1460 1454  152 152 152
3 1454 1460 1461  152 152 152
3 1454 1461 1455  152 152 152
3 1455 1461 1462  152 152 152
3 1455 1462 1456  152 152 152
3 1456 1462 1463  152 152 152
3 1456 1463 1457  152 152 152
3 1457 1463 1464  152 152 152
3 1457 1464 1020  152 152 152
3 1020 1464 1018  152 152 152
3 1458 1465 1459  152 152 152
3 1459 1465 1466  152 152 152
3 1459 1466 1460  152 152 152
3 1460 1466 1467  152 152 152
3 1460 1467 1461  152 152 152
3 1461 1467 1468  152 152 152
3 1461 1468 1462  152 152 152
3 1462 1468 1469  152 152 152
3 1462 1469 1463  152 152 152
3 1463 1469 1470  152 152 152
3 1463 1470 1464  152 152 152
3 1464 1470 1471  152 152 152
3 1464 1471 1018  152 152 152
3 1018 1471 1016  152 152 152
3 1465 1472 1466  152 152 152
3 1466 1472 1473  152 152 152
3 1466 1473 1467  152 152 152
3 1467 1473 1474  152 152 152
3 1467 1474 1468  152 152 152
3 1468 1474 1475  152 152 152
3 1468 1475 1469  152 152 152
3 1469 1475 1476  152 152 152
3 1469 1476 1470  152 152 152
3 1470 1476 1477  152 152 152
3 1470 1477 1471  152 152 152
3 1471 1477 1478  152 152 152
3 1471 1478 1016  152 152 152
3 1016 1478 1014  152 152 152
3 1472 1479 1473  152 152 152
3 1473 1479 1480  152 152 152
3 1473 1480 1474  152 152 152
3 1474 1480 1481  152 152 152
3 1474 1481 1475  152 152 152
3 1475 1481 1482  152 152 152
3 1475 1482 1476  152 152 152
3 1476 1482 1483  152 152 152
3 1476 1483 1477  152 152 152
3 1477 1483 1484  152 152 152
3 1477 1484 1478  152 152 152
3 1478 1484 1485  152 152 152
3 1478 1485 1014  152 152 152
3 1014 1485 1012  152 152 152
3 1479 1486 1480  152 152 152
3 1480 1486 1487  152 152 152
3 1480 1487 1481  152 152 152
3 1481 1487 1488  152 152 152
3 1481 1488 1482  152 152 152
3 1482 1488 1489  152 152 152
3 1482 1489 1483  152 152 152
3 1483 1489 1490  152 152 152
3 1483 1490 1484  152 152 152
3 1484 1490 1491  152 152 152
3 1484 1491 1485  152 152 152
3 1485 1491 1492  152 152 152
3 1485 1492 1012  152 152 152
3 1012 1492 1010  152 152 152
3 1486 1493 1487  152 152 152
3 1487 1493 1494  152 152 152
3 1487 1494 1488  152 152 152
3 1488 1494 1495  152 152 152
3 1488 1495 1489  152 152 152
3 1489 1495 1496  152 152 152
3 1489 1496 1490  152 152 152
3 1490 1496 1497  152 152 152
3 1490 1497 1491  152 152 152
3 1491 1497 1498  152 152 152
3 1491 1498 1492  152 152 152
3 1492 1498 1499  152 152 152
3 1492 1499 1010  152 152 152
3 1010 1499 1008  152 152 152
3 1493 1500 1494  152 152 152
3 1494 1500 1501  152 152 152
3 1494 1501 1495  152 152 152
3 1495 1501 1502  152 152 152
3 1495 1502 1496  152 152 152
3 1496 1502 1503  152 152 152
3 1496 1503 1497  152 152 152
3 1497 1503 1504  152 152 152
3 1497 1504 1498  152 152 152
3 1498 1504 1505  152 152 152
3 1498 1505 1499  152 152 152
3 1499 1505 1506  152 152 152
3 1499 1506 1008  152 152 152
3 1008 1506 1006  152 152 152
3 1500 1507 1501  152 152 152
3 1501 1507 1508  152 152 152
3 1501 1508 1502  152 152 152
3 1502 1508 1509  152 152 152
3 1502 1509 1503  152 152 152
3 1503 1509 1510  152 152 152
3 1503 1510 1504  152 152 152
3 1504 1510 1511  152 152 152
3 1504 1511 1505  152 152 152
3 1505 1511 1512  152 152 152
3 1505 1512 1506  152 152 152
3 1506 1512 1513  152 152 152
3 1506 1513 1006  152 152 152
3 1006 1513 1004  152 152 152
3 1507 1514 1508  152 152 152
3 1508 1514 1515  152 152 152
3 1508 1515 1509  152 152 152
3 1509 1515 1516  152 152 152
3 1509 1516 1510  152 152 152
3 1510 1516 1517  152 152 152
3 1510 1517 1511  152 152 152
3 1511 1517 1518  152 152 152
3 1511 1518 1512  152 152 152
3 1512 1518 1519  152 152 152
3 1512 1519 1513  152 152 152
3 1513 1519 1520  152 152 152
3 1513 1520 1004  152 152 152
3 1004 1520 1002  152 152 152
3 1514 1521 1515  152 152 152
3 1515 1521 1522  152 152 152
3 1515 1522 1516  152 152 152
3 1516 1522 1523  152 152 152
3 1516 1523 1517  152 152 152
3 1517 1523 1524  152 152 152
3 1517 1524 1518  152 152 152
3 1518 1524 1525  152 152 152
3 1518 1525 1519  152 152 152
3 1519 1525 1526  152 152 152
3 1519 1526 1520  152 152 152
3 1520 1526 1527  152 152 152
3 1520 1527 1002  152 152 152
3 1002 1527 1000  152 152 152
3 1521 1528 1522  152 152 152
3 1522 1528 1529  152 152 152
3 1522 1529 1523  152 152 152
3 1523 1529 1530  152 152 152
3 1523 1530 1524  152 152 152
3 1524 1530 1531  152 152 152
3 1524 1531 1525  152 152 152
3 1525 1531 1532  152 152 152
3 1525 1532 1526  152 152 152
3 1526 1532 1533  152 152 152
3 1526 1533 1527  152 152 152
3 1527 1533 1534  152 152 152
3 1527 1534 1000  152 152 152
3 1000 1534 998  152 152 152
3 1528 1535 1529  152 152 152
3 1529 1535 1536  152 152 152
3 1529 1536 1530  152 152 152
3 1530 1536 1537  152 152 152
3 1530 1537 1531  152 152 152
3 1531 1537 1538  152 152 152
3 1531 1538 1532  152 152 152
3 1532 1538 1539  152 152 152
3 1532 1539 1533  152 152 152
3 1533 1539 1540  152 152 152
3 1533 1540 1534  152 152 152
3 1534 1540 1541  152 152 152
3 1534 1541 998  152 152 152
3 998 1541 996  152 152 152
3 1535 1542 1536  152 152 152
3 1536 1542 1543  152 152 152
3 1536 1543 1537  152 152 152
3 1537 1543 1544  152 152 152
3 1537 1544 1538  152 152 152
3 1538 1544 1545  152 152 152
3 1538 1545 1539  152 152 152
3 1539 1545 1546  152 152 152
3 1539 1546 1540  152 152 152
3 1540 1546 1547  152 152 152
3 1540 1547 1541  152 152 152
3 1541 1547 1548  152 152 152
3 1541 1548 996  152 152 152
3 996 1548 994  152 152 152
3 1542 1549 1543  152 152 152
3 1543 1549 1550  152 152 152
3 1543 1550 1544  152 152 152
3 1544 1550 1551  152 152 152
3 1544 1551 1545  152 152 152
3 1545 1551 1552  152 152 152
3 1545 1552 1546  152 152 152
3 1546 1552 1553  152 152 152
3 1546 1553 1547  152 152 152
3 1547 1553 1554  152 152 152
3 1547 1554 1548  152 152 152
3 1548 1554 1555  152 152 152
3 1548 1555 994  152 152 152
3 994 1555 992  152 152 152
3 1549 1556 1550  152 152 152
3 1550 1556 1557  152 152 152
3 1550 1557 1551  152 152 152
3 1551 1557 1558  152 152 152
3 1551 1558 1552  152 152 152
3 1552 1558 1559  152 152 152
3 1552 1559 1553  152 152 152
3 1553 1559 1560  152 152 152
3 1553 1560 1554  152 152 152
3 1554 1560 1561  152 152 152
3 1554 1561 1555  152 152 152
3 1555 1561 1562  152 152 152
3 1555 1562 992  152 152 152
3 992 1562 990  152 152 152
3 1556 1563 1557  152 152 152
3 1557 1563 1564  152 152 152
3 1557 1564 1558  152 152 152
3 1558 1564 1565  152 152 152
3 1558 1565 1559  152 152 152
3 1559 1565 1566  152 152 152
3 1559 1566 1560  152 152 152
3 1560 1566 1567  152 152 152
3 1560 1567 1561  152 152 152
3 1561 1567 1568  152 152 152
3 1561 1568 1562  152 152 152
3 1562 1568 1569  152 152 152
3 1562 1569 990  152 152 152
3 990 1569 988  152 152 152
3 1563 1570 1564  152 152 152
3 1564 1570 1571  152 152 152
3 1564 1571 1565  152 152 152
3 1565 1571 1572  152 152 152
3 1565 1572 1566  152 152 152
3 1566 1572 1573  152 152 152
3 1566 1573 1567  152 152 152
3 1567 1573 1574  152 152 152
3 1567 1574 1568  152 152 152
3 1568 1574 1575  152 152 152
3 1568 1575 1569  152 152 152
3 1569 1575 1576  152 152 152
3 1569 1576 988  152 152 152
3 988 1576 986  152 152 152
3 1570 1577 1571  152 152 152
3 1571 1577 1578  152 152 152
3 1571 1578 1572  152 152 152
3 1572 1578 1579  152 152 152
3 1572 1579 1573  152 152 152
3 1573 1579 1580  152 152 152
3 1573 1580 1574  152 152 152
3 1574 1580 1581  152 152 152
3 1574 1581 1575  152 152 152
3 1575 1581 1582  152 152 152
3 1575 1582 1576  152 152 152
3 1576 1582 1583  152 152 152
3 1576 1583 986  152 152 152
3 986 1583 984  152 152 152
3 1577 1584 1578  152 152 152
3 1578 1584 1585  152 152 152
3 1578 1585 1579  152 152 152
3 1579 1585 1586  152 152 152
3 1579 1586 1580  152 152 152
3 1580 1586 1587  152 152 152
3 1580 1587 1581  152 152 152
3 1581 1587 1588  152 152 152
3 1581 1588 1582  152 152 152
3 1582 1588 1589  152 152 152
3 1582 1589 1583  152 152 152
3 1583 1589 1590  152 152 152
3 1583 1590 984  152 152 152
3 984 1590 981  152 152 152
3 1584 1591 1585  152 152 152
3 1585 1591 1592  152 152 152
3 1585 1592 1586  152 152 152
3 1586 1592 1593  152 152 152
3 1586 1593 1587  152 152 152
3 1587 1593 1594  152 152 152
3 1587 1594 1588  152 152 152
3 1588 1594 1595  152 152 152
3 1588 1595 1589  152 152 152
3 1589 1595 1596  152 152 152
3 1589 1596 1590  152 152 152
3 1590 1596 979  152 152 152
3 1590 979 981  152 152 152
3 1591 1597 1592  152 152 152
3 1592 1597 1598  152 152 152
3 1592 1598 1593  152 152 152
3 1593 1598 1599  152 152 152
3 1593 1599 1594  152 152 152
3 1594 1599 1600  152 152 152
3 1594 1600 1595  152 152 152
3 1595 1600 1601  152 152 152
3 1595 1601 1596  152 152 152
3 1596 1601 977  152 152 152
3 1596 977 979  152 152 152
3 1597 1602 1598  152 152 152
3 1598 1602 1603  152 152 152
3 1598 1603 1599  152 152 152
3 1599 1603 1604  152 152 152
3 1599 1604 1600  152 152 152
3 1600 1604 1605  152 152 152
3 1600 1605 1601  152 152 152
3 1601 1605 975  152 152 152
3 1601 975 977  152 152 152
3 1602 1606 1603  152 152 152
3 1603 1606 1607  152 152 152
3 1603 1607 1604  152 152 152
3 1604 1607 1608  152 152 152
3 1604 1608 1605  152 152 152
3 1605 1608 973  152 152 152
3 1605 973 975  152 152 152
3 1606 1609 1607  152 152 152
3 1607 1609 1610  152 152 152
3 1607 1610 1608  152 152 152
3 1608 1610 971  152 152 152
3 1608 971 973  152 152 152
3 1609 966 1610  152 152 152
3 1610 966 968  152 152 152
3 1610 968 971  152 152 152
3 1110 1112 1148  152 152 152
3 1148 1112 1611  152 152 152
3 1148 1611 1146  152 152 152
3 1146 1611 1612  152 152 152
3 1146 1612 1144  152 152 152
3 1144 1612 1613  152 152 152
3 1144 1613 1142  152 152 152
3 1142 1613 1614  152 152 152
3 1142 1614 1140  152 152 152
3 1140 1614 1133  152 152 152
3 1140 1133 1135  152 152 152
3 1112 1114 1611  152 152 152
3 1611 1114 1615  152 152 152
3 1611 1615 1612  152 152 152
3 1612 1615 1616  152 152 152
3 1612 1616 1613  152 152 152
3 1613 1616 1617  152 152 152
3 1613 1617 1614  152 152 152
3 1614 1617 1131  152 152 152
3 1614 1131 1133  152 152 152
3 1114 1116 1615  152 152 152
3 1615 1116 1618  152 152 152
3 1615 1618 1616  152 152 152
3 1616 1618 1619  152 152 152
3 1616 1619 1617  152 152 152
3 1617 1619 1129  152 152 152
3 1617 1129 1131  152 152 152
3 1116 1118 1618  152 152 152
3 1618 1118 1620  152 152 152
3 1618 1620 1619  152 152 152
3 1619 1620 1127  152 152 152
3 1619 1127 1129  152 152 152
3 1118 1120 1620  152 152 152
3 1620 1120 1125  152 152 152
3 1620 1125 1127  152 152 152
3 1122 1125 1120  152 152 152
3 1621 1137 1622  152 152 152
3 1622 1137 1136  152 152 152
3 1622 1136 1623  152 152 152
3 1623 1136 1134  152 152 152
3 1623 1134 1624  152 152 152
3 1624 1134 1132  152 152 152
3 1624 1132 1625  152 152 152
3 1625 1132 1130  152 152 152
3 1625 1130 1626  152 152 152
3 1626 1130 1128  152 152 152
3 1626 1128 1627  152 152 152
3 1627 1128 1126  152 152 152
3 1627 1126 1628  152 152 152
3 1628 1126 1124  152 152 152
3 1628 1124 1123  152 152 152
3 1123 1629 1628  152 152 152
3 1628 1629 1630  152 152 152
3 1628 1630 1627  152 152 152
3 1627 1630 1631  152 152 152
3 1627 1631 1626  152 152 152
3 1626 1631 1632  152 152 152
3 1626 1632 1625  152 152 152
3 1625 1632 1633  152 152 152
3 1625 1633 1624  152 152 152
3 1624 1633 1634  152 152 152
3 1624 1634 1623  152 152 152
3 1623 1634 1635  152 152 152
3 1623 1635 1622  152 152 152
3 1622 1635 1636  152 152 152
3 1622 1636 1621  152 152 152
3 1637 1621 1638  152 152 152
3 1638 1621 1636  152 152 152
3 1638 1636 1639  152 152 152
3 1639 1636 1635  152 152 152
3 1639 1635 1640  152 152 152
3 1640 1635 1634  152 152 152
3 1640 1634 1641  152 152 152
3 1641 1634 1633  152 152 152
3 1641 1633 1642  152 152 152
3 1642 1633 1632  152 152 152
3 1642 1632 1643  152 152 152
3 1643 1632 1631  152 152 152
3 1643 1631 1644  152 152 152
3 1644 1631 1630  152 152 152
3 1644 1630 1645  152 152 152
3 1645 1630 1629  152 152 152
3 1645 1629 1646  152 152 152
3 1645 1646 1647  152 152 152
3 1647 1646 1648  152 152 152
3 1647 1648 1649  152 152 152
3 1649 1648 1650  152 152 152
3 1649 1650 1651  152 152 152
3 1651 1650 1652  152 152 152
3 1651 1652 1653  152 152 152
3 1653 1652 1654  152 152 152
3 1653 1654 1655  152 152 152
3 1655 1654 1656  152 152 152
3 1655 1656 1657  152 152 152
3 1657 1656 1658  152 152 152
3 1657 1658 1659  152 152 152
3 1659 1658 1660  152 152 152
3 1659 1660 1661  152 152 152
3 1661 1660 1662  152 152 152
3 1661 1662 1663  152 152 152
3 1663 1662 1664  152 152 152
3 1663 1664 1665  152 152 152
3 1665 1664 1666  152 152 152
3 1665 1666 1667  152 152 152
3 1667 1666 1668  152 152 152
3 1667 1668 1669  152 152 152
3 1669 1668 1670  152 152 152
3 1669 1670 1671  152 152 152
3 1671 1670 1672  152 152 152
3 1671 1672 1673  152 152 152
3 1673 1672 1674  152 152 152
3 1673 1674 1675  152 152 152
3 1675 1674 1676  152 152 152
3 1676 1674 1677  152 152 152
3 1676 1677 1678  152 152 152
3 1678 1677 1679  152 152 152
3 1678 1679 1680  152 152 152
3 1680 1679 1681  152 152 152
3 1680 1681 1682  152 152 152
3 1682 1681 1683  152 152 152
3 1682 1683 1684  152 152 152
3 1684 1683 1685  152 152 152
3 1684 1685 1686  152 152 152
3 1686 1685 1687  152 152 152
3 1686 1687 1688  152 152 152
3 1688 1687 1689  152 152 152
3 1689 1687 1690  152 152 152
3 1689 1690 1691  152 152 152
3 1691 1690 1692  152 152 152
3 1691 1692 1693  152 152 152
3 1693 1692 1694  152 152 152
3 1693 1694 1695  152 152 152
3 1695 1694 1696  152 152 152
3 1695 1696 1697  152 152 152
3 1697 1696 1698  152 152 152
3 1697 1698 1699  152 152 152
3 1699 1698 1700  152 152 152
3 1699 1700 1701  152 152 152
3 1701 1700 1702  152 152 152
3 1701 1702 1703  152 152 152
3 1703 1702 1704  152 152 152
3 1704 1702 1705  152 152 152
3 1704 1705 1706  152 152 152
3 1706 1705 1707  152 152 152
3 1706 1707 1708  152 152 152
3 1708 1707 1709  152 152 152
3 1708 1709 1710  152 152 152
3 1710 1709 1711  152 152 152
3 1710 1711 1712  152 152 152
3 1712 1711 1713  152 152 152
3 1712 1713 1714  152 152 152
3 1714 1713 1660  152 152 152
3 1714 1660 1658  152 152 152
3 1673 1675 1715  152 152 152
3 1715 1675 1716  152 152 152
3 1715 1716 1717  152 152 152
3 1717 1716 1718  152 152 152
3 1717 1718 1719  152 152 152
3 1719 1718 1720  152 152 152
3 1719 1720 1721  152 152 152
3 1721 1720 1722  152 152 152
3 1721 1722 1723  152 152 152
3 1723 1722 1724  152 152 152
3 1723 1724 1725  152 152 152
3 1725 1724 1637  152 152 152
3 1725 1637 1638  152 152 152
3 1644 1645 1726  152 152 152
3 1726 1645 1647  152 152 152
3 1726 1647 1727  152 152 152
3 1727 1647 1649  152 152 152
3 1727 1649 1728  152 152 152
3 1728 1649 1651  152 152 152
3 1728 1651 1729  152 152 152
3 1729 1651 1653  152 152 152
3 1729 1653 1730  152 152 152
3 1730 1653 1655  152 152 152
3 1730 1655 1731  152 152 152
3 1731 1655 1657  152 152 152
3 1731 1657 1659  152 152 152
3 1643 1644 1732  152 152 152
3 1732 1644 1726  152 152 152
3 1732 1726 1733  152 152 152
3 1733 1726 1727  152 152 152
3 1733 1727 1734  152 152 152
3 1734 1727 1728  152 152 152
3 1734 1728 1735  152 152 152
3 1735 1728 1729  152 152 152
3 1735 1729 1736  152 152 152
3 1736 1729 1730  152 152 152
3 1736 1730 1737  152 152 152
3 1737 1730 1731  152 152 152
3 1737 1731 1661  152 152 152
3 1661 1731 1659  152 152 152
3 1642 1643 1738  152 152 152
3 1738 1643 1732  152 152 152
3 1738 1732 1739  152 152 152
3 1739 1732 1733  152 152 152
3 1739 1733 1740  152 152 152
3 1740 1733 1734  152 152 152
3 1740 1734 1741  152 152 152
3 1741 1734 1735  152 152 152
3 1741 1735 1742  152 152 152
3 1742 1735 1736  152 152 152
3 1742 1736 1743  152 152 152
3 1743 1736 1737  152 152 152
3 1743 1737 1663  152 152 152
3 1663 1737 1661  152 152 152
3 1641 1642 1744  152 152 152
3 1744 1642 1738  152 152 152
3 1744 1738 1745  152 152 152
3 1745 1738 1739  152 152 152
3 1745 1739 1746  152 152 152
3 1746 1739 1740  152 152 152
3 1746 1740 1747  152 152 152
3 1747 1740 1741  152 152 152
3 1747 1741 1748  152 152 152
3 1748 1741 1742  152 152 152
3 1748 1742 1749  152 152 152
3 1749 1742 1743  152 152 152
3 1749 1743 1665  152 152 152
3 1665 1743 1663  152 152 152
3 1640 1641 1750  152 152 152
3 1750 1641 1744  152 152 152
3 1750 1744 1751  152 152 152
3 1751 1744 1745  152 152 152
3 1751 1745 1752  152 152 152
3 1752 1745 1746  152 152 152
3 1752 1746 1753  152 152 152
3 1753 1746 1747  152 152 152
3 1753 1747 1754  152 152 152
3 1754 1747 1748  152 152 152
3 1754 1748 1755  152 152 152
3 1755 1748 1749  152 152 152
3 1755 1749 1667  152 152 152
3 1667 1749 1665  152 152 152
3 1725 1638 1639  152 152 152
3 1639 1640 1756  152 152 152
3 1756 1640 1750  152 152 152
3 1756 1750 1757  152 152 152
3 1757 1750 1751  152 152 152
3 1757 1751 1758  152 152 152
3 1758 1751 1752  152 152 152
3 1758 1752 1759  152 152 152
3 1759 1752 1753  152 152 152
3 1759 1753 1760  152 152 152
3 1760 1753 1754  152 152 152
3 1760 1754 1761  152 152 152
3 1761 1754 1755  152 152 152
3 1761 1755 1669  152 152 152
3 1669 1755 1667  152 152 152
3 1723 1725 1756  152 152 152
3 1756 1725 1639  152 152 152
3 1723 1756 1757  152 152 152
3 1721 1723 1757  152 152 152
3 1721 1757 1758  152 152 152
3 1719 1721 1758  152 152 152
3 1719 1758 1759  152 152 152
3 1717 1719 1759  152 152 152
3 1717 1759 1760  152 152 152
3 1715 1717 1760  152 152 152
3 1715 1760 1761  152 152 152
3 1669 1671 1761  152 152 152
3 1761 1671 1715  152 152 152
3 1662 1660 1762  152 152 152
3 1762 1660 1713  152 152 152
3 1762 1713 1763  152 152 152
3 1763 1713 1711  152 152 152
3 1763 1711 1764  152 152 152
3 1764 1711 1709  152 152 152
3 1764 1709 1765  152 152 152
3 1765 1709 1707  152 152 152
3 1765 1707 1766  152 152 152
3 1766 1707 1705  152 152 152
3 1766 1705 1700  152 152 152
3 1700 1705 1702  152 152 152
3 1664 1662 1767  152 152 152
3 1767 1662 1762  152 152 152
3 1767 1762 1768  152 152 152
3 1768 1762 1763  152 152 152
3 1768 1763 1769  152 152 152
3 1769 1763 1764  152 152 152
3 1769 1764 1770  152 152 152
3 1770 1764 1765  152 152 152
3 1770 1765 1771  152 152 152
3 1771 1765 1766  152 152 152
3 1771 1766 1698  152 152 152
3 1698 1766 1700  152 152 152
3 1666 1664 1772  152 152 152
3 1772 1664 1767  152 152 152
3 1772 1767 1773  152 152 152
3 1773 1767 1768  152 152 152
3 1773 1768 1774  152 152 152
3 1774 1768 1769  152 152 152
3 1774 1769 1775  152 152 152
3 1775 1769 1770  152 152 152
3 1775 1770 1776  152 152 152
3 1776 1770 1771  152 152 152
3 1776 1771 1696  152 152 152
3 1696 1771 1698  152 152 152
3 1668 1666 1777  152 152 152
3 1777 1666 1772  152 152 152
3 1777 1772 1778  152 152 152
3 1778 1772 1773  152 152 152
3 1778 1773 1779  152 152 152
3 1779 1773 1774  152 152 152
3 1779 1774 1780  152 152 152
3 1780 1774 1775  152 152 152
3 1780 1775 1781  152 152 152
3 1781 1775 1776  152 152 152
3 1781 1776 1694  152 152 152
3 1694 1776 1696  152 152 152
3 1670 1668 1782  152 152 152
3 1782 1668 1777  152 152 152
3 1782 1777 1783  152 152 152
3 1783 1777 1778  152 152 152
3 1783 1778 1784  152 152 152
3 1784 1778 1779  152 152 152
3 1784 1779 1785  152 152 152
3 1785 1779 1780  152 152 152
3 1785 1780 1786  152 152 152
3 1786 1780 1781  152 152 152
3 1786 1781 1692  152 152 152
3 1692 1781 1694  152 152 152
3 1677 1674 1672  152 152 152
3 1672 1670 1787  152 152 152
3 1787 1670 1782  152 152 152
3 1787 1782 1788  152 152 152
3 1788 1782 1783  152 152 152
3 1788 1783 1789  152 152 152
3 1789 1783 1784  152 152 152
3 1789 1784 1790  152 152 152
3 1790 1784 1785  152 152 152
3 1790 1785 1791  152 152 152
3 1791 1785 1786  152 152 152
3 1791 1786 1690  152 152 152
3 1690 1786 1692  152 152 152
3 1715 1671 1673  152 152 152
3 1679 1677 1787  152 152 152
3 1787 1677 1672  152 152 152
3 1679 1787 1788  152 152 152
3 1681 1679 1788  152 152 152
3 1681 1788 1789  152 152 152
3 1683 1681 1789  152 152 152
3 1683 1789 1790  152 152 152
3 1685 1683 1790  152 152 152
3 1685 1790 1791  152 152 152
3 1687 1685 1791  152 152 152
3 1687 1791 1690  152 152 152
3 1703 982 1792  152 152 152
3 1792 982 980  152 152 152
3 1792 980 978  152 152 152
3 1792 978 1793  152 152 152
3 1793 978 976  152 152 152
3 1793 976 1794  152 152 152
3 1794 976 974  152 152 152
3 1794 974 1795  152 152 152
3 1795 974 972  152 152 152
3 1795 972 1796  152 152 152
3 1796 972 970  152 152 152
3 1796 970 1797  152 152 152
3 1797 970 1798  152 152 152
3 1797 1798 1689  152 152 152
3 1689 1798 1688  152 152 152
3 1688 1798 967  152 152 152
3 967 1798 969  152 152 152
3 969 1798 970  152 152 152
3 1689 1691 1797  152 152 152
3 1797 1691 1796  152 152 152
3 1691 1693 1796  152 152 152
3 1796 1693 1795  152 152 152
3 1693 1695 1795  152 152 152
3 1795 1695 1794  152 152 152
3 1695 1697 1794  152 152 152
3 1794 1697 1793  152 152 152
3 1697 1699 1793  152 152 152
3 1793 1699 1701  152 152 152
3 1793 1701 1792  152 152 152
3 1792 1701 1703  152 152 152
3 1799 1800 1801  152 152 152
3 1801 1800 1802  152 152 152
3 1801 1802 1803  152 152 152
3 1803 1802 1804  152 152 152
3 1803 1804 1805  152 152 152
3 1805 1804 1806  152 152 152
3 1805 1806 1807  152 152 152
3 1807 1806 1808  152 152 152
3 1807 1808 1809  152 152 152
3 1809 1808 1810  152 152 152
3 1809 1810 1811  152 152 152
3 1811 1810 1812  152 152 152
3 1811 1812 1813  152 152 152
3 1813 1812 1814  152 152 152
3 1813 1814 1815  152 152 152
3 1815 1814 1816  152 152 152
3 1815 1816 1817  152 152 152
3 1800 1799 1818  152 152 152
3 1818 1799 1819  152 152 152
3 1818 1819 1820  152 152 152
3 1820 1819 1821  152 152 152
3 1820 1821 1822  152 152 152
3 1822 1821 1823  152 152 152
3 1822 1823 1824  152 152 152
3 1824 1823 1825  152 152 152
3 1824 1825 1826  152 152 152
3 1826 1825 1827  152 152 152
3 1826 1827 1828  152 152 152
3 1828 1827 1829  152 152 152
3 1828 1829 1830  152 152 152
3 1830 1829 1831  152 152 152
3 1830 1831 1832  152 152 152
3 1832 1831 1833  152 152 152
3 1832 1833 1834  152 152 152
3 1834 1833 1835  152 152 152
3 1835 1833 1836  152 152 152
3 1835 1836 1837  152 152 152
3 1837 1836 1838  152 152 152
3 1837 1838 1839  152 152 152
3 1839 1838 1840  152 152 152
3 1839 1840 1841  152 152 152
3 1841 1840 1842  152 152 152
3 1841 1842 1843  152 152 152
3 1843 1842 1844  152 152 152
3 1843 1844 1845  152 152 152
3 1845 1844 1846  152 152 152
3 1845 1846 1847  152 152 152
3 1847 1846 1848  152 152 152
3 1847 1848 1849  152 152 152
3 1849 1848 1850  152 152 152
3 1849 1850 1851  152 152 152
3 1851 1850 1852  152 152 152
3 1851 1852 1853  152 152 152
3 1853 1852 1854  152 152 152
3 1853 1854 1855  152 152 152
3 1855 1854 1856  152 152 152
3 1855 1856 1857  152 152 152
3 1857 1856 1858  152 152 152
3 1857 1858 1859  152 152 152
3 1859 1858 1860  152 152 152
3 1859 1860 1861  152 152 152
3 1861 1860 1862  152 152 152
3 1861 1862 1863  152 152 152
3 1863 1862 1864  152 152 152
3 1863 1864 1865  152 152 152
3 1865 1864 1866  152 152 152
3 1865 1866 1867  152 152 152
3 1867 1866 1868  152 152 152
3 1868 1866 1869  152 152 152
3 1868 1869 1870  152 152 152
3 1870 1869 1871  152 152 152
3 1870 1871 1872  152 152 152
3 1872 1871 1873  152 152 152
3 1872 1873 1874  152 152 152
3 1874 1873 1875  152 152 152
3 1874 1875 1876  152 152 152
3 1876 1875 1877  152 152 152
3 1876 1877 1878  152 152 152
3 1878 1877 1879  152 152 152
3 1878 1879 1880  152 152 152
3 1880 1879 1881  152 152 152
3 1880 1881 1882  152 152 152
3 1882 1881 1883  152 152 152
3 1882 1883 1884  152 152 152
3 1884 1883 1885  152 152 152
3 1884 1885 1886  152 152 152
3 1886 1885 1887  152 152 152
3 1886 1887 1888  152 152 152
3 1888 1887 1889  152 152 152
3 1888 1889 1890  152 152 152
3 1890 1889 1891  152 152 152
3 1890 1891 1892  152 152 152
3 1892 1891 1893  152 152 152
3 1892 1893 1894  152 152 152
3 1894 1893 1895  152 152 152
3 1894 1895 1896  152 152 152
3 1896 1895 1897  152 152 152
3 1896 1897 1898  152 152 152
3 1898 1897 1899  152 152 152
3 1898 1899 1900  152 152 152
3 1900 1899 1901  152 152 152
3 1901 1899 1902  152 152 152
3 1901 1902 1903  152 152 152
3 1903 1902 1904  152 152 152
3 1903 1904 1905  152 152 152
3 1905 1904 1906  152 152 152
3 1905 1906 1907  152 152 152
3 1907 1906 1908  152 152 152
3 1907 1908 1909  152 152 152
3 1909 1908 1910  152 152 152
3 1909 1910 1911  152 152 152
3 1911 1910 1912  152 152 152
3 1911 1912 1913  152 152 152
3 1913 1912 1914  152 152 152
3 1913 1914 1915  152 152 152
3 1915 1914 1916  152 152 152
3 1915 1916 1917  152 152 152
3 1917 1916 1918  152 152 152
3 1917 1918 1919  152 152 152
3 1919 1918 1920  152 152 152
3 1919 1920 1921  152 152 152
3 1921 1920 1922  152 152 152
3 1921 1922 1923  152 152 152
3 1923 1922 1924  152 152 152
3 1923 1924 1925  152 152 152
3 1925 1924 1926  152 152 152
3 1925 1926 1927  152 152 152
3 1927 1926 1928  152 152 152
3 1927 1928 1929  152 152 152
3 1929 1928 1930  152 152 152
3 1929 1930 1931  152 152 152
3 1931 1930 1932  152 152 152
3 1931 1932 1933  152 152 152
3 1933 1932 1934  152 152 152
3 1934 1932 1935  152 152 152
3 1934 1935 1936  152 152 152
3 1936 1935 1937  152 152 152
3 1936 1937 1938  152 152 152
3 1938 1937 1939  152 152 152
3 1938 1939 1940  152 152 152
3 1940 1939 1941  152 152 152
3 1940 1941 1942  152 152 152
3 1942 1941 1943  152 152 152
3 1942 1943 1944  152 152 152
3 1944 1943 1945  152 152 152
3 1944 1945 1946  152 152 152
3 1946 1945 1947  152 152 152
3 1946 1947 1948  152 152 152
3 1948 1947 1949  152 152 152
3 1948 1949 1950  152 152 152
3 1950 1949 1951  152 152 152
3 1950 1951 1952  152 152 152
3 1952 1951 1953  152 152 152
3 1952 1953 1954  152 152 152
3 1954 1953 1955  152 152 152
3 1954 1955 1956  152 152 152
3 1956 1955 1957  152 152 152
3 1956 1957 1958  152 152 152
3 1958 1957 1959  152 152 152
3 1958 1959 1960  152 152 152
3 1960 1959 1961  152 152 152
3 1960 1961 1962  152 152 152
3 1962 1961 1963  152 152 152
3 1962 1963 1964  152 152 152
3 1964 1963 1965  152 152 152
3 1964 1965 1966  152 152 152
3 1966 1965 1967  152 152 152
3 1967 1965 1968  152 152 152
3 1967 1968 1969  152 152 152
3 1969 1968 1970  152 152 152
3 1969 1970 1971  152 152 152
3 1971 1970 1972  152 152 152
3 1971 1972 1973  152 152 152
3 1973 1972 1974  152 152 152
3 1973 1974 1975  152 152 152
3 1975 1974 1976  152 152 152
3 1975 1976 1977  152 152 152
3 1977 1976 1978  152 152 152
3 1977 1978 1979  152 152 152
3 1979 1978 1980  152 152 152
3 1979 1980 1981  152 152 152
3 1981 1980 1982  152 152 152
3 1981 1982 1983  152 152 152
3 1983 1982 1984  152 152 152
3 1983 1984 1985  152 152 152
3 1985 1984 1986  152 152 152
3 1985 1986 1987  152 152 152
3 1987 1986 1988  152 152 152
3 1987 1988 1989  152 152 152
3 1989 1988 1990  152 152 152
3 1989 1990 1991  152 152 152
3 1991 1990 1992  152 152 152
3 1991 1992 1993  152 152 152
3 1993 1992 1811  152 152 152
3 1993 1811 1813  152 152 152
3 1819 1994 1821  152 152 152
3 1821 1994 1995  152 152 152
3 1821 1995 1823  152 152 152
3 1823 1995 1996  152 152 152
3 1823 1996 1825  152 152 152
3 1825 1996 1997  152 152 152
3 1825 1997 1827  152 152 152
3 1827 1997 1998  152 152 152
3 1827 1998 1829  152 152 152
3 1829 1998 1999  152 152 152
3 1829 1999 1831  152 152 152
3 1831 1999 2000  152 152 152
3 1831 2000 1833  152 152 152
3 1833 2000 1836  152 152 152
3 1995 1994 2001  152 152 152
3 2001 1994 2002  152 152 152
3 2001 2002 2003  152 152 152
3 2003 2002 2004  152 152 152
3 2003 2004 2005  152 152 152
3 2005 2004 2006  152 152 152
3 2005 2006 2007  152 152 152
3 2007 2006 2008  152 152 152
3 2007 2008 2009  152 152 152
3 2009 2008 1842  152 152 152
3 2009 1842 1840  152 152 152
3 2002 2010 2004  152 152 152
3 2004 2010 2011  152 152 152
3 2004 2011 2006  152 152 152
3 2006 2011 2012  152 152 152
3 2006 2012 2008  152 152 152
3 2008 2012 1844  152 152 152
3 2008 1844 1842  152 152 152
3 2011 2010 2013  152 152 152
3 2013 2010 2014  152 152 152
3 2013 2014 1848  152 152 152
3 1848 2014 1850  152 152 152
3 1852 2015 1854  152 152 152
3 1854 2015 2016  152 152 152
3 1854 2016 1856  152 152 152
3 1856 2016 2017  152 152 152
3 1856 2017 1858  152 152 152
3 1858 2017 2018  152 152 152
3 1858 2018 1860  152 152 152
3 1860 2018 2019  152 152 152
3 1860 2019 1862  152 152 152
3 1862 2019 2020  152 152 152
3 1862 2020 1864  152 152 152
3 1864 2020 2021  152 152 152
3 1864 2021 1866  152 152 152
3 1866 2021 1869  152 152 152
3 2016 2015 2022  152 152 152
3 2022 2015 2023  152 152 152
3 2022 2023 2024  152 152 152
3 2024 2023 2025  152 152 152
3 2024 2025 2026  152 152 152
3 2026 2025 2027  152 152 152
3 2026 2027 2028  152 152 152
3 2028 2027 2029  152 152 152
3 2028 2029 2030  152 152 152
3 2030 2029 1875  152 152 152
3 2030 1875 1873  152 152 152
3 2023 2031 2025  152 152 152
3 2025 2031 2032  152 152 152
3 2025 2032 2027  152 152 152
3 2027 2032 2033  152 152 152
3 2027 2033 2029  152 152 152
3 2029 2033 1877  152 152 152
3 2029 1877 1875  152 152 152
3 2032 2031 2034  152 152 152
3 2034 2031 2035  152 152 152
3 2034 2035 1881  152 152 152
3 1881 2035 1883  152 152 152
3 1885 2036 1887  152 152 152
3 1887 2036 2037  152 152 152
3 1887 2037 1889  152 152 152
3 1889 2037 2038  152 152 152
3 1889 2038 1891  152 152 152
3 1891 2038 2039  152 152 152
3 1891 2039 1893  152 152 152
3 1893 2039 2040  152 152 152
3 1893 2040 1895  152 152 152
3 1895 2040 2041  152 152 152
3 1895 2041 1897  152 152 152
3 1897 2041 2042  152 152 152
3 1897 2042 1899  152 152 152
3 1899 2042 1902  152 152 152
3 2037 2036 2043  152 152 152
3 2043 2036 2044  152 152 152
3 2043 2044 2045  152 152 152
3 2045 2044 2046  152 152 152
3 2045 2046 2047  152 152 152
3 2047 2046 2048  152 152 152
3 2047 2048 2049  152 152 152
3 2049 2048 2050  152 152 152
3 2049 2050 2051  152 152 152
3 2051 2050 1908  152 152 152
3 2051 1908 1906  152 152 152
3 2044 2052 2046  152 152 152
3 2046 2052 2053  152 152 152
3 2046 2053 2048  152 152 152
3 2048 2053 2054  152 152 152
3 2048 2054 2050  152 152 152
3 2050 2054 1910  152 152 152
3 2050 1910 1908  152 152 152
3 2053 2052 2055  152 152 152
3 2055 2052 2056  152 152 152
3 2055 2056 1914  152 152 152
3 1914 2056 1916  152 152 152
3 1918 2057 1920  152 152 152
3 1920 2057 2058  152 152 152
3 1920 2058 1922  152 152 152
3 1922 2058 2059  152 152 152
3 1922 2059 1924  152 152 152
3 1924 2059 2060  152 152 152
3 1924 2060 1926  152 152 152
3 1926 2060 2061  152 152 152
3 1926 2061 1928  152 152 152
3 1928 2061 2062  152 152 152
3 1928 2062 1930  152 152 152
3 1930 2062 2063  152 152 152
3 1930 2063 1932  152 152 152
3 1932 2063 1935  152 152 152
3 2058 2057 2064  152 152 152
3 2064 2057 2065  152 152 152
3 2064 2065 2066  152 152 152
3 2066 2065 2067  152 152 152
3 2066 2067 2068  152 152 152
3 2068 2067 2069  152 152 152
3 2068 2069 2070  152 152 152
3 2070 2069 2071  152 152 152
3 2070 2071 2072  152 152 152
3 2072 2071 1941  152 152 152
3 2072 1941 1939  152 152 152
3 2065 2073 2067  152 152 152
3 2067 2073 2074  152 152 152
3 2067 2074 2069  152 152 152
3 2069 2074 2075  152 152 152
3 2069 2075 2071  152 152 152
3 2071 2075 1943  152 152 152
3 2071 1943 1941  152 152 152
3 2074 2073 2076  152 152 152
3 2076 2073 2077  152 152 152
3 2076 2077 1947  152 152 152
3 1947 2077 1949  152 152 152
3 1951 2078 1953  152 152 152
3 1953 2078 2079  152 152 152
3 1953 2079 1955  152 152 152
3 1955 2079 2080  152 152 152
3 1955 2080 1957  152 152 152
3 1957 2080 2081  152 152 152
3 1957 2081 1959  152 152 152
3 1959 2081 2082  152 152 152
3 1959 2082 1961  152 152 152
3 1961 2082 2083  152 152 152
3 1961 2083 1963  152 152 152
3 1963 2083 2084  152 152 152
3 1963 2084 1965  152 152 152
3 1965 2084 1968  152 152 152
3 2079 2078 2085  152 152 152
3 2085 2078 2086  152 152 152
3 2085 2086 2087  152 152 152
3 2087 2086 2088  152 152 152
3 2087 2088 2089  152 152 152
3 2089 2088 2090  152 152 152
3 2089 2090 2091  152 152 152
3 2091 2090 2092  152 152 152
3 2091 2092 2093  152 152 152
3 2093 2092 1974  152 152 152
3 2093 1974 1972  152 152 152
3 2086 2094 2088  152 152 152
3 2088 2094 2095  152 152 152
3 2088 2095 2090  152 152 152
3 2090 2095 2096  152 152 152
3 2090 2096 2092  152 152 152
3 2092 2096 1976  152 152 152
3 2092 1976 1974  152 152 152
3 2095 2094 2097  152 152 152
3 2097 2094 2098  152 152 152
3 2097 2098 1980  152 152 152
3 1980 2098 1982  152 152 152
3 1984 2099 1986  152 152 152
3 1986 2099 2100  152 152 152
3 1986 2100 1988  152 152 152
3 1988 2100 2101  152 152 152
3 1988 2101 1990  152 152 152
3 1990 2101 2102  152 152 152
3 1990 2102 1992  152 152 152
3 1992 2102 1809  152 152 152
3 1992 1809 1811  152 152 152
3 2100 2099 2103  152 152 152
3 2103 2099 2104  152 152 152
3 2103 2104 2105  152 152 152
3 2105 2104 1803  152 152 152
3 2105 1803 1805  152 152 152
3 2104 1801 1803  152 152 152
3 1815 1817 2106  152 152 152
3 2106 1817 2107  152 152 152
3 2106 2107 2108  152 152 152
3 2108 2107 2109  152 152 152
3 2108 2109 2110  152 152 152
3 2110 2109 2111  152 152 152
3 2110 2111 2112  152 152 152
3 2112 2111 2113  152 152 152
3 2112 2113 2114  152 152 152
3 2114 2113 2115  152 152 152
3 2114 2115 2116  152 152 152
3 2116 2115 1977  152 152 152
3 2116 1977 1979  152 152 152
3 2107 2117 2109  152 152 152
3 2109 2117 2118  152 152 152
3 2109 2118 2111  152 152 152
3 2111 2118 2119  152 152 152
3 2111 2119 2113  152 152 152
3 2113 2119 2120  152 152 152
3 2113 2120 2115  152 152 152
3 2115 2120 1975  152 152 152
3 2115 1975 1977  152 152 152
3 2118 2117 2121  152 152 152
3 2121 2117 2122  152 152 152
3 2121 2122 2123  152 152 152
3 2123 2122 1969  152 152 152
3 2123 1969 1971  152 152 152
3 2122 1967 1969  152 152 152
3 1966 2124 1964  152 152 152
3 1964 2124 2125  152 152 152
3 1964 2125 1962  152 152 152
3 1962 2125 2126  152 152 152
3 1962 2126 1960  152 152 152
3 1960 2126 2127  152 152 152
3 1960 2127 1958  152 152 152
3 1958 2127 2128  152 152 152
3 1958 2128 1956  152 152 152
3 1956 2128 2129  152 152 152
3 1956 2129 1954  152 152 152
3 1954 2129 2130  152 152 152
3 1954 2130 1952  152 152 152
3 1952 2130 1950  152 152 152
3 2125 2124 2131  152 152 152
3 2131 2124 2132  152 152 152
3 2131 2132 2133  152 152 152
3 2133 2132 2134  152 152 152
3 2133 2134 2135  152 152 152
3 2135 2134 2136  152 152 152
3 2135 2136 2137  152 152 152
3 2137 2136 2138  152 152 152
3 2137 2138 2139  152 152 152
3 2139 2138 2140  152 152 152
3 2139 2140 2141  152 152 152
3 2141 2140 1944  152 152 152
3 2141 1944 1946  152 152 152
3 2132 2142 2134  152 152 152
3 2134 2142 2143  152 152 152
3 2134 2143 2136  152 152 152
3 2136 2143 2144  152 152 152
3 2136 2144 2138  152 152 152
3 2138 2144 2145  152 152 152
3 2138 2145 2140  152 152 152
3 2140 2145 1942  152 152 152
3 2140 1942 1944  152 152 152
3 2143 2142 2146  152 152 152
3 2146 2142 2147  152 152 152
3 2146 2147 2148  152 152 152
3 2148 2147 1936  152 152 152
3 2148 1936 1938  152 152 152
3 2147 1934 1936  152 152 152
3 1933 2149 1931  152 152 152
3 1931 2149 2150  152 152 152
3 1931 2150 1929  152 152 152
3 1929 2150 2151  152 152 152
3 1929 2151 1927  152 152 152
3 1927 2151 2152  152 152 152
3 1927 2152 1925  152 152 152
3 1925 2152 2153  152 152 152
3 1925 2153 1923  152 152 152
3 1923 2153 2154  152 152 152
3 1923 2154 1921  152 152 152
3 1921 2154 2155  152 152 152
3 1921 2155 1919  152 152 152
3 1919 2155 1917  152 152 152
3 2150 2149 2156  152 152 152
3 2156 2149 2157  152 152 152
3 2156 2157 2158  152 152 152
3 2158 2157 2159  152 152 152
3 2158 2159 2160  152 152 152
3 2160 2159 2161  152 152 152
3 2160 2161 2162  152 152 152
3 2162 2161 2163  152 152 152
3 2162 2163 2164  152 152 152
3 2164 2163 2165  152 152 152
3 2164 2165 2166  152 152 152
3 2166 2165 1911  152 152 152
3 2166 1911 1913  152 152 152
3 2157 2167 2159  152 152 152
3 2159 2167 2168  152 152 152
3 2159 2168 2161  152 152 152
3 2161 2168 2169  152 152 152
3 2161 2169 2163  152 152 152
3 2163 2169 2170  152 152 152
3 2163 2170 2165  152 152 152
3 2165 2170 1909  152 152 152
3 2165 1909 1911  152 152 152
3 2168 2167 2171  152 152 152
3 2171 2167 2172  152 152 152
3 2171 2172 2173  152 152 152
3 2173 2172 1903  152 152 152
3 2173 1903 1905  152 152 152
3 2172 1901 1903  152 152 152
3 1900 2174 1898  152 152 152
3 1898 2174 2175  152 152 152
3 1898 2175 1896  152 152 152
3 1896 2175 2176  152 152 152
3 1896 2176 1894  152 152 152
3 1894 2176 2177  152 152 152
3 1894 2177 1892  152 152 152
3 1892 2177 2178  152 152 152
3 1892 2178 1890  152 152 152
3 1890 2178 2179  152 152 152
3 1890 2179 1888  152 152 152
3 1888 2179 2180  152 152 152
3 1888 2180 1886  152 152 152
3 1886 2180 1884  152 152 152
3 2175 2174 2181  152 152 152
3 2181 2174 2182  152 152 152
3 2181 2182 2183  152 152 152
3 2183 2182 2184  152 152 152
3 2183 2184 2185  152 152 152
3 2185 2184 2186  152 152 152
3 2185 2186 2187  152 152 152
3 2187 2186 2188  152 152 152
3 2187 2188 2189  152 152 152
3 2189 2188 2190  152 152 152
3 2189 2190 2191  152 152 152
3 2191 2190 1878  152 152 152
3 2191 1878 1880  152 152 152
3 2182 2192 2184  152 152 152
3 2184 2192 2193  152 152 152
3 2184 2193 2186  152 152 152
3 2186 2193 2194  152 152 152
3 2186 2194 2188  152 152 152
3 2188 2194 2195  152 152 152
3 2188 2195 2190  152 152 152
3 2190 2195 1876  152 152 152
3 2190 1876 1878  152 152 152
3 2193 2192 2196  152 152 152
3 2196 2192 2197  152 152 152
3 2196 2197 2198  152 152 152
3 2198 2197 1870  152 152 152
3 2198 1870 1872  152 152 152
3 2197 1868 1870  152 152 152
3 1867 2199 1865  152 152 152
3 1865 2199 2200  152 152 152
3 1865 2200 1863  152 152 152
3 1863 2200 2201  152 152 152
3 1863 2201 1861  152 152 152
3 1861 2201 2202  152 152 152
3 1861 2202 1859  152 152 152
3 1859 2202 2203  152 152 152
3 1859 2203 1857  152 152 152
3 1857 2203 2204  152 152 152
3 1857 2204 1855  152 152 152
3 1855 2204 2205  152 152 152
3 1855 2205 1853  152 152 152
3 1853 2205 1851  152 152 152
3 2200 2199 2206  152 152 152
3 2206 2199 2207  152 152 152
3 2206 2207 2208  152 152 152
3 2208 2207 2209  152 152 152
3 2208 2209 2210  152 152 152
3 2210 2209 2211  152 152 152
3 2210 2211 2212  152 152 152
3 2212 2211 2213  152 152 152
3 2212 2213 2214  152 152 152
3 2214 2213 2215  152 152 152
3 2214 2215 2216  152 152 152
3 2216 2215 1845  152 152 152
3 2216 1845 1847  152 152 152
3 2207 2217 2209  152 152 152
3 2209 2217 2218  152 152 152
3 2209 2218 2211  152 152 152
3 2211 2218 2219  152 152 152
3 2211 2219 2213  152 152 152
3 2213 2219 2220  152 152 152
3 2213 2220 2215  152 152 152
3 2215 2220 1843  152 152 152
3 2215 1843 1845  152 152 152
3 2218 2217 2221  152 152 152
3 2221 2217 2222  152 152 152
3 2221 2222 2223  152 152 152
3 2223 2222 1837  152 152 152
3 2223 1837 1839  152 152 152
3 2222 1835 1837  152 152 152
3 1834 2224 1832  152 152 152
3 1832 2224 2225  152 152 152
3 1832 2225 1830  152 152 152
3 1830 2225 2226  152 152 152
3 1830 2226 1828  152 152 152
3 1828 2226 2227  152 152 152
3 1828 2227 1826  152 152 152
3 1826 2227 2228  152 152 152
3 1826 2228 1824  152 152 152
3 1824 2228 2229  152 152 152
3 1824 2229 1822  152 152 152
3 1822 2229 2230  152 152 152
3 1822 2230 1820  152 152 152
3 1820 2230 1818  152 152 152
3 2225 2224 2231  152 152 152
3 2231 2224 2232  152 152 152
3 2231 2232 2233  152 152 152
3 2233 2232 2234  152 152 152
3 2233 2234 2235  152 152 152
3 2235 2234 2236  152 152 152
3 2235 2236 2237  152 152 152
3 2237 2236 2238  152 152 152
3 2237 2238 2239  152 152 152
3 2239 2238 2240  152 152 152
3 2239 2240 2241  152 152 152
3 2241 2240 2242  152 152 152
3 2241 2242 2243  152 152 152
3 2243 2242 1804  152 152 152
3 2243 1804 1802  152 152 152
3 2232 2244 2234  152 152 152
3 2234 2244 2245  152 152 152
3 2234 2245 2236  152 152 152
3 2236 2245 2246  152 152 152
3 2236 2246 2238  152 152 152
3 2238 2246 2247  152 152 152
3 2238 2247 2240  152 152 152
3 2240 2247 2248  152 152 152
3 2240 2248 2242  152 152 152
3 2242 2248 1806  152 152 152
3 2242 1806 1804  152 152 152
3 2245 2244 2249  152 152 152
3 2249 2244 2250  152 152 152
3 2249 2250 2251  152 152 152
3 2251 2250 2252  152 152 152
3 2251 2252 2253  152 152 152
3 2253 2252 1812  152 152 152
3 2253 1812 1810  152 152 152
3 2250 1816 2252  152 152 152
3 2252 1816 1814  152 152 152
3 2252 1814 1812  152 152 152
3 1806 2248 1808  152 152 152
3 1808 2248 2254  152 152 152
3 1808 2254 1810  152 152 152
3 1810 2254 2253  152 152 152
3 1807 1809 2102  152 152 152
3 1991 2255 1989  152 152 152
3 1989 2255 2256  152 152 152
3 1989 2256 1987  152 152 152
3 1987 2256 2257  152 152 152
3 1987 2257 1985  152 152 152
3 1985 2257 1983  152 152 152
3 2255 2258 2256  152 152 152
3 2256 2258 2259  152 152 152
3 2256 2259 2257  152 152 152
3 2257 2259 2260  152 152 152
3 2257 2260 1983  152 152 152
3 1983 2260 1981  152 152 152
3 2255 1991 2261  152 152 152
3 2261 1991 1993  152 152 152
3 2261 1993 2262  152 152 152
3 2262 1993 1813  152 152 152
3 2262 1813 1815  152 152 152
3 2258 2114 2259  152 152 152
3 2259 2114 2116  152 152 152
3 2259 2116 2260  152 152 152
3 2260 2116 1979  152 152 152
3 2260 1979 1981  152 152 152
3 2258 2255 2263  152 152 152
3 2263 2255 2261  152 152 152
3 2263 2261 2264  152 152 152
3 2264 2261 2262  152 152 152
3 2264 2262 2106  152 152 152
3 2106 2262 1815  152 152 152
3 2114 2258 2112  152 152 152
3 2112 2258 2263  152 152 152
3 2112 2263 2110  152 152 152
3 2110 2263 2264  152 152 152
3 2110 2264 2108  152 152 152
3 2108 2264 2106  152 152 152
3 1973 1975 2120  152 152 152
3 2093 2265 2091  152 152 152
3 2091 2265 2266  152 152 152
3 2091 2266 2089  152 152 152
3 2089 2266 2267  152 152 152
3 2089 2267 2087  152 152 152
3 2087 2267 2085  152 152 152
3 2265 2082 2266  152 152 152
3 2266 2082 2081  152 152 152
3 2266 2081 2267  152 152 152
3 2267 2081 2080  152 152 152
3 2267 2080 2085  152 152 152
3 2085 2080 2079  152 152 152
3 2265 2093 2268  152 152 152
3 2268 2093 1972  152 152 152
3 2268 1972 1970  152 152 152
3 2082 2265 2083  152 152 152
3 2083 2265 2268  152 152 152
3 2083 2268 2084  152 152 152
3 2084 2268 1970  152 152 152
3 2084 1970 1968  152 152 152
3 2128 2269 2129  152 152 152
3 2129 2269 2270  152 152 152
3 2129 2270 2130  152 152 152
3 2130 2270 2271  152 152 152
3 2130 2271 1950  152 152 152
3 1950 2271 1948  152 152 152
3 2269 2139 2270  152 152 152
3 2270 2139 2141  152 152 152
3 2270 2141 2271  152 152 152
3 2271 2141 1946  152 152 152
3 2271 1946 1948  152 152 152
3 2269 2128 2272  152 152 152
3 2272 2128 2127  152 152 152
3 2272 2127 2273  152 152 152
3 2273 2127 2126  152 152 152
3 2273 2126 2131  152 152 152
3 2131 2126 2125  152 152 152
3 2139 2269 2137  152 152 152
3 2137 2269 2272  152 152 152
3 2137 2272 2135  152 152 152
3 2135 2272 2273  152 152 152
3 2135 2273 2133  152 152 152
3 2133 2273 2131  152 152 152
3 1940 1942 2145  152 152 152
3 2072 2274 2070  152 152 152
3 2070 2274 2275  152 152 152
3 2070 2275 2068  152 152 152
3 2068 2275 2276  152 152 152
3 2068 2276 2066  152 152 152
3 2066 2276 2064  152 152 152
3 2274 2061 2275  152 152 152
3 2275 2061 2060  152 152 152
3 2275 2060 2276  152 152 152
3 2276 2060 2059  152 152 152
3 2276 2059 2064  152 152 152
3 2064 2059 2058  152 152 152
3 2274 2072 2277  152 152 152
3 2277 2072 1939  152 152 152
3 2277 1939 1937  152 152 152
3 2061 2274 2062  152 152 152
3 2062 2274 2277  152 152 152
3 2062 2277 2063  152 152 152
3 2063 2277 1937  152 152 152
3 2063 1937 1935  152 152 152
3 2153 2278 2154  152 152 152
3 2154 2278 2279  152 152 152
3 2154 2279 2155  152 152 152
3 2155 2279 2280  152 152 152
3 2155 2280 1917  152 152 152
3 1917 2280 1915  152 152 152
3 2278 2164 2279  152 152 152
3 2279 2164 2166  152 152 152
3 2279 2166 2280  152 152 152
3 2280 2166 1913  152 152 152
3 2280 1913 1915  152 152 152
3 2278 2153 2281  152 152 152
3 2281 2153 2152  152 152 152
3 2281 2152 2282  152 152 152
3 2282 2152 2151  152 152 152
3 2282 2151 2156  152 152 152
3 2156 2151 2150  152 152 152
3 2164 2278 2162  152 152 152
3 2162 2278 2281  152 152 152
3 2162 2281 2160  152 152 152
3 2160 2281 2282  152 152 152
3 2160 2282 2158  152 152 152
3 2158 2282 2156  152 152 152
3 1907 1909 2170  152 152 152
3 2051 2283 2049  152 152 152
3 2049 2283 2284  152 152 152
3 2049 2284 2047  152 152 152
3 2047 2284 2285  152 152 152
3 2047 2285 2045  152 152 152
3 2045 2285 2043  152 152 152
3 2283 2040 2284  152 152 152
3 2284 2040 2039  152 152 152
3 2284 2039 2285  152 152 152
3 2285 2039 2038  152 152 152
3 2285 2038 2043  152 152 152
3 2043 2038 2037  152 152 152
3 2283 2051 2286  152 152 152
3 2286 2051 1906  152 152 152
3 2286 1906 1904  152 152 152
3 2040 2283 2041  152 152 152
3 2041 2283 2286  152 152 152
3 2041 2286 2042  152 152 152
3 2042 2286 1904  152 152 152
3 2042 1904 1902  152 152 152
3 2178 2287 2179  152 152 152
3 2179 2287 2288  152 152 152
3 2179 2288 2180  152 152 152
3 2180 2288 2289  152 152 152
3 2180 2289 1884  152 152 152
3 1884 2289 1882  152 152 152
3 2287 2189 2288  152 152 152
3 2288 2189 2191  152 152 152
3 2288 2191 2289  152 152 152
3 2289 2191 1880  152 152 152
3 2289 1880 1882  152 152 152
3 2287 2178 2290  152 152 152
3 2290 2178 2177  152 152 152
3 2290 2177 2291  152 152 152
3 2291 2177 2176  152 152 152
3 2291 2176 2181  152 152 152
3 2181 2176 2175  152 152 152
3 2189 2287 2187  152 152 152
3 2187 2287 2290  152 152 152
3 2187 2290 2185  152 152 152
3 2185 2290 2291  152 152 152
3 2185 2291 2183  152 152 152
3 2183 2291 2181  152 152 152
3 1874 1876 2195  152 152 152
3 2030 2292 2028  152 152 152
3 2028 2292 2293  152 152 152
3 2028 2293 2026  152 152 152
3 2026 2293 2294  152 152 152
3 2026 2294 2024  152 152 152
3 2024 2294 2022  152 152 152
3 2292 2019 2293  152 152 152
3 2293 2019 2018  152 152 152
3 2293 2018 2294  152 152 152
3 2294 2018 2017  152 152 152
3 2294 2017 2022  152 152 152
3 2022 2017 2016  152 152 152
3 2292 2030 2295  152 152 152
3 2295 2030 1873  152 152 152
3 2295 1873 1871  152 152 152
3 2019 2292 2020  152 152 152
3 2020 2292 2295  152 152 152
3 2020 2295 2021  152 152 152
3 2021 2295 1871  152 152 152
3 2021 1871 1869  152 152 152
3 2203 2296 2204  152 152 152
3 2204 2296 2297  152 152 152
3 2204 2297 2205  152 152 152
3 2205 2297 2298  152 152 152
3 2205 2298 1851  152 152 152
3 1851 2298 1849  152 152 152
3 2296 2214 2297  152 152 152
3 2297 2214 2216  152 152 152
3 2297 2216 2298  152 152 152
3 2298 2216 1847  152 152 152
3 2298 1847 1849  152 152 152
3 2296 2203 2299  152 152 152
3 2299 2203 2202  152 152 152
3 2299 2202 2300  152 152 152
3 2300 2202 2201  152 152 152
3 2300 2201 2206  152 152 152
3 2206 2201 2200  152 152 152
3 2214 2296 2212  152 152 152
3 2212 2296 2299  152 152 152
3 2212 2299 2210  152 152 152
3 2210 2299 2300  152 152 152
3 2210 2300 2208  152 152 152
3 2208 2300 2206  152 152 152
3 1841 1843 2220  152 152 152
3 2009 2301 2007  152 152 152
3 2007 2301 2302  152 152 152
3 2007 2302 2005  152 152 152
3 2005 2302 2303  152 152 152
3 2005 2303 2003  152 152 152
3 2003 2303 2001  152 152 152
3 2301 1998 2302  152 152 152
3 2302 1998 1997  152 152 152
3 2302 1997 2303  152 152 152
3 2303 1997 1996  152 152 152
3 2303 1996 2001  152 152 152
3 2001 1996 1995  152 152 152
3 2301 2009 2304  152 152 152
3 2304 2009 1840  152 152 152
3 2304 1840 1838  152 152 152
3 1998 2301 1999  152 152 152
3 1999 2301 2304  152 152 152
3 1999 2304 2000  152 152 152
3 2000 2304 1838  152 152 152
3 2000 1838 1836  152 152 152
3 2228 2305 2229  152 152 152
3 2229 2305 2306  152 152 152
3 2229 2306 2230  152 152 152
3 2230 2306 2307  152 152 152
3 2230 2307 1818  152 152 152
3 1818 2307 1800  152 152 152
3 2305 2239 2306  152 152 152
3 2306 2239 2241  152 152 152
3 2306 2241 2307  152 152 152
3 2307 2241 2243  152 152 152
3 2307 2243 1800  152 152 152
3 1800 2243 1802  152 152 152
3 2305 2228 2308  152 152 152
3 2308 2228 2227  152 152 152
3 2308 2227 2309  152 152 152
3 2309 2227 2226  152 152 152
3 2309 2226 2231  152 152 152
3 2231 2226 2225  152 152 152
3 2239 2305 2237  152 152 152
3 2237 2305 2308  152 152 152
3 2237 2308 2235  152 152 152
3 2235 2308 2309  152 152 152
3 2235 2309 2233  152 152 152
3 2233 2309 2231  152 152 152
3 2254 2248 2247  152 152 152
3 2011 2013 2012  152 152 152
3 2012 2013 1846  152 152 152
3 2012 1846 1844  152 152 152
3 1848 1846 2013  152 152 152
3 2032 2034 2033  152 152 152
3 2033 2034 1879  152 152 152
3 2033 1879 1877  152 152 152
3 1881 1879 2034  152 152 152
3 2053 2055 2054  152 152 152
3 2054 2055 1912  152 152 152
3 2054 1912 1910  152 152 152
3 1914 1912 2055  152 152 152
3 2074 2076 2075  152 152 152
3 2075 2076 1945  152 152 152
3 2075 1945 1943  152 152 152
3 1947 1945 2076  152 152 152
3 2095 2097 2096  152 152 152
3 2096 2097 1978  152 152 152
3 2096 1978 1976  152 152 152
3 1980 1978 2097  152 152 152
3 2100 2103 2101  152 152 152
3 2101 2103 2310  152 152 152
3 2101 2310 2102  152 152 152
3 2102 2310 1807  152 152 152
3 2105 1805 2310  152 152 152
3 2310 1805 1807  152 152 152
3 2103 2105 2310  152 152 152
3 2118 2121 2119  152 152 152
3 2119 2121 2311  152 152 152
3 2119 2311 2120  152 152 152
3 2120 2311 1973  152 152 152
3 2123 1971 2311  152 152 152
3 2311 1971 1973  152 152 152
3 2121 2123 2311  152 152 152
3 2143 2146 2144  152 152 152
3 2144 2146 2312  152 152 152
3 2144 2312 2145  152 152 152
3 2145 2312 1940  152 152 152
3 2148 1938 2312  152 152 152
3 2312 1938 1940  152 152 152
3 2146 2148 2312  152 152 152
3 2168 2171 2169  152 152 152
3 2169 2171 2313  152 152 152
3 2169 2313 2170  152 152 152
3 2170 2313 1907  152 152 152
3 2173 1905 2313  152 152 152
3 2313 1905 1907  152 152 152
3 2171 2173 2313  152 152 152
3 2193 2196 2194  152 152 152
3 2194 2196 2314  152 152 152
3 2194 2314 2195  152 152 152
3 2195 2314 1874  152 152 152
3 2198 1872 2314  152 152 152
3 2314 1872 1874  152 152 152
3 2196 2198 2314  152 152 152
3 2218 2221 2219  152 152 152
3 2219 2221 2315  152 152 152
3 2219 2315 2220  152 152 152
3 2220 2315 1841  152 152 152
3 2223 1839 2315  152 152 152
3 2315 1839 1841  152 152 152
3 2221 2223 2315  152 152 152
3 2245 2249 2246  152 152 152
3 2246 2249 2316  152 152 152
3 2246 2316 2247  152 152 152
3 2247 2316 2254  152 152 152
3 2251 2253 2316  152 152 152
3 2316 2253 2254  152 152 152
3 2249 2251 2316  152 152 152
3 2317 2318 1816  152 152 152
3 1816 2318 2319  152 152 152
3 1816 2319 1817  152 152 152
3 1817 2319 2320  152 152 152
3 1817 2320 2107  152 152 152
3 2107 2320 2321  152 152 152
3 2107 2321 2117  152 152 152
3 2117 2321 2322  152 152 152
3 2117 2322 2122  152 152 152
3 2122 2322 2323  152 152 152
3 2122 2323 1967  152 152 152
3 1967 2323 2324  152 152 152
3 1967 2324 1966  152 152 152
3 1966 2324 2325  152 152 152
3 1966 2325 2124  152 152 152
3 2124 2325 2326  152 152 152
3 2124 2326 2132  152 152 152
3 2132 2326 2327  152 152 152
3 2132 2327 2142  152 152 152
3 2142 2327 2328  152 152 152
3 2142 2328 2147  152 152 152
3 2147 2328 2329  152 152 152
3 2147 2329 1934  152 152 152
3 1934 2329 2330  152 152 152
3 1934 2330 1933  152 152 152
3 1933 2330 2331  152 152 152
3 1933 2331 2332  152 152 152
3 1933 2332 2149  152 152 152
3 2149 2332 2333  152 152 152
3 2149 2333 2157  152 152 152
3 2157 2333 2334  152 152 152
3 2157 2334 2167  152 152 152
3 2167 2334 2335  152 152 152
3 2167 2335 2172  152 152 152
3 2172 2335 2336  152 152 152
3 2172 2336 1901  152 152 152
3 1901 2336 2337  152 152 152
3 1901 2337 1900  152 152 152
3 1900 2337 2338  152 152 152
3 1900 2338 2174  152 152 152
3 2174 2338 2339  152 152 152
3 2174 2339 2182  152 152 152
3 2182 2339 2340  152 152 152
3 2182 2340 2192  152 152 152
3 2192 2340 2341  152 152 152
3 2192 2341 2197  152 152 152
3 2197 2341 2342  152 152 152
3 2197 2342 1868  152 152 152
3 1868 2342 2343  152 152 152
3 1868 2343 2344  152 152 152
3 1868 2344 1867  152 152 152
3 1867 2344 2345  152 152 152
3 1867 2345 2199  152 152 152
3 2199 2345 2346  152 152 152
3 2199 2346 2207  152 152 152
3 2207 2346 2347  152 152 152
3 2207 2347 2217  152 152 152
3 2217 2347 2348  152 152 152
3 2217 2348 2222  152 152 152
3 2222 2348 2349  152 152 152
3 2222 2349 1835  152 152 152
3 1835 2349 2350  152 152 152
3 1835 2350 1834  152 152 152
3 1834 2350 2351  152 152 152
3 1834 2351 2224  152 152 152
3 2224 2351 2352  152 152 152
3 2224 2352 2232  152 152 152
3 2232 2352 2353  152 152 152
3 2232 2353 2244  152 152 152
3 2244 2353 2354  152 152 152
3 2244 2354 2250  152 152 152
3 2250 2354 2317  152 152 152
3 2250 2317 1816  152 152 152
3 2355 2356 1801  152 152 152
3 1801 2356 2357  152 152 152
3 1801 2357 1799  152 152 152
3 1799 2357 2358  152 152 152
3 1799 2358 1819  152 152 152
3 1819 2358 2359  152 152 152
3 1819 2359 1994  152 152 152
3 1994 2359 2360  152 152 152
3 1994 2360 2002  152 152 152
3 2002 2360 2361  152 152 152
3 2002 2361 2010  152 152 152
3 2010 2361 2362  152 152 152
3 2010 2362 2014  152 152 152
3 2014 2362 2363  152 152 152
3 2014 2363 1850  152 152 152
3 1850 2363 2364  152 152 152
3 1850 2364 1852  152 152 152
3 1852 2364 2365  152 152 152
3 1852 2365 2015  152 152 152
3 2015 2365 2366  152 152 152
3 2015 2366 2023  152 152 152
3 2023 2366 2367  152 152 152
3 2023 2367 2031  152 152 152
3 2031 2367 2368  152 152 152
3 2031 2368 2035  152 152 152
3 2035 2368 2369  152 152 152
3 2035 2369 2370  152 152 152
3 2035 2370 1883  152 152 152
3 1883 2370 2371  152 152 152
3 1883 2371 1885  152 152 152
3 1885 2371 2372  152 152 152
3 1885 2372 2036  152 152 152
3 2036 2372 2373  152 152 152
3 2036 2373 2044  152 152 152
3 2044 2373 2374  152 152 152
3 2044 2374 2052  152 152 152
3 2052 2374 2375  152 152 152
3 2052 2375 2056  152 152 152
3 2056 2375 2376  152 152 152
3 2056 2376 1916  152 152 152
3 1916 2376 2377  152 152 152
3 1916 2377 1918  152 152 152
3 1918 2377 2378  152 152 152
3 1918 2378 2057  152 152 152
3 2057 2378 2379  152 152 152
3 2057 2379 2065  152 152 152
3 2065 2379 2380  152 152 152
3 2065 2380 2073  152 152 152
3 2073 2380 2381  152 152 152
3 2073 2381 2382  152 152 152
3 2073 2382 2077  152 152 152
3 2077 2382 2383  152 152 152
3 2077 2383 1949  152 152 152
3 1949 2383 2384  152 152 152
3 1949 2384 1951  152 152 152
3 1951 2384 2385  152 152 152
3 1951 2385 2078  152 152 152
3 2078 2385 2386  152 152 152
3 2078 2386 2086  152 152 152
3 2086 2386 2387  152 152 152
3 2086 2387 2094  152 152 152
3 2094 2387 2388  152 152 152
3 2094 2388 2098  152 152 152
3 2098 2388 2389  152 152 152
3 2098 2389 1982  152 152 152
3 1982 2389 2390  152 152 152
3 1982 2390 1984  152 152 152
3 1984 2390 2391  152 152 152
3 1984 2391 2099  152 152 152
3 2099 2391 2392  152 152 152
3 2099 2392 2104  152 152 152
3 2104 2392 2355  152 152 152
3 2104 2355 1801  152 152 152
3 2317 665 2318  152 152 152
3 2318 665 663  152 152 152
3 2318 663 2319  152 152 152
3 2319 663 2320  152 152 152
3 2320 663 655  152 152 152
3 2320 655 2321  152 152 152
3 2321 655 648  152 152 152
3 2321 648 2322  152 152 152
3 2322 648 2323  152 152 152
3 2323 648 275  152 152 152
3 2323 275 2324  152 152 152
3 2324 275 276  152 152 152
3 2324 276 2325  152 152 152
3 2325 276 278  152 152 152
3 2325 278 2326  152 152 152
3 2326 278 280  152 152 152
3 2326 280 2327  152 152 152
3 2327 280 1703  152 152 152
3 2327 1703 2328  152 152 152
3 2328 1703 2329  152 152 152
3 2329 1703 2330  152 152 152
3 2330 1703 2331  152 152 152
3 2331 1703 2332  152 152 152
3 2332 1703 1704  152 152 152
3 2332 1704 2333  152 152 152
3 2333 1704 1706  152 152 152
3 2333 1706 1708  152 152 152
3 2317 2354 665  152 152 152
3 665 2354 667  152 152 152
3 667 2354 2353  152 152 152
3 667 2353 669  152 152 152
3 669 2353 2352  152 152 152
3 669 2352 2351  152 152 152
3 669 2351 677  152 152 152
3 677 2351 2350  152 152 152
3 677 2350 680  152 152 152
3 680 2350 2349  152 152 152
3 680 2349 682  152 152 152
3 682 2349 2348  152 152 152
3 682 2348 202  152 152 152
3 202 2348 2347  152 152 152
3 202 2347 1629  152 152 152
3 1629 2347 2346  152 152 152
3 1629 2346 2345  152 152 152
3 2345 2344 1629  152 152 152
3 1629 2344 2343  152 152 152
3 1629 2343 2342  152 152 152
3 1629 2342 1646  152 152 152
3 1646 2342 2341  152 152 152
3 1646 2341 1648  152 152 152
3 1648 2341 1650  152 152 152
3 1650 2341 2340  152 152 152
3 1650 2340 1652  152 152 152
3 1652 2340 2339  152 152 152
3 1652 2339 1654  152 152 152
3 1654 2339 2338  152 152 152
3 1654 2338 1656  152 152 152
3 1656 2338 2337  152 152 152
3 1656 2337 1658  152 152 152
3 1658 2337 1714  152 152 152
3 1714 2337 2336  152 152 152
3 1714 2336 1712  152 152 152
3 1712 2336 2335  152 152 152
3 1712 2335 1710  152 152 152
3 1710 2335 2334  152 152 152
3 1710 2334 1708  152 152 152
3 1708 2334 2333  152 152 152
3 791 1053 17  152 152 152
3 17 1053 1051  152 152 152
3 17 1051 18  152 152 152
3 18 1051 1049  152 152 152
3 18 1049 510  152 152 152
3 510 1049 1047  152 152 152
3 510 1047 509  152 152 152
3 509 1047 1045  152 152 152
3 509 1045 543  152 152 152
3 543 1045 1043  152 152 152
3 543 1043 550  152 152 152
3 550 1043 1041  152 152 152
3 550 1041 558  152 152 152
3 558 1041 1039  152 152 152
3 558 1039 1037  152 152 152
3 1053 791 1055  152 152 152
3 1055 791 788  152 152 152
3 1055 788 1057  152 152 152
3 1057 788 784  152 152 152
3 1057 784 1059  152 152 152
3 1059 784 774  152 152 152
3 1059 774 1061  152 152 152
3 1061 774 772  152 152 152
3 1061 772 1063  152 152 152
3 1063 772 770  152 152 152
3 1063 770 1065  152 152 152
3 1065 770 1067  152 152 152
3 1067 770 768  152 152 152
3 1067 768 1069  152 152 152
3 1069 768 760  152 152 152
3 1069 760 1071  152 152 152
3 1071 760 753  152 152 152
3 1071 753 1073  152 152 152
3 1073 753 41  152 152 152
3 1073 41 1075  152 152 152
3 1075 41 42  152 152 152
3 1075 42 1077  152 152 152
3 1077 42 44  152 152 152
3 1077 44 1079  152 152 152
3 1079 44 46  152 152 152
3 1079 46 1081  152 152 152
3 1081 46 752  152 152 152
3 1081 752 1083  152 152 152
3 1083 752 750  152 152 152
3 1083 750 1085  152 152 152
3 1085 750 747  152 152 152
3 1085 747 1087  152 152 152
3 1087 747 739  152 152 152
3 1087 739 1089  152 152 152
3 1089 739 737  152 152 152
3 1089 737 1091  152 152 152
3 1091 737 1093  152 152 152
3 1093 737 735  152 152 152
3 1093 735 1095  152 152 152
3 1095 735 733  152 152 152
3 1095 733 1097  152 152 152
3 1097 733 725  152 152 152
3 1097 725 1099  152 152 152
3 1099 725 718  152 152 152
3 1099 718 1101  152 152 152
3 1101 718 119  152 152 152
3 1101 119 1103  152 152 152
3 1103 119 120  152 152 152
3 1103 120 1105  152 152 152
3 1105 120 122  152 152 152
3 1105 122 1107  152 152 152
3 1107 122 124  152 152 152
3 1107 124 1109  152 152 152
3 1109 124 717  152 152 152
3 1109 717 1111  152 152 152
3 1111 717 715  152 152 152
3 1111 715 1113  152 152 152
3 1113 715 1115  152 152 152
3 1115 715 712  152 152 152
3 1115 712 1117  152 152 152
3 1117 712 704  152 152 152
3 1117 704 1119  152 152 152
3 1119 704 702  152 152 152
3 1119 702 1121  152 152 152
3 1121 702 700  152 152 152
3 1121 700 1123  152 152 152
3 1123 700 698  152 152 152
3 1123 698 690  152 152 152
3 690 683 1123  152 152 152
3 1123 683 197  152 152 152
3 1123 197 198  152 152 152
3 1123 198 1629  152 152 152
3 1629 198 200  152 152 152
3 1629 200 202  152 152 152
3 280 647 1703  152 152 152
3 1703 647 645  152 152 152
3 1703 645 982  152 152 152
3 982 645 642  152 152 152
3 982 642 634  152 152 152
3 634 632 982  152 152 152
3 982 632 630  152 152 152
3 982 630 628  152 152 152
3 982 628 983  152 152 152
3 983 628 620  152 152 152
3 983 620 985  152 152 152
3 985 620 613  152 152 152
3 985 613 987  152 152 152
3 987 613 353  152 152 152
3 987 353 989  152 152 152
3 989 353 354  152 152 152
3 989 354 991  152 152 152
3 991 354 993  152 152 152
3 993 354 356  152 152 152
3 993 356 995  152 152 152
3 995 356 358  152 152 152
3 995 358 997  152 152 152
3 997 358 612  152 152 152
3 997 612 999  152 152 152
3 999 612 610  152 152 152
3 999 610 1001  152 152 152
3 1001 610 607  152 152 152
3 1001 607 1003  152 152 152
3 1003 607 599  152 152 152
3 1003 599 1005  152 152 152
3 1005 599 597  152 152 152
3 1005 597 1007  152 152 152
3 1007 597 595  152 152 152
3 1007 595 1009  152 152 152
3 1009 595 593  152 152 152
3 1009 593 1011  152 152 152
3 1011 593 585  152 152 152
3 1011 585 1013  152 152 152
3 1013 585 1015  152 152 152
3 1015 585 578  152 152 152
3 1015 578 1017  152 152 152
3 1017 578 431  152 152 152
3 1017 431 1019  152 152 152
3 1019 431 432  152 152 152
3 1019 432 1021  152 152 152
3 1021 432 434  152 152 152
3 1021 434 1023  152 152 152
3 1023 434 436  152 152 152
3 1023 436 1025  152 152 152
3 1025 436 577  152 152 152
3 1025 577 1027  152 152 152
3 1027 577 575  152 152 152
3 1027 575 1029  152 152 152
3 1029 575 572  152 152 152
3 1029 572 1031  152 152 152
3 1031 572 564  152 152 152
3 1031 564 1033  152 152 152
3 1033 564 562  152 152 152
3 1033 562 1035  152 152 152
3 1035 562 560  152 152 152
3 1035 560 1037  152 152 152
3 1037 560 558  152 152 152
3 2355 304 2356  152 152 152
3 2356 304 297  152 152 152
3 2356 297 2357  152 152 152
3 2357 297 2358  152 152 152
3 2358 297 260  152 152 152
3 2358 260 2359  152 152 152
3 2359 260 258  152 152 152
3 2359 258 2360  152 152 152
3 2360 258 2361  152 152 152
3 2361 258 256  152 152 152
3 2361 256 2362  152 152 152
3 2362 256 254  152 152 152
3 2362 254 2363  152 152 152
3 2363 254 218  152 152 152
3 2363 218 2364  152 152 152
3 2364 218 217  152 152 152
3 2364 217 2365  152 152 152
3 2365 217 1621  152 152 152
3 2365 1621 2366  152 152 152
3 2366 1621 2367  152 152 152
3 2367 1621 2368  152 152 152
3 2368 1621 2369  152 152 152
3 2369 1621 2370  152 152 152
3 2370 1621 1637  152 152 152
3 2370 1637 2371  152 152 152
3 2371 1637 1724  152 152 152
3 2371 1724 1722  152 152 152
3 2355 2392 304  152 152 152
3 304 2392 311  152 152 152
3 311 2392 2391  152 152 152
3 311 2391 318  152 152 152
3 318 2391 2390  152 152 152
3 318 2390 2389  152 152 152
3 318 2389 325  152 152 152
3 325 2389 2388  152 152 152
3 325 2388 327  152 152 152
3 327 2388 2387  152 152 152
3 327 2387 329  152 152 152
3 329 2387 2386  152 152 152
3 329 2386 295  152 152 152
3 295 2386 2385  152 152 152
3 295 2385 1688  152 152 152
3 1688 2385 2384  152 152 152
3 1688 2384 2383  152 152 152
3 2383 2382 1688  152 152 152
3 1688 2382 2381  152 152 152
3 1688 2381 2380  152 152 152
3 1688 2380 1686  152 152 152
3 1686 2380 2379  152 152 152
3 1686 2379 1684  152 152 152
3 1684 2379 1682  152 152 152
3 1682 2379 2378  152 152 152
3 1682 2378 1680  152 152 152
3 1680 2378 2377  152 152 152
3 1680 2377 1678  152 152 152
3 1678 2377 2376  152 152 152
3 1678 2376 1676  152 152 152
3 1676 2376 2375  152 152 152
3 1676 2375 1675  152 152 152
3 1675 2375 1716  152 152 152
3 1716 2375 2374  152 152 152
3 1716 2374 1718  152 152 152
3 1718 2374 2373  152 152 152
3 1718 2373 1720  152 152 152
3 1720 2373 2372  152 152 152
3 1720 2372 1722  152 152 152
3 1722 2372 2371  152 152 152
3 542 1388 2  152 152 152
3 2 1388 1381  152 152 152
3 2 1381 0  152 152 152
3 0 1381 1374  152 152 152
3 0 1374 20  152 152 152
3 20 1374 1367  152 152 152
3 20 1367 22  152 152 152
3 22 1367 1360  152 152 152
3 22 1360 24  152 152 152
3 24 1360 1353  152 152 152
3 24 1353 26  152 152 152
3 26 1353 1346  152 152 152
3 26 1346 63  152 152 152
3 63 1346 1339  152 152 152
3 63 1339 1332  152 152 152
3 1388 542 1395  152 152 152
3 1395 542 540  152 152 152
3 1395 540 1402  152 152 152
3 1402 540 538  152 152 152
3 1402 538 1409  152 152 152
3 1409 538 532  152 152 152
3 1409 532 1416  152 152 152
3 1416 532 526  152 152 152
3 1416 526 1423  152 152 152
3 1423 526 519  152 152 152
3 1423 519 1430  152 152 152
3 1430 519 1437  152 152 152
3 1437 519 512  152 152 152
3 1437 512 1444  152 152 152
3 1444 512 494  152 152 152
3 1444 494 1451  152 152 152
3 1451 494 492  152 152 152
3 1451 492 1458  152 152 152
3 1458 492 490  152 152 152
3 1458 490 1465  152 152 152
3 1465 490 488  152 152 152
3 1465 488 1472  152 152 152
3 1472 488 452  152 152 152
3 1472 452 1479  152 152 152
3 1479 452 451  152 152 152
3 1479 451 1486  152 152 152
3 1486 451 485  152 152 152
3 1486 485 1493  152 152 152
3 1493 485 483  152 152 152
3 1493 483 1500  152 152 152
3 1500 483 481  152 152 152
3 1500 481 1507  152 152 152
3 1507 481 474  152 152 152
3 1507 474 1514  152 152 152
3 1514 474 467  152 152 152
3 1514 467 1521  152 152 152
3 1521 467 1528  152 152 152
3 1528 467 460  152 152 152
3 1528 460 1535  152 152 152
3 1535 460 453  152 152 152
3 1535 453 1542  152 152 152
3 1542 453 416  152 152 152
3 1542 416 1549  152 152 152
3 1549 416 414  152 152 152
3 1549 414 1556  152 152 152
3 1556 414 412  152 152 152
3 1556 412 1563  152 152 152
3 1563 412 410  152 152 152
3 1563 410 1570  152 152 152
3 1570 410 374  152 152 152
3 1570 374 1577  152 152 152
3 1577 374 373  152 152 152
3 1577 373 1584  152 152 152
3 1584 373 407  152 152 152
3 1584 407 1591  152 152 152
3 1591 407 405  152 152 152
3 1591 405 1597  152 152 152
3 1597 405 1602  152 152 152
3 1602 405 403  152 152 152
3 1602 403 1606  152 152 152
3 1606 403 396  152 152 152
3 1606 396 1609  152 152 152
3 1609 396 389  152 152 152
3 1609 389 966  152 152 152
3 966 389 382  152 152 152
3 966 382 967  152 152 152
3 967 382 375  152 152 152
3 967 375 338  152 152 152
3 338 336 967  152 152 152
3 967 336 334  152 152 152
3 967 334 332  152 152 152
3 967 332 1688  152 152 152
3 1688 332 296  152 152 152
3 1688 296 295  152 152 152
3 217 251 1621  152 152 152
3 1621 251 249  152 152 152
3 1621 249 1137  152 152 152
3 1137 249 247  152 152 152
3 1137 247 240  152 152 152
3 240 233 1137  152 152 152
3 1137 233 226  152 152 152
3 1137 226 219  152 152 152
3 1137 219 1138  152 152 152
3 1138 219 182  152 152 152
3 1138 182 1150  152 152 152
3 1150 182 180  152 152 152
3 1150 180 1157  152 152 152
3 1157 180 178  152 152 152
3 1157 178 1164  152 152 152
3 1164 178 176  152 152 152
3 1164 176 1171  152 152 152
3 1171 176 1178  152 152 152
3 1178 176 140  152 152 152
3 1178 140 1185  152 152 152
3 1185 140 139  152 152 152
3 1185 139 1192  152 152 152
3 1192 139 173  152 152 152
3 1192 173 1199  152 152 152
3 1199 173 171  152 152 152
3 1199 171 1206  152 152 152
3 1206 171 169  152 152 152
3 1206 169 1213  152 152 152
3 1213 169 162  152 152 152
3 1213 162 1220  152 152 152
3 1220 162 155  152 152 152
3 1220 155 1227  152 152 152
3 1227 155 148  152 152 152
3 1227 148 1234  152 152 152
3 1234 148 141  152 152 152
3 1234 141 1241  152 152 152
3 1241 141 104  152 152 152
3 1241 104 1248  152 152 152
3 1248 104 1255  152 152 152
3 1255 104 102  152 152 152
3 1255 102 1262  152 152 152
3 1262 102 100  152 152 152
3 1262 100 1269  152 152 152
3 1269 100 98  152 152 152
3 1269 98 1276  152 152 152
3 1276 98 62  152 152 152
3 1276 62 1283  152 152 152
3 1283 62 61  152 152 152
3 1283 61 1290  152 152 152
3 1290 61 95  152 152 152
3 1290 95 1297  152 152 152
3 1297 95 93  152 152 152
3 1297 93 1304  152 152 152
3 1304 93 91  152 152 152
3 1304 91 1311  152 152 152
3 1311 91 84  152 152 152
3 1311 84 1318  152 152 152
3 1318 84 77  152 152 152
3 1318 77 1325  152 152 152
3 1325 77 70  152 152 152
3 1325 70 1332  152 152 152
3 1332 70 63  152 152 152
